step,time,link_id,v1_x,v1_y,v2_x,v2_y,mid_x,mid_y,radius,scv_flux,loop_flux,delta_flux
0,0.00000000,1,1,1,2,1,1.500000,1.000000,3.201562118716,0.000000000000,0.000000000000,0.000000000000
0,0.00000000,2,2,1,3,1,2.500000,1.000000,2.500000000000,0.000000000000,0.000000000000,0.000000000000
0,0.00000000,3,3,1,4,1,3.500000,1.000000,2.061552812809,0.000000000000,0.000000000000,0.000000000000
0,0.00000000,4,4,1,5,1,4.500000,1.000000,2.061552812809,0.000000000000,0.000000000000,0.000000000000
0,0.00000000,5,5,1,6,1,5.500000,1.000000,2.500000000000,0.000000000000,0.000000000000,0.000000000000
0,0.00000000,6,6,1,7,1,6.500000,1.000000,3.201562118716,0.000000000000,0.000000000000,0.000000000000
0,0.00000000,7,7,1,8,1,7.500000,1.000000,4.031128874149,0.000000000000,0.000000000000,0.000000000000
0,0.00000000,8,1,2,2,2,1.500000,2.000000,2.692582403567,0.000000000000,0.000000000000,0.000000000000
0,0.00000000,9,2,2,3,2,2.500000,2.000000,1.802775637732,0.000000000000,0.000000000000,0.000000000000
0,0.00000000,10,3,2,4,2,3.500000,2.000000,1.118033988750,0.000000000000,0.000000000000,0.000000000000
0,0.00000000,11,4,2,5,2,4.500000,2.000000,1.118033988750,0.000000000000,0.000000000000,0.000000000000
0,0.00000000,12,5,2,6,2,5.500000,2.000000,1.802775637732,0.000000000000,0.000000000000,0.000000000000
0,0.00000000,13,6,2,7,2,6.500000,2.000000,2.692582403567,0.000000000000,0.000000000000,0.000000000000
0,0.00000000,14,7,2,8,2,7.500000,2.000000,3.640054944640,0.000000000000,0.000000000000,0.000000000000
0,0.00000000,15,1,3,2,3,1.500000,3.000000,2.500000000000,0.000000000000,0.000000000000,0.000000000000
0,0.00000000,16,2,3,3,3,2.500000,3.000000,1.500000000000,0.000000000000,0.000000000000,0.000000000000
0,0.00000000,17,3,3,4,3,3.500000,3.000000,0.500000000000,0.000000000000,1.000000000000,1.000000000000
0,0.00000000,18,4,3,5,3,4.500000,3.000000,0.500000000000,0.000000000000,1.000000000000,1.000000000000
0,0.00000000,19,5,3,6,3,5.500000,3.000000,1.500000000000,0.000000000000,0.000000000000,0.000000000000
0,0.00000000,20,6,3,7,3,6.500000,3.000000,2.500000000000,0.000000000000,0.000000000000,0.000000000000
0,0.00000000,21,7,3,8,3,7.500000,3.000000,3.500000000000,0.000000000000,0.000000000000,0.000000000000
0,0.00000000,22,1,4,2,4,1.500000,4.000000,2.692582403567,0.000000000000,0.000000000000,0.000000000000
0,0.00000000,23,2,4,3,4,2.500000,4.000000,1.802775637732,0.000000000000,0.000000000000,0.000000000000
0,0.00000000,24,3,4,4,4,3.500000,4.000000,1.118033988750,0.000000000000,0.000000000000,0.000000000000
0,0.00000000,25,4,4,5,4,4.500000,4.000000,1.118033988750,0.000000000000,0.000000000000,0.000000000000
0,0.00000000,26,5,4,6,4,5.500000,4.000000,1.802775637732,0.000000000000,0.000000000000,0.000000000000
0,0.00000000,27,6,4,7,4,6.500000,4.000000,2.692582403567,0.000000000000,0.000000000000,0.000000000000
0,0.00000000,28,7,4,8,4,7.500000,4.000000,3.640054944640,0.000000000000,0.000000000000,0.000000000000
0,0.00000000,29,1,5,2,5,1.500000,5.000000,3.201562118716,0.000000000000,0.000000000000,0.000000000000
0,0.00000000,30,2,5,3,5,2.500000,5.000000,2.500000000000,0.000000000000,0.000000000000,0.000000000000
0,0.00000000,31,3,5,4,5,3.500000,5.000000,2.061552812809,0.000000000000,0.000000000000,0.000000000000
0,0.00000000,32,4,5,5,5,4.500000,5.000000,2.061552812809,0.000000000000,0.000000000000,0.000000000000
0,0.00000000,33,5,5,6,5,5.500000,5.000000,2.500000000000,0.000000000000,0.000000000000,0.000000000000
0,0.00000000,34,6,5,7,5,6.500000,5.000000,3.201562118716,0.000000000000,0.000000000000,0.000000000000
0,0.00000000,35,7,5,8,5,7.500000,5.000000,4.031128874149,0.000000000000,0.000000000000,0.000000000000
0,0.00000000,36,1,6,2,6,1.500000,6.000000,3.905124837953,0.000000000000,0.000000000000,0.000000000000
0,0.00000000,37,2,6,3,6,2.500000,6.000000,3.354101966250,0.000000000000,0.000000000000,0.000000000000
0,0.00000000,38,3,6,4,6,3.500000,6.000000,3.041381265149,0.000000000000,0.000000000000,0.000000000000
0,0.00000000,39,4,6,5,6,4.500000,6.000000,3.041381265149,0.000000000000,0.000000000000,0.000000000000
0,0.00000000,40,5,6,6,6,5.500000,6.000000,3.354101966250,0.000000000000,0.000000000000,0.000000000000
0,0.00000000,41,6,6,7,6,6.500000,6.000000,3.905124837953,0.000000000000,0.000000000000,0.000000000000
0,0.00000000,42,7,6,8,6,7.500000,6.000000,4.609772228646,0.000000000000,0.000000000000,0.000000000000
0,0.00000000,43,1,1,1,2,1.000000,1.500000,3.354101966250,0.000000000000,0.000000000000,0.000000000000
0,0.00000000,44,2,1,2,2,2.000000,1.500000,2.500000000000,0.000000000000,0.000000000000,0.000000000000
0,0.00000000,45,3,1,3,2,3.000000,1.500000,1.802775637732,0.000000000000,0.000000000000,0.000000000000
0,0.00000000,46,4,1,4,2,4.000000,1.500000,1.500000000000,0.000000000000,0.000000000000,0.000000000000
0,0.00000000,47,5,1,5,2,5.000000,1.500000,1.802775637732,0.000000000000,0.000000000000,0.000000000000
0,0.00000000,48,6,1,6,2,6.000000,1.500000,2.500000000000,0.000000000000,0.000000000000,0.000000000000
0,0.00000000,49,7,1,7,2,7.000000,1.500000,3.354101966250,0.000000000000,0.000000000000,0.000000000000
0,0.00000000,50,8,1,8,2,8.000000,1.500000,4.272001872659,0.000000000000,0.000000000000,0.000000000000
0,0.00000000,51,1,2,1,3,1.000000,2.500000,3.041381265149,0.000000000000,0.000000000000,0.000000000000
0,0.00000000,52,2,2,2,3,2.000000,2.500000,2.061552812809,0.000000000000,0.000000000000,0.000000000000
0,0.00000000,53,3,2,3,3,3.000000,2.500000,1.118033988750,0.000000000000,0.000000000000,0.000000000000
0,0.00000000,54,4,2,4,3,4.000000,2.500000,0.500000000000,0.000000000000,1.000000000000,1.000000000000
0,0.00000000,55,5,2,5,3,5.000000,2.500000,1.118033988750,0.000000000000,0.000000000000,0.000000000000
0,0.00000000,56,6,2,6,3,6.000000,2.500000,2.061552812809,0.000000000000,0.000000000000,0.000000000000
0,0.00000000,57,7,2,7,3,7.000000,2.500000,3.041381265149,0.000000000000,0.000000000000,0.000000000000
0,0.00000000,58,8,2,8,3,8.000000,2.500000,4.031128874149,0.000000000000,0.000000000000,0.000000000000
0,0.00000000,59,1,3,1,4,1.000000,3.500000,3.041381265149,0.000000000000,0.000000000000,0.000000000000
0,0.00000000,60,2,3,2,4,2.000000,3.500000,2.061552812809,0.000000000000,0.000000000000,0.000000000000
0,0.00000000,61,3,3,3,4,3.000000,3.500000,1.118033988750,0.000000000000,0.000000000000,0.000000000000
0,0.00000000,62,4,3,4,4,4.000000,3.500000,0.500000000000,0.000000000000,1.000000000000,1.000000000000
0,0.00000000,63,5,3,5,4,5.000000,3.500000,1.118033988750,0.000000000000,0.000000000000,0.000000000000
0,0.00000000,64,6,3,6,4,6.000000,3.500000,2.061552812809,0.000000000000,0.000000000000,0.000000000000
0,0.00000000,65,7,3,7,4,7.000000,3.500000,3.041381265149,0.000000000000,0.000000000000,0.000000000000
0,0.00000000,66,8,3,8,4,8.000000,3.500000,4.031128874149,0.000000000000,0.000000000000,0.000000000000
0,0.00000000,67,1,4,1,5,1.000000,4.500000,3.354101966250,0.000000000000,0.000000000000,0.000000000000
0,0.00000000,68,2,4,2,5,2.000000,4.500000,2.500000000000,0.000000000000,0.000000000000,0.000000000000
0,0.00000000,69,3,4,3,5,3.000000,4.500000,1.802775637732,0.000000000000,0.000000000000,0.000000000000
0,0.00000000,70,4,4,4,5,4.000000,4.500000,1.500000000000,0.000000000000,0.000000000000,0.000000000000
0,0.00000000,71,5,4,5,5,5.000000,4.500000,1.802775637732,0.000000000000,0.000000000000,0.000000000000
0,0.00000000,72,6,4,6,5,6.000000,4.500000,2.500000000000,0.000000000000,0.000000000000,0.000000000000
0,0.00000000,73,7,4,7,5,7.000000,4.500000,3.354101966250,0.000000000000,0.000000000000,0.000000000000
0,0.00000000,74,8,4,8,5,8.000000,4.500000,4.272001872659,0.000000000000,0.000000000000,0.000000000000
0,0.00000000,75,1,5,1,6,1.000000,5.500000,3.905124837953,0.000000000000,0.000000000000,0.000000000000
0,0.00000000,76,2,5,2,6,2.000000,5.500000,3.201562118716,0.000000000000,0.000000000000,0.000000000000
0,0.00000000,77,3,5,3,6,3.000000,5.500000,2.692582403567,0.000000000000,0.000000000000,0.000000000000
0,0.00000000,78,4,5,4,6,4.000000,5.500000,2.500000000000,0.000000000000,0.000000000000,0.000000000000
0,0.00000000,79,5,5,5,6,5.000000,5.500000,2.692582403567,0.000000000000,0.000000000000,0.000000000000
0,0.00000000,80,6,5,6,6,6.000000,5.500000,3.201562118716,0.000000000000,0.000000000000,0.000000000000
0,0.00000000,81,7,5,7,6,7.000000,5.500000,3.905124837953,0.000000000000,0.000000000000,0.000000000000
0,0.00000000,82,8,5,8,6,8.000000,5.500000,4.716990566028,0.000000000000,0.000000000000,0.000000000000
1,0.02500000,1,1,1,2,1,1.500000,1.000000,3.201562118716,0.006001236353,0.006001236353,0.000000000000
1,0.02500000,2,2,1,3,1,2.500000,1.000000,2.500000000000,0.005991875114,0.005991875114,0.000000000000
1,0.02500000,3,3,1,4,1,3.500000,1.000000,2.061552812809,0.005991875114,0.005991875114,0.000000000000
1,0.02500000,4,4,1,5,1,4.500000,1.000000,2.061552812809,0.005991875114,0.005991875114,0.000000000000
1,0.02500000,5,5,1,6,1,5.500000,1.000000,2.500000000000,0.005991875114,0.005991875114,0.000000000000
1,0.02500000,6,6,1,7,1,6.500000,1.000000,3.201562118716,0.005991875114,0.005991875114,0.000000000000
1,0.02500000,7,7,1,8,1,7.500000,1.000000,4.031128874149,0.006001236353,0.006001236353,0.000000000000
1,0.02500000,8,1,2,2,2,1.500000,2.000000,2.692582403567,0.005978813467,0.005978813467,0.000000000000
1,0.02500000,9,2,2,3,2,2.500000,2.000000,1.802775637732,0.005965751643,0.005965751643,0.000000000000
1,0.02500000,10,3,2,4,2,3.500000,2.000000,1.118033988750,0.005965751643,0.005988163531,0.000022411889
1,0.02500000,11,4,2,5,2,4.500000,2.000000,1.118033988750,0.005965751643,0.005988163531,0.000022411889
1,0.02500000,12,5,2,6,2,5.500000,2.000000,1.802775637732,0.005965751643,0.005965751643,-0.000000000000
1,0.02500000,13,6,2,7,2,6.500000,2.000000,2.692582403567,0.005965751643,0.005965751643,-0.000000000000
1,0.02500000,14,7,2,8,2,7.500000,2.000000,3.640054944640,0.005978813467,0.005978813467,-0.000000000000
1,0.02500000,15,1,3,2,3,1.500000,3.000000,2.500000000000,0.005978813467,0.005978813467,0.000000000000
1,0.02500000,16,2,3,3,3,2.500000,3.000000,1.500000000000,0.005965751643,0.005988163531,0.000022411889
1,0.02500000,17,3,3,4,3,3.500000,3.000000,0.500000000000,0.005965751643,0.994011746178,0.988045994536
1,0.02500000,18,4,3,5,3,4.500000,3.000000,0.500000000000,0.005965751643,0.994011746178,0.988045994536
1,0.02500000,19,5,3,6,3,5.500000,3.000000,1.500000000000,0.005965751643,0.005988163531,0.000022411889
1,0.02500000,20,6,3,7,3,6.500000,3.000000,2.500000000000,0.005965751643,0.005965751643,0.000000000000
1,0.02500000,21,7,3,8,3,7.500000,3.000000,3.500000000000,0.005978813467,0.005978813467,0.000000000000
1,0.02500000,22,1,4,2,4,1.500000,4.000000,2.692582403567,0.005978813467,0.005978813467,0.000000000000
1,0.02500000,23,2,4,3,4,2.500000,4.000000,1.802775637732,0.005965751643,0.005965751643,0.000000000000
1,0.02500000,24,3,4,4,4,3.500000,4.000000,1.118033988750,0.005965751643,0.005988163531,0.000022411889
1,0.02500000,25,4,4,5,4,4.500000,4.000000,1.118033988750,0.005965751643,0.005988163531,0.000022411889
1,0.02500000,26,5,4,6,4,5.500000,4.000000,1.802775637732,0.005965751643,0.005965751643,-0.000000000000
1,0.02500000,27,6,4,7,4,6.500000,4.000000,2.692582403567,0.005965751643,0.005965751643,-0.000000000000
1,0.02500000,28,7,4,8,4,7.500000,4.000000,3.640054944640,0.005978813467,0.005978813467,-0.000000000000
1,0.02500000,29,1,5,2,5,1.500000,5.000000,3.201562118716,0.005978813467,0.005978813467,0.000000000000
1,0.02500000,30,2,5,3,5,2.500000,5.000000,2.500000000000,0.005965751643,0.005965751643,0.000000000000
1,0.02500000,31,3,5,4,5,3.500000,5.000000,2.061552812809,0.005965751643,0.005965751643,0.000000000000
1,0.02500000,32,4,5,5,5,4.500000,5.000000,2.061552812809,0.005965751643,0.005965751643,0.000000000000
1,0.02500000,33,5,5,6,5,5.500000,5.000000,2.500000000000,0.005965751643,0.005965751643,0.000000000000
1,0.02500000,34,6,5,7,5,6.500000,5.000000,3.201562118716,0.005965751643,0.005965751643,0.000000000000
1,0.02500000,35,7,5,8,5,7.500000,5.000000,4.031128874149,0.005978813467,0.005978813467,0.000000000000
1,0.02500000,36,1,6,2,6,1.500000,6.000000,3.905124837953,0.006001236353,0.006001236353,0.000000000000
1,0.02500000,37,2,6,3,6,2.500000,6.000000,3.354101966250,0.005991875114,0.005991875114,0.000000000000
1,0.02500000,38,3,6,4,6,3.500000,6.000000,3.041381265149,0.005991875114,0.005991875114,0.000000000000
1,0.02500000,39,4,6,5,6,4.500000,6.000000,3.041381265149,0.005991875114,0.005991875114,0.000000000000
1,0.02500000,40,5,6,6,6,5.500000,6.000000,3.354101966250,0.005991875114,0.005991875114,0.000000000000
1,0.02500000,41,6,6,7,6,6.500000,6.000000,3.905124837953,0.005991875114,0.005991875114,0.000000000000
1,0.02500000,42,7,6,8,6,7.500000,6.000000,4.609772228646,0.006001236353,0.006001236353,0.000000000000
1,0.02500000,43,1,1,1,2,1.000000,1.500000,3.354101966250,0.006001236353,0.006001236353,0.000000000000
1,0.02500000,44,2,1,2,2,2.000000,1.500000,2.500000000000,0.005978813467,0.005978813467,0.000000000000
1,0.02500000,45,3,1,3,2,3.000000,1.500000,1.802775637732,0.005978813467,0.005978813467,0.000000000000
1,0.02500000,46,4,1,4,2,4.000000,1.500000,1.500000000000,0.005978813467,0.006001225073,0.000022411606
1,0.02500000,47,5,1,5,2,5.000000,1.500000,1.802775637732,0.005978813467,0.005978813467,-0.000000000000
1,0.02500000,48,6,1,6,2,6.000000,1.500000,2.500000000000,0.005978813467,0.005978813467,-0.000000000000
1,0.02500000,49,7,1,7,2,7.000000,1.500000,3.354101966250,0.005978813467,0.005978813467,-0.000000000000
1,0.02500000,50,8,1,8,2,8.000000,1.500000,4.272001872659,0.006001236353,0.006001236353,-0.000000000000
1,0.02500000,51,1,2,1,3,1.000000,2.500000,3.041381265149,0.005991875114,0.005991875114,-0.000000000000
1,0.02500000,52,2,2,2,3,2.000000,2.500000,2.061552812809,0.005965751643,0.005965751643,0.000000000000
1,0.02500000,53,3,2,3,3,3.000000,2.500000,1.118033988750,0.005965751643,0.005988163531,0.000022411889
1,0.02500000,54,4,2,4,3,4.000000,2.500000,0.500000000000,0.005965751643,0.994011746178,0.988045994536
1,0.02500000,55,5,2,5,3,5.000000,2.500000,1.118033988750,0.005965751643,0.005988163531,0.000022411889
1,0.02500000,56,6,2,6,3,6.000000,2.500000,2.061552812809,0.005965751643,0.005965751643,-0.000000000000
1,0.02500000,57,7,2,7,3,7.000000,2.500000,3.041381265149,0.005965751643,0.005965751643,0.000000000000
1,0.02500000,58,8,2,8,3,8.000000,2.500000,4.031128874149,0.005991875114,0.005991875114,0.000000000000
1,0.02500000,59,1,3,1,4,1.000000,3.500000,3.041381265149,0.005991875114,0.005991875114,-0.000000000000
1,0.02500000,60,2,3,2,4,2.000000,3.500000,2.061552812809,0.005965751643,0.005965751643,-0.000000000000
1,0.02500000,61,3,3,3,4,3.000000,3.500000,1.118033988750,0.005965751643,0.005988163531,0.000022411889
1,0.02500000,62,4,3,4,4,4.000000,3.500000,0.500000000000,0.005965751643,0.994011746178,0.988045994536
1,0.02500000,63,5,3,5,4,5.000000,3.500000,1.118033988750,0.005965751643,0.005988163531,0.000022411889
1,0.02500000,64,6,3,6,4,6.000000,3.500000,2.061552812809,0.005965751643,0.005965751643,-0.000000000000
1,0.02500000,65,7,3,7,4,7.000000,3.500000,3.041381265149,0.005965751643,0.005965751643,-0.000000000000
1,0.02500000,66,8,3,8,4,8.000000,3.500000,4.031128874149,0.005991875114,0.005991875114,0.000000000000
1,0.02500000,67,1,4,1,5,1.000000,4.500000,3.354101966250,0.005991875114,0.005991875114,-0.000000000000
1,0.02500000,68,2,4,2,5,2.000000,4.500000,2.500000000000,0.005965751643,0.005965751643,-0.000000000000
1,0.02500000,69,3,4,3,5,3.000000,4.500000,1.802775637732,0.005965751643,0.005965751643,0.000000000000
1,0.02500000,70,4,4,4,5,4.000000,4.500000,1.500000000000,0.005965751643,0.005988163531,0.000022411889
1,0.02500000,71,5,4,5,5,5.000000,4.500000,1.802775637732,0.005965751643,0.005965751643,0.000000000000
1,0.02500000,72,6,4,6,5,6.000000,4.500000,2.500000000000,0.005965751643,0.005965751643,0.000000000000
1,0.02500000,73,7,4,7,5,7.000000,4.500000,3.354101966250,0.005965751643,0.005965751643,0.000000000000
1,0.02500000,74,8,4,8,5,8.000000,4.500000,4.272001872659,0.005991875114,0.005991875114,0.000000000000
1,0.02500000,75,1,5,1,6,1.000000,5.500000,3.905124837953,0.006001236353,0.006001236353,-0.000000000000
1,0.02500000,76,2,5,2,6,2.000000,5.500000,3.201562118716,0.005978813467,0.005978813467,-0.000000000000
1,0.02500000,77,3,5,3,6,3.000000,5.500000,2.692582403567,0.005978813467,0.005978813467,0.000000000000
1,0.02500000,78,4,5,4,6,4.000000,5.500000,2.500000000000,0.005978813467,0.005978813467,0.000000000000
1,0.02500000,79,5,5,5,6,5.000000,5.500000,2.692582403567,0.005978813467,0.005978813467,0.000000000000
1,0.02500000,80,6,5,6,6,6.000000,5.500000,3.201562118716,0.005978813467,0.005978813467,-0.000000000000
1,0.02500000,81,7,5,7,6,7.000000,5.500000,3.905124837953,0.005978813467,0.005978813467,0.000000000000
1,0.02500000,82,8,5,8,6,8.000000,5.500000,4.716990566028,0.006001236353,0.006001236353,-0.000000000000
2,0.05000000,1,1,1,2,1,1.500000,1.000000,3.201562118716,0.023621035537,0.023621035537,-0.000000000000
2,0.05000000,2,2,1,3,1,2.500000,1.000000,2.500000000000,0.023548210012,0.023548210012,0.000000000000
2,0.05000000,3,3,1,4,1,3.500000,1.000000,2.061552812809,0.023548209128,0.023548211335,0.000000002207
2,0.05000000,4,4,1,5,1,4.500000,1.000000,2.061552812809,0.023548209128,0.023548211335,0.000000002207
2,0.05000000,5,5,1,6,1,5.500000,1.000000,2.500000000000,0.023548209128,0.023548209128,0.000000000000
2,0.05000000,6,6,1,7,1,6.500000,1.000000,3.201562118716,0.023548210012,0.023548210012,0.000000000000
2,0.05000000,7,7,1,8,1,7.500000,1.000000,4.031128874149,0.023621035537,0.023621035537,0.000000000000
2,0.05000000,8,1,2,2,2,1.500000,2.000000,2.692582403567,0.023447248385,0.023447248385,0.000000000000
2,0.05000000,9,2,2,3,2,2.500000,2.000000,1.802775637732,0.023346273199,0.023346279756,0.000000006556
2,0.05000000,10,3,2,4,2,3.500000,2.000000,1.118033988750,0.023346271234,0.023519694074,0.000173422841
2,0.05000000,11,4,2,5,2,4.500000,2.000000,1.118033988750,0.023346271234,0.023519694074,0.000173422841
2,0.05000000,12,5,2,6,2,5.500000,2.000000,1.802775637732,0.023346271234,0.023346277790,0.000000006556
2,0.05000000,13,6,2,7,2,6.500000,2.000000,2.692582403567,0.023346273199,0.023346273199,0.000000000000
2,0.05000000,14,7,2,8,2,7.500000,2.000000,3.640054944640,0.023447248385,0.023447248385,0.000000000000
2,0.05000000,15,1,3,2,3,1.500000,3.000000,2.500000000000,0.023447245535,0.023447248813,0.000000003278
2,0.05000000,16,2,3,3,3,2.500000,3.000000,1.500000000000,0.023346269268,0.023519690123,0.000173420855
2,0.05000000,17,3,3,4,3,3.500000,3.000000,0.500000000000,0.023346267302,0.976477502820,0.953131235517
2,0.05000000,18,4,3,5,3,4.500000,3.000000,0.500000000000,0.023346267302,0.976477502820,0.953131235517
2,0.05000000,19,5,3,6,3,5.500000,3.000000,1.500000000000,0.023346267302,0.023519688157,0.000173420855
2,0.05000000,20,6,3,7,3,6.500000,3.000000,2.500000000000,0.023346269268,0.023346272546,0.000000003278
2,0.05000000,21,7,3,8,3,7.500000,3.000000,3.500000000000,0.023447245535,0.023447245535,-0.000000000000
2,0.05000000,22,1,4,2,4,1.500000,4.000000,2.692582403567,0.023447245535,0.023447245535,-0.000000000000
2,0.05000000,23,2,4,3,4,2.500000,4.000000,1.802775637732,0.023346269268,0.023346275824,0.000000006556
2,0.05000000,24,3,4,4,4,3.500000,4.000000,1.118033988750,0.023346267302,0.023519691435,0.000173424133
2,0.05000000,25,4,4,5,4,4.500000,4.000000,1.118033988750,0.023346267302,0.023519691435,0.000173424133
2,0.05000000,26,5,4,6,4,5.500000,4.000000,1.802775637732,0.023346267302,0.023346273859,0.000000006556
2,0.05000000,27,6,4,7,4,6.500000,4.000000,2.692582403567,0.023346269268,0.023346269268,0.000000000000
2,0.05000000,28,7,4,8,4,7.500000,4.000000,3.640054944640,0.023447245535,0.023447245535,-0.000000000000
2,0.05000000,29,1,5,2,5,1.500000,5.000000,3.201562118716,0.023447248385,0.023447248385,0.000000000000
2,0.05000000,30,2,5,3,5,2.500000,5.000000,2.500000000000,0.023346273199,0.023346273199,0.000000000000
2,0.05000000,31,3,5,4,5,3.500000,5.000000,2.061552812809,0.023346271234,0.023346274512,0.000000003278
2,0.05000000,32,4,5,5,5,4.500000,5.000000,2.061552812809,0.023346271234,0.023346274512,0.000000003278
2,0.05000000,33,5,5,6,5,5.500000,5.000000,2.500000000000,0.023346271234,0.023346271234,-0.000000000000
2,0.05000000,34,6,5,7,5,6.500000,5.000000,3.201562118716,0.023346273199,0.023346273199,0.000000000000
2,0.05000000,35,7,5,8,5,7.500000,5.000000,4.031128874149,0.023447248385,0.023447248385,0.000000000000
2,0.05000000,36,1,6,2,6,1.500000,6.000000,3.905124837953,0.023621035537,0.023621035537,0.000000000000
2,0.05000000,37,2,6,3,6,2.500000,6.000000,3.354101966250,0.023548210012,0.023548210012,0.000000000000
2,0.05000000,38,3,6,4,6,3.500000,6.000000,3.041381265149,0.023548209128,0.023548209128,0.000000000000
2,0.05000000,39,4,6,5,6,4.500000,6.000000,3.041381265149,0.023548209128,0.023548209128,-0.000000000000
2,0.05000000,40,5,6,6,6,5.500000,6.000000,3.354101966250,0.023548209128,0.023548209128,-0.000000000000
2,0.05000000,41,6,6,7,6,6.500000,6.000000,3.905124837953,0.023548210012,0.023548210012,-0.000000000000
2,0.05000000,42,7,6,8,6,7.500000,6.000000,4.609772228646,0.023621035537,0.023621035537,0.000000000000
2,0.05000000,43,1,1,1,2,1.000000,1.500000,3.354101966250,0.023621035537,0.023621035537,-0.000000000000
2,0.05000000,44,2,1,2,2,2.000000,1.500000,2.500000000000,0.023447248385,0.023447248385,0.000000000000
2,0.05000000,45,3,1,3,2,3.000000,1.500000,1.802775637732,0.023447245535,0.023447252091,0.000000006556
2,0.05000000,46,4,1,4,2,4.000000,1.500000,1.500000000000,0.023447245535,0.023620647003,0.000173401468
2,0.05000000,47,5,1,5,2,5.000000,1.500000,1.802775637732,0.023447245535,0.023447252091,0.000000006556
2,0.05000000,48,6,1,6,2,6.000000,1.500000,2.500000000000,0.023447245535,0.023447245535,0.000000000000
2,0.05000000,49,7,1,7,2,7.000000,1.500000,3.354101966250,0.023447248385,0.023447248385,0.000000000000
2,0.05000000,50,8,1,8,2,8.000000,1.500000,4.272001872659,0.023621035537,0.023621035537,0.000000000000
2,0.05000000,51,1,2,1,3,1.000000,2.500000,3.041381265149,0.023548210012,0.023548210012,0.000000000000
2,0.05000000,52,2,2,2,3,2.000000,2.500000,2.061552812809,0.023346273199,0.023346276478,0.000000003278
2,0.05000000,53,3,2,3,3,3.000000,2.500000,1.118033988750,0.023346269268,0.023519693400,0.000173424132
2,0.05000000,54,4,2,4,3,4.000000,2.500000,0.500000000000,0.023346269268,0.976477502187,0.953131232919
2,0.05000000,55,5,2,5,3,5.000000,2.500000,1.118033988750,0.023346269268,0.023519693400,0.000173424132
2,0.05000000,56,6,2,6,3,6.000000,2.500000,2.061552812809,0.023346269268,0.023346272546,0.000000003278
2,0.05000000,57,7,2,7,3,7.000000,2.500000,3.041381265149,0.023346273199,0.023346273199,0.000000000000
2,0.05000000,58,8,2,8,3,8.000000,2.500000,4.031128874149,0.023548210012,0.023548210012,0.000000000000
2,0.05000000,59,1,3,1,4,1.000000,3.500000,3.041381265149,0.023548209128,0.023548209128,0.000000000000
2,0.05000000,60,2,3,2,4,2.000000,3.500000,2.061552812809,0.023346271234,0.023346274512,0.000000003278
2,0.05000000,61,3,3,3,4,3.000000,3.500000,1.118033988750,0.023346267302,0.023519691435,0.000173424133
2,0.05000000,62,4,3,4,4,4.000000,3.500000,0.500000000000,0.023346267302,0.976477502820,0.953131235517
2,0.05000000,63,5,3,5,4,5.000000,3.500000,1.118033988750,0.023346267302,0.023519691435,0.000173424133
2,0.05000000,64,6,3,6,4,6.000000,3.500000,2.061552812809,0.023346267302,0.023346270580,0.000000003278
2,0.05000000,65,7,3,7,4,7.000000,3.500000,3.041381265149,0.023346271234,0.023346271234,0.000000000000
2,0.05000000,66,8,3,8,4,8.000000,3.500000,4.031128874149,0.023548209128,0.023548209128,0.000000000000
2,0.05000000,67,1,4,1,5,1.000000,4.500000,3.354101966250,0.023548210012,0.023548210012,0.000000000000
2,0.05000000,68,2,4,2,5,2.000000,4.500000,2.500000000000,0.023346273199,0.023346273199,0.000000000000
2,0.05000000,69,3,4,3,5,3.000000,4.500000,1.802775637732,0.023346269268,0.023346275824,0.000000006556
2,0.05000000,70,4,4,4,5,4.000000,4.500000,1.500000000000,0.023346269268,0.023519690123,0.000173420855
2,0.05000000,71,5,4,5,5,5.000000,4.500000,1.802775637732,0.023346269268,0.023346275824,0.000000006556
2,0.05000000,72,6,4,6,5,6.000000,4.500000,2.500000000000,0.023346269268,0.023346269268,-0.000000000000
2,0.05000000,73,7,4,7,5,7.000000,4.500000,3.354101966250,0.023346273199,0.023346273199,-0.000000000000
2,0.05000000,74,8,4,8,5,8.000000,4.500000,4.272001872659,0.023548210012,0.023548210012,0.000000000000
2,0.05000000,75,1,5,1,6,1.000000,5.500000,3.905124837953,0.023621035537,0.023621035537,0.000000000000
2,0.05000000,76,2,5,2,6,2.000000,5.500000,3.201562118716,0.023447248385,0.023447248385,0.000000000000
2,0.05000000,77,3,5,3,6,3.000000,5.500000,2.692582403567,0.023447245535,0.023447245535,-0.000000000000
2,0.05000000,78,4,5,4,6,4.000000,5.500000,2.500000000000,0.023447245535,0.023447248813,0.000000003278
2,0.05000000,79,5,5,5,6,5.000000,5.500000,2.692582403567,0.023447245535,0.023447245535,-0.000000000000
2,0.05000000,80,6,5,6,6,6.000000,5.500000,3.201562118716,0.023447245535,0.023447245535,0.000000000000
2,0.05000000,81,7,5,7,6,7.000000,5.500000,3.905124837953,0.023447248385,0.023447248385,0.000000000000
2,0.05000000,82,8,5,8,6,8.000000,5.500000,4.716990566028,0.023621035537,0.023621035537,0.000000000000
3,0.07500000,1,1,1,2,1,1.500000,1.000000,3.201562118716,0.051739725083,0.051739725083,0.000000000000
3,0.07500000,2,2,1,3,1,2.500000,1.000000,2.500000000000,0.051452156463,0.051452156465,0.000000000002
3,0.07500000,3,3,1,4,1,3.500000,1.000000,2.061552812809,0.051452140348,0.051452180641,0.000000040293
3,0.07500000,4,4,1,5,1,4.500000,1.000000,2.061552812809,0.051452140348,0.051452180641,0.000000040293
3,0.07500000,5,5,1,6,1,5.500000,1.000000,2.500000000000,0.051452140348,0.051452140350,0.000000000002
3,0.07500000,6,6,1,7,1,6.500000,1.000000,3.201562118716,0.051452156463,0.051452156463,-0.000000000000
3,0.07500000,7,7,1,8,1,7.500000,1.000000,4.031128874149,0.051739725083,0.051739725083,0.000000000000
3,0.07500000,8,1,2,2,2,1.500000,2.000000,2.692582403567,0.051057360692,0.051057360695,0.000000000003
3,0.07500000,9,2,2,3,2,2.500000,2.000000,1.802775637732,0.050662339482,0.050662457498,0.000000118016
3,0.07500000,10,3,2,4,2,3.500000,2.000000,1.118033988750,0.050662303922,0.051341747189,0.000679443267
3,0.07500000,11,4,2,5,2,4.500000,2.000000,1.118033988750,0.050662303922,0.051341747188,0.000679443267
3,0.07500000,12,5,2,6,2,5.500000,2.000000,1.802775637732,0.050662303922,0.050662421939,0.000000118016
3,0.07500000,13,6,2,7,2,6.500000,2.000000,2.692582403567,0.050662339482,0.050662339485,0.000000000003
3,0.07500000,14,7,2,8,2,7.500000,2.000000,3.640054944640,0.051057360692,0.051057360692,-0.000000000000
3,0.07500000,15,1,3,2,3,1.500000,3.000000,2.500000000000,0.051057309029,0.051057368015,0.000000058987
3,0.07500000,16,2,3,3,3,2.500000,3.000000,1.500000000000,0.050662268361,0.051341675465,0.000679407104
3,0.07500000,17,3,3,4,3,3.500000,3.000000,0.500000000000,0.050662232799,0.948633395315,0.897971162516
3,0.07500000,18,4,3,5,3,4.500000,3.000000,0.500000000000,0.050662232798,0.948633395315,0.897971162517
3,0.07500000,19,5,3,6,3,5.500000,3.000000,1.500000000000,0.050662232799,0.051341639930,0.000679407132
3,0.07500000,20,6,3,7,3,6.500000,3.000000,2.500000000000,0.050662268361,0.050662327376,0.000000059015
3,0.07500000,21,7,3,8,3,7.500000,3.000000,3.500000000000,0.051057309029,0.051057309030,0.000000000001
3,0.07500000,22,1,4,2,4,1.500000,4.000000,2.692582403567,0.051057309029,0.051057309032,0.000000000003
3,0.07500000,23,2,4,3,4,2.500000,4.000000,1.802775637732,0.050662268361,0.050662386385,0.000000118024
3,0.07500000,24,3,4,4,4,3.500000,4.000000,1.118033988750,0.050662232799,0.051341698899,0.000679466100
3,0.07500000,25,4,4,5,4,4.500000,4.000000,1.118033988750,0.050662232798,0.051341698898,0.000679466100
3,0.07500000,26,5,4,6,4,5.500000,4.000000,1.802775637732,0.050662232799,0.050662350823,0.000000118024
3,0.07500000,27,6,4,7,4,6.500000,4.000000,2.692582403567,0.050662268361,0.050662268364,0.000000000003
3,0.07500000,28,7,4,8,4,7.500000,4.000000,3.640054944640,0.051057309029,0.051057309029,-0.000000000000
3,0.07500000,29,1,5,2,5,1.500000,5.000000,3.201562118716,0.051057360692,0.051057360692,0.000000000000
3,0.07500000,30,2,5,3,5,2.500000,5.000000,2.500000000000,0.050662339482,0.050662339485,0.000000000003
3,0.07500000,31,3,5,4,5,3.500000,5.000000,2.061552812809,0.050662303922,0.050662362935,0.000000059013
3,0.07500000,32,4,5,5,5,4.500000,5.000000,2.061552812809,0.050662303922,0.050662362935,0.000000059013
3,0.07500000,33,5,5,6,5,5.500000,5.000000,2.500000000000,0.050662303922,0.050662303925,0.000000000003
3,0.07500000,34,6,5,7,5,6.500000,5.000000,3.201562118716,0.050662339482,0.050662339482,-0.000000000000
3,0.07500000,35,7,5,8,5,7.500000,5.000000,4.031128874149,0.051057360692,0.051057360692,-0.000000000000
3,0.07500000,36,1,6,2,6,1.500000,6.000000,3.905124837953,0.051739725083,0.051739725083,0.000000000000
3,0.07500000,37,2,6,3,6,2.500000,6.000000,3.354101966250,0.051452156463,0.051452156463,-0.000000000000
3,0.07500000,38,3,6,4,6,3.500000,6.000000,3.041381265149,0.051452140348,0.051452140349,0.000000000001
3,0.07500000,39,4,6,5,6,4.500000,6.000000,3.041381265149,0.051452140348,0.051452140349,0.000000000001
3,0.07500000,40,5,6,6,6,5.500000,6.000000,3.354101966250,0.051452140348,0.051452140348,0.000000000000
3,0.07500000,41,6,6,7,6,6.500000,6.000000,3.905124837953,0.051452156463,0.051452156463,0.000000000000
3,0.07500000,42,7,6,8,6,7.500000,6.000000,4.609772228646,0.051739725083,0.051739725083,-0.000000000000
3,0.07500000,43,1,1,1,2,1.000000,1.500000,3.354101966250,0.051739725083,0.051739725083,0.000000000000
3,0.07500000,44,2,1,2,2,2.000000,1.500000,2.500000000000,0.051057360692,0.051057360695,0.000000000003
3,0.07500000,45,3,1,3,2,3.000000,1.500000,1.802775637732,0.051057309029,0.051057426996,0.000000117967
3,0.07500000,46,4,1,4,2,4.000000,1.500000,1.500000000000,0.051057309028,0.051736398847,0.000679089819
3,0.07500000,47,5,1,5,2,5.000000,1.500000,1.802775637732,0.051057309028,0.051057426995,0.000000117967
3,0.07500000,48,6,1,6,2,6.000000,1.500000,2.500000000000,0.051057309029,0.051057309032,0.000000000003
3,0.07500000,49,7,1,7,2,7.000000,1.500000,3.354101966250,0.051057360692,0.051057360692,0.000000000000
3,0.07500000,50,8,1,8,2,8.000000,1.500000,4.272001872659,0.051739725083,0.051739725083,0.000000000000
3,0.07500000,51,1,2,1,3,1.000000,2.500000,3.041381265149,0.051452156463,0.051452156464,0.000000000001
3,0.07500000,52,2,2,2,3,2.000000,2.500000,2.061552812809,0.050662339482,0.050662398495,0.000000059013
3,0.07500000,53,3,2,3,3,3.000000,2.500000,1.118033988750,0.050662268361,0.051341734429,0.000679466068
3,0.07500000,54,4,2,4,3,4.000000,2.500000,0.500000000000,0.050662268360,0.948633384196,0.897971115837
3,0.07500000,55,5,2,5,3,5.000000,2.500000,1.118033988750,0.050662268360,0.051341734429,0.000679466069
3,0.07500000,56,6,2,6,3,6.000000,2.500000,2.061552812809,0.050662268361,0.050662327377,0.000000059017
3,0.07500000,57,7,2,7,3,7.000000,2.500000,3.041381265149,0.050662339482,0.050662339483,0.000000000001
3,0.07500000,58,8,2,8,3,8.000000,2.500000,4.031128874149,0.051452156463,0.051452156463,0.000000000000
3,0.07500000,59,1,3,1,4,1.000000,3.500000,3.041381265149,0.051452140348,0.051452140349,0.000000000001
3,0.07500000,60,2,3,2,4,2.000000,3.500000,2.061552812809,0.050662303923,0.050662362936,0.000000059013
3,0.07500000,61,3,3,3,4,3.000000,3.500000,1.118033988750,0.050662232799,0.051341698899,0.000679466100
3,0.07500000,62,4,3,4,4,4.000000,3.500000,0.500000000000,0.050662232798,0.948633395315,0.897971162517
3,0.07500000,63,5,3,5,4,5.000000,3.500000,1.118033988750,0.050662232798,0.051341698898,0.000679466100
3,0.07500000,64,6,3,6,4,6.000000,3.500000,2.061552812809,0.050662232799,0.050662291816,0.000000059017
3,0.07500000,65,7,3,7,4,7.000000,3.500000,3.041381265149,0.050662303923,0.050662303924,0.000000000001
3,0.07500000,66,8,3,8,4,8.000000,3.500000,4.031128874149,0.051452140348,0.051452140348,0.000000000000
3,0.07500000,67,1,4,1,5,1.000000,4.500000,3.354101966250,0.051452156463,0.051452156463,-0.000000000000
3,0.07500000,68,2,4,2,5,2.000000,4.500000,2.500000000000,0.050662339482,0.050662339485,0.000000000003
3,0.07500000,69,3,4,3,5,3.000000,4.500000,1.802775637732,0.050662268361,0.050662386385,0.000000118024
3,0.07500000,70,4,4,4,5,4.000000,4.500000,1.500000000000,0.050662268360,0.051341675464,0.000679407105
3,0.07500000,71,5,4,5,5,5.000000,4.500000,1.802775637732,0.050662268360,0.050662386384,0.000000118024
3,0.07500000,72,6,4,6,5,6.000000,4.500000,2.500000000000,0.050662268361,0.050662268364,0.000000000003
3,0.07500000,73,7,4,7,5,7.000000,4.500000,3.354101966250,0.050662339482,0.050662339482,-0.000000000000
3,0.07500000,74,8,4,8,5,8.000000,4.500000,4.272001872659,0.051452156463,0.051452156463,0.000000000000
3,0.07500000,75,1,5,1,6,1.000000,5.500000,3.905124837953,0.051739725083,0.051739725083,0.000000000000
3,0.07500000,76,2,5,2,6,2.000000,5.500000,3.201562118716,0.051057360692,0.051057360692,-0.000000000000
3,0.07500000,77,3,5,3,6,3.000000,5.500000,2.692582403567,0.051057309029,0.051057309032,0.000000000003
3,0.07500000,78,4,5,4,6,4.000000,5.500000,2.500000000000,0.051057309028,0.051057368015,0.000000058987
3,0.07500000,79,5,5,5,6,5.000000,5.500000,2.692582403567,0.051057309028,0.051057309031,0.000000000003
3,0.07500000,80,6,5,6,6,6.000000,5.500000,3.201562118716,0.051057309029,0.051057309029,0.000000000000
3,0.07500000,81,7,5,7,6,7.000000,5.500000,3.905124837953,0.051057360692,0.051057360692,-0.000000000000
3,0.07500000,82,8,5,8,6,8.000000,5.500000,4.716990566028,0.051739725083,0.051739725083,-0.000000000000
4,0.10000000,1,1,1,2,1,1.500000,1.000000,3.201562118716,0.088594459824,0.088594459824,0.000000000000
4,0.10000000,2,2,1,3,1,2.500000,1.000000,2.500000000000,0.087806807752,0.087806807809,0.000000000057
4,0.10000000,3,3,1,4,1,3.500000,1.000000,2.061552812809,0.087806678726,0.087807000430,0.000000321704
4,0.10000000,4,4,1,5,1,4.500000,1.000000,2.061552812809,0.087806678721,0.087807000424,0.000000321704
4,0.10000000,5,5,1,6,1,5.500000,1.000000,2.500000000000,0.087806678726,0.087806678783,0.000000000057
4,0.10000000,6,6,1,7,1,6.500000,1.000000,3.201562118716,0.087806807752,0.087806807752,0.000000000000
4,0.10000000,7,7,1,8,1,7.500000,1.000000,4.031128874149,0.088594459824,0.088594459824,-0.000000000000
4,0.10000000,8,1,2,2,2,1.500000,2.000000,2.692582403567,0.086739869385,0.086739869480,0.000000000095
4,0.10000000,9,2,2,3,2,2.500000,2.000000,1.802775637732,0.085671140861,0.085672068614,0.000000927753
4,0.10000000,10,3,2,4,2,3.500000,2.000000,1.118033988750,0.085670860493,0.087513117559,0.001842257066
4,0.10000000,11,4,2,5,2,4.500000,2.000000,1.118033988750,0.085670860473,0.087513117540,0.001842257066
4,0.10000000,12,5,2,6,2,5.500000,2.000000,1.802775637732,0.085670860493,0.085671788246,0.000000927753
4,0.10000000,13,6,2,7,2,6.500000,2.000000,2.692582403567,0.085671140861,0.085671140956,0.000000000095
4,0.10000000,14,7,2,8,2,7.500000,2.000000,3.640054944640,0.086739869385,0.086739869385,0.000000000000
4,0.10000000,15,1,3,2,3,1.500000,3.000000,2.500000000000,0.086739460246,0.086739923622,0.000000463376
4,0.10000000,16,2,3,3,3,2.500000,3.000000,1.500000000000,0.085670580091,0.087512549271,0.001841969179
4,0.10000000,17,3,3,4,3,3.500000,3.000000,0.500000000000,0.085670299652,0.912366002289,0.826695702637
4,0.10000000,18,4,3,5,3,4.500000,3.000000,0.500000000000,0.085670299633,0.912366002294,0.826695702662
4,0.10000000,19,5,3,6,3,5.500000,3.000000,1.500000000000,0.085670299652,0.087512269460,0.001841969808
4,0.10000000,20,6,3,7,3,6.500000,3.000000,2.500000000000,0.085670580091,0.085671044105,0.000000464014
4,0.10000000,21,7,3,8,3,7.500000,3.000000,3.500000000000,0.086739460246,0.086739460277,0.000000000032
4,0.10000000,22,1,4,2,4,1.500000,4.000000,2.692582403567,0.086739460246,0.086739460341,0.000000000095
4,0.10000000,23,2,4,3,4,2.500000,4.000000,1.802775637732,0.085670580091,0.085671508019,0.000000927927
4,0.10000000,24,3,4,4,4,3.500000,4.000000,1.118033988750,0.085670299652,0.087512732420,0.001842432768
4,0.10000000,25,4,4,5,4,4.500000,4.000000,1.118033988750,0.085670299633,0.087512732401,0.001842432768
4,0.10000000,26,5,4,6,4,5.500000,4.000000,1.802775637732,0.085670299652,0.085671227579,0.000000927928
4,0.10000000,27,6,4,7,4,6.500000,4.000000,2.692582403567,0.085670580091,0.085670580186,0.000000000095
4,0.10000000,28,7,4,8,4,7.500000,4.000000,3.640054944640,0.086739460246,0.086739460246,0.000000000000
4,0.10000000,29,1,5,2,5,1.500000,5.000000,3.201562118716,0.086739869385,0.086739869385,0.000000000000
4,0.10000000,30,2,5,3,5,2.500000,5.000000,2.500000000000,0.085671140861,0.085671140956,0.000000000095
4,0.10000000,31,3,5,4,5,3.500000,5.000000,2.061552812809,0.085670860493,0.085671324491,0.000000463998
4,0.10000000,32,4,5,5,5,4.500000,5.000000,2.061552812809,0.085670860473,0.085671324472,0.000000463998
4,0.10000000,33,5,5,6,5,5.500000,5.000000,2.500000000000,0.085670860493,0.085670860588,0.000000000095
4,0.10000000,34,6,5,7,5,6.500000,5.000000,3.201562118716,0.085671140861,0.085671140861,0.000000000000
4,0.10000000,35,7,5,8,5,7.500000,5.000000,4.031128874149,0.086739869385,0.086739869385,-0.000000000000
4,0.10000000,36,1,6,2,6,1.500000,6.000000,3.905124837953,0.088594459824,0.088594459824,0.000000000000
4,0.10000000,37,2,6,3,6,2.500000,6.000000,3.354101966250,0.087806807752,0.087806807752,0.000000000000
4,0.10000000,38,3,6,4,6,3.500000,6.000000,3.041381265149,0.087806678726,0.087806678748,0.000000000022
4,0.10000000,39,4,6,5,6,4.500000,6.000000,3.041381265149,0.087806678721,0.087806678743,0.000000000022
4,0.10000000,40,5,6,6,6,5.500000,6.000000,3.354101966250,0.087806678726,0.087806678726,0.000000000000
4,0.10000000,41,6,6,7,6,6.500000,6.000000,3.905124837953,0.087806807752,0.087806807752,0.000000000000
4,0.10000000,42,7,6,8,6,7.500000,6.000000,4.609772228646,0.088594459824,0.088594459824,0.000000000000
4,0.10000000,43,1,1,1,2,1.000000,1.500000,3.354101966250,0.088594459824,0.088594459824,0.000000000000
4,0.10000000,44,2,1,2,2,2.000000,1.500000,2.500000000000,0.086739869385,0.086739869480,0.000000000095
4,0.10000000,45,3,1,3,2,3.000000,1.500000,1.802775637732,0.086739460246,0.086740386862,0.000000926617
4,0.10000000,46,4,1,4,2,4.000000,1.500000,1.500000000000,0.086739460221,0.088578925720,0.001839465499
4,0.10000000,47,5,1,5,2,5.000000,1.500000,1.802775637732,0.086739460221,0.086740386838,0.000000926617
4,0.10000000,48,6,1,6,2,6.000000,1.500000,2.500000000000,0.086739460246,0.086739460341,0.000000000095
4,0.10000000,49,7,1,7,2,7.000000,1.500000,3.354101966250,0.086739869385,0.086739869385,0.000000000000
4,0.10000000,50,8,1,8,2,8.000000,1.500000,4.272001872659,0.088594459824,0.088594459824,0.000000000000
4,0.10000000,51,1,2,1,3,1.000000,2.500000,3.041381265149,0.087806807752,0.087806807775,0.000000000022
4,0.10000000,52,2,2,2,3,2.000000,2.500000,2.061552812809,0.085671140861,0.085671604859,0.000000463998
4,0.10000000,53,3,2,3,3,3.000000,2.500000,1.118033988750,0.085670580091,0.087513012136,0.001842432045
4,0.10000000,54,4,2,4,3,4.000000,2.500000,0.500000000000,0.085670580053,0.912365919595,0.826695339541
4,0.10000000,55,5,2,5,3,5.000000,2.500000,1.118033988750,0.085670580053,0.087513012110,0.001842432057
4,0.10000000,56,6,2,6,3,6.000000,2.500000,2.061552812809,0.085670580091,0.085671044168,0.000000464077
4,0.10000000,57,7,2,7,3,7.000000,2.500000,3.041381265149,0.085671140861,0.085671140893,0.000000000032
4,0.10000000,58,8,2,8,3,8.000000,2.500000,4.031128874149,0.087806807752,0.087806807752,0.000000000000
4,0.10000000,59,1,3,1,4,1.000000,3.500000,3.041381265149,0.087806678731,0.087806678753,0.000000000022
4,0.10000000,60,2,3,2,4,2.000000,3.500000,2.061552812809,0.085670860512,0.085671324510,0.000000463998
4,0.10000000,61,3,3,3,4,3.000000,3.500000,1.118033988750,0.085670299671,0.087512732428,0.001842432757
4,0.10000000,62,4,3,4,4,4.000000,3.500000,0.500000000000,0.085670299633,0.912366002294,0.826695702662
4,0.10000000,63,5,3,5,4,5.000000,3.500000,1.118033988750,0.085670299633,0.087512732401,0.001842432768
4,0.10000000,64,6,3,6,4,6.000000,3.500000,2.061552812809,0.085670299671,0.085670763748,0.000000464077
4,0.10000000,65,7,3,7,4,7.000000,3.500000,3.041381265149,0.085670860512,0.085670860543,0.000000000032
4,0.10000000,66,8,3,8,4,8.000000,3.500000,4.031128874149,0.087806678731,0.087806678731,0.000000000000
4,0.10000000,67,1,4,1,5,1.000000,4.500000,3.354101966250,0.087806807752,0.087806807752,0.000000000000
4,0.10000000,68,2,4,2,5,2.000000,4.500000,2.500000000000,0.085671140861,0.085671140956,0.000000000095
4,0.10000000,69,3,4,3,5,3.000000,4.500000,1.802775637732,0.085670580091,0.085671508019,0.000000927927
4,0.10000000,70,4,4,4,5,4.000000,4.500000,1.500000000000,0.085670580053,0.087512549244,0.001841969191
4,0.10000000,71,5,4,5,5,5.000000,4.500000,1.802775637732,0.085670580053,0.085671507980,0.000000927927
4,0.10000000,72,6,4,6,5,6.000000,4.500000,2.500000000000,0.085670580091,0.085670580186,0.000000000095
4,0.10000000,73,7,4,7,5,7.000000,4.500000,3.354101966250,0.085671140861,0.085671140861,0.000000000000
4,0.10000000,74,8,4,8,5,8.000000,4.500000,4.272001872659,0.087806807752,0.087806807752,0.000000000000
4,0.10000000,75,1,5,1,6,1.000000,5.500000,3.905124837953,0.088594459824,0.088594459824,0.000000000000
4,0.10000000,76,2,5,2,6,2.000000,5.500000,3.201562118716,0.086739869385,0.086739869385,0.000000000000
4,0.10000000,77,3,5,3,6,3.000000,5.500000,2.692582403567,0.086739460246,0.086739460341,0.000000000095
4,0.10000000,78,4,5,4,6,4.000000,5.500000,2.500000000000,0.086739460221,0.086739923598,0.000000463376
4,0.10000000,79,5,5,5,6,5.000000,5.500000,2.692582403567,0.086739460221,0.086739460316,0.000000000095
4,0.10000000,80,6,5,6,6,6.000000,5.500000,3.201562118716,0.086739460246,0.086739460246,0.000000000000
4,0.10000000,81,7,5,7,6,7.000000,5.500000,3.905124837953,0.086739869385,0.086739869385,0.000000000000
4,0.10000000,82,8,5,8,6,8.000000,5.500000,4.716990566028,0.088594459824,0.088594459824,-0.000000000000
5,0.12500000,1,1,1,2,1,1.500000,1.000000,3.201562118716,0.131922172944,0.131922172944,0.000000000000
5,0.12500000,2,2,1,3,1,2.500000,1.000000,2.500000000000,0.130213539949,0.130213540695,0.000000000746
5,0.12500000,3,3,1,4,1,3.500000,1.000000,2.061552812809,0.130212888383,0.130214503268,0.000001614885
5,0.12500000,4,4,1,5,1,4.500000,1.000000,2.061552812809,0.130212888316,0.130214503202,0.000001614885
5,0.12500000,5,5,1,6,1,5.500000,1.000000,2.500000000000,0.130212888383,0.130212889129,0.000000000746
5,0.12500000,6,6,1,7,1,6.500000,1.000000,3.201562118716,0.130213539949,0.130213539949,0.000000000000
5,0.12500000,7,7,1,8,1,7.500000,1.000000,4.031128874149,0.131922172944,0.131922172944,-0.000000000000
5,0.12500000,8,1,2,2,2,1.500000,2.000000,2.692582403567,0.127938728724,0.127938729939,0.000000001216
5,0.12500000,9,2,2,3,2,2.500000,2.000000,1.802775637732,0.125654881098,0.125659454850,0.000004573752
5,0.12500000,10,3,2,4,2,3.500000,2.000000,1.118033988750,0.125653495777,0.129602661702,0.003949165924
5,0.12500000,11,4,2,5,2,4.500000,2.000000,1.118033988750,0.125653495531,0.129602661457,0.003949165926
5,0.12500000,12,5,2,6,2,5.500000,2.000000,1.802775637732,0.125653495777,0.125658069538,0.000004573761
5,0.12500000,13,6,2,7,2,6.500000,2.000000,2.692582403567,0.125654881098,0.125654882318,0.000000001220
5,0.12500000,14,7,2,8,2,7.500000,2.000000,3.640054944640,0.127938728724,0.127938728724,0.000000000000
5,0.12500000,15,1,3,2,3,1.500000,3.000000,2.500000000000,0.127936694820,0.127938975846,0.000002281026
5,0.12500000,16,2,3,3,3,2.500000,3.000000,1.500000000000,0.125652110132,0.129599837020,0.003947726888
5,0.12500000,17,3,3,4,3,3.500000,3.000000,0.500000000000,0.125650723992,0.869987722421,0.744336998429
5,0.12500000,18,4,3,5,3,4.500000,3.000000,0.500000000000,0.125650723745,0.869987722489,0.744336998744
5,0.12500000,19,5,3,6,3,5.500000,3.000000,1.500000000000,0.125650723992,0.129598458098,0.003947734106
5,0.12500000,20,6,3,7,3,6.500000,3.000000,2.500000000000,0.125652110132,0.125654398484,0.000002288353
5,0.12500000,21,7,3,8,3,7.500000,3.000000,3.500000000000,0.127936694820,0.127936695225,0.000000000405
5,0.12500000,22,1,4,2,4,1.500000,4.000000,2.692582403567,0.127936694820,0.127936696036,0.000000001216
5,0.12500000,23,2,4,3,4,2.500000,4.000000,1.802775637732,0.125652110132,0.125656685814,0.000004575682
5,0.12500000,24,3,4,4,4,3.500000,4.000000,1.118033988750,0.125650723992,0.129600734361,0.003950010369
5,0.12500000,25,4,4,5,4,4.500000,4.000000,1.118033988750,0.125650723745,0.129600734116,0.003950010371
5,0.12500000,26,5,4,6,4,5.500000,4.000000,1.802775637732,0.125650723992,0.125655299682,0.000004575691
5,0.12500000,27,6,4,7,4,6.500000,4.000000,2.692582403567,0.125652110132,0.125652111352,0.000000001220
5,0.12500000,28,7,4,8,4,7.500000,4.000000,3.640054944640,0.127936694820,0.127936694820,0.000000000000
5,0.12500000,29,1,5,2,5,1.500000,5.000000,3.201562118716,0.127938728724,0.127938728724,0.000000000000
5,0.12500000,30,2,5,3,5,2.500000,5.000000,2.500000000000,0.125654881098,0.125654882318,0.000000001220
5,0.12500000,31,3,5,4,5,3.500000,5.000000,2.061552812809,0.125653495777,0.125655784088,0.000002288311
5,0.12500000,32,4,5,5,5,4.500000,5.000000,2.061552812809,0.125653495531,0.125655783842,0.000002288311
5,0.12500000,33,5,5,6,5,5.500000,5.000000,2.500000000000,0.125653495777,0.125653496997,0.000000001220
5,0.12500000,34,6,5,7,5,6.500000,5.000000,3.201562118716,0.125654881098,0.125654881098,0.000000000000
5,0.12500000,35,7,5,8,5,7.500000,5.000000,4.031128874149,0.127938728724,0.127938728724,-0.000000000000
5,0.12500000,36,1,6,2,6,1.500000,6.000000,3.905124837953,0.131922172944,0.131922172944,0.000000000000
5,0.12500000,37,2,6,3,6,2.500000,6.000000,3.354101966250,0.130213539949,0.130213539949,0.000000000000
5,0.12500000,38,3,6,4,6,3.500000,6.000000,3.041381265149,0.130212888383,0.130212888673,0.000000000290
5,0.12500000,39,4,6,5,6,4.500000,6.000000,3.041381265149,0.130212888316,0.130212888607,0.000000000290
5,0.12500000,40,5,6,6,6,5.500000,6.000000,3.354101966250,0.130212888383,0.130212888383,0.000000000000
5,0.12500000,41,6,6,7,6,6.500000,6.000000,3.905124837953,0.130213539949,0.130213539949,-0.000000000000
5,0.12500000,42,7,6,8,6,7.500000,6.000000,4.609772228646,0.131922172944,0.131922172944,-0.000000000000
5,0.12500000,43,1,1,1,2,1.000000,1.500000,3.354101966250,0.131922172944,0.131922172944,0.000000000000
5,0.12500000,44,2,1,2,2,2.000000,1.500000,2.500000000000,0.127938728724,0.127938729939,0.000000001216
5,0.12500000,45,3,1,3,2,3.000000,1.500000,1.802775637732,0.127936694820,0.127941255405,0.000004560585
5,0.12500000,46,4,1,4,2,4.000000,1.500000,1.500000000000,0.127936694508,0.131871862026,0.003935167518
5,0.12500000,47,5,1,5,2,5.000000,1.500000,1.802775637732,0.127936694508,0.127941255093,0.000004560585
5,0.12500000,48,6,1,6,2,6.000000,1.500000,2.500000000000,0.127936694820,0.127936696036,0.000000001216
5,0.12500000,49,7,1,7,2,7.000000,1.500000,3.354101966250,0.127938728724,0.127938728724,0.000000000000
5,0.12500000,50,8,1,8,2,8.000000,1.500000,4.272001872659,0.131922172944,0.131922172944,-0.000000000000
5,0.12500000,51,1,2,1,3,1.000000,2.500000,3.041381265149,0.130213539949,0.130213540239,0.000000000290
5,0.12500000,52,2,2,2,3,2.000000,2.500000,2.061552812809,0.125654881098,0.125657169404,0.000002288306
5,0.12500000,53,3,2,3,3,3.000000,2.500000,1.118033988750,0.125652110132,0.129602112224,0.003950002093
5,0.12500000,54,4,2,4,3,4.000000,2.500000,0.500000000000,0.125652109640,0.869987348034,0.744335238395
5,0.12500000,55,5,2,5,3,5.000000,2.500000,1.118033988750,0.125652109640,0.129602111879,0.003950002240
5,0.12500000,56,6,2,6,3,6.000000,2.500000,2.061552812809,0.125652110132,0.125654399297,0.000002289165
5,0.12500000,57,7,2,7,3,7.000000,2.500000,3.041381265149,0.125654881098,0.125654881505,0.000000000407
5,0.12500000,58,8,2,8,3,8.000000,2.500000,4.031128874149,0.130213539949,0.130213539949,0.000000000000
5,0.12500000,59,1,3,1,4,1.000000,3.500000,3.041381265149,0.130212888449,0.130212888740,0.000000000290
5,0.12500000,60,2,3,2,4,2.000000,3.500000,2.061552812809,0.125653496023,0.125655784334,0.000002288311
5,0.12500000,61,3,3,3,4,3.000000,3.500000,1.118033988750,0.125650724238,0.129600734462,0.003950010224
5,0.12500000,62,4,3,4,4,4.000000,3.500000,0.500000000000,0.125650723745,0.869987722489,0.744336998744
5,0.12500000,63,5,3,5,4,5.000000,3.500000,1.118033988750,0.125650723745,0.129600734116,0.003950010371
5,0.12500000,64,6,3,6,4,6.000000,3.500000,2.061552812809,0.125650724238,0.125653013408,0.000002289170
5,0.12500000,65,7,3,7,4,7.000000,3.500000,3.041381265149,0.125653496023,0.125653496430,0.000000000407
5,0.12500000,66,8,3,8,4,8.000000,3.500000,4.031128874149,0.130212888449,0.130212888449,0.000000000000
5,0.12500000,67,1,4,1,5,1.000000,4.500000,3.354101966250,0.130213539949,0.130213539949,0.000000000000
5,0.12500000,68,2,4,2,5,2.000000,4.500000,2.500000000000,0.125654881098,0.125654882318,0.000000001220
5,0.12500000,69,3,4,3,5,3.000000,4.500000,1.802775637732,0.125652110132,0.125656685814,0.000004575682
5,0.12500000,70,4,4,4,5,4.000000,4.500000,1.500000000000,0.125652109640,0.129599836674,0.003947727035
5,0.12500000,71,5,4,5,5,5.000000,4.500000,1.802775637732,0.125652109640,0.125656685322,0.000004575682
5,0.12500000,72,6,4,6,5,6.000000,4.500000,2.500000000000,0.125652110132,0.125652111352,0.000000001220
5,0.12500000,73,7,4,7,5,7.000000,4.500000,3.354101966250,0.125654881098,0.125654881098,0.000000000000
5,0.12500000,74,8,4,8,5,8.000000,4.500000,4.272001872659,0.130213539949,0.130213539949,0.000000000000
5,0.12500000,75,1,5,1,6,1.000000,5.500000,3.905124837953,0.131922172944,0.131922172944,0.000000000000
5,0.12500000,76,2,5,2,6,2.000000,5.500000,3.201562118716,0.127938728724,0.127938728724,0.000000000000
5,0.12500000,77,3,5,3,6,3.000000,5.500000,2.692582403567,0.127936694820,0.127936696036,0.000000001216
5,0.12500000,78,4,5,4,6,4.000000,5.500000,2.500000000000,0.127936694508,0.127938975534,0.000002281026
5,0.12500000,79,5,5,5,6,5.000000,5.500000,2.692582403567,0.127936694508,0.127936695724,0.000000001216
5,0.12500000,80,6,5,6,6,6.000000,5.500000,3.201562118716,0.127936694820,0.127936694820,0.000000000000
5,0.12500000,81,7,5,7,6,7.000000,5.500000,3.905124837953,0.127938728724,0.127938728724,-0.000000000000
5,0.12500000,82,8,5,8,6,8.000000,5.500000,4.716990566028,0.131922172944,0.131922172944,0.000000000000
6,0.15000000,1,1,1,2,1,1.500000,1.000000,3.201562118716,0.179137711111,0.179137711112,0.000000000001
6,0.15000000,2,2,1,3,1,2.500000,1.000000,2.500000000000,0.175988430451,0.175988436230,0.000000005778
6,0.15000000,3,3,1,4,1,3.500000,1.000000,2.061552812809,0.175986008160,0.175991961920,0.000005953760
6,0.15000000,4,4,1,5,1,4.500000,1.000000,2.061552812809,0.175986007639,0.175991961400,0.000005953760
6,0.15000000,5,5,1,6,1,5.500000,1.000000,2.500000000000,0.175986008160,0.175986013939,0.000000005778
6,0.15000000,6,6,1,7,1,6.500000,1.000000,3.201562118716,0.175988430451,0.175988430452,0.000000000001
6,0.15000000,7,7,1,8,1,7.500000,1.000000,4.031128874149,0.179137711111,0.179137711111,-0.000000000000
6,0.15000000,8,1,2,2,2,1.500000,2.000000,2.692582403567,0.171884306170,0.171884315330,0.000000009160
6,0.15000000,9,2,2,3,2,2.500000,2.000000,1.802775637732,0.167746662145,0.167763176409,0.000016514264
6,0.15000000,10,3,2,4,2,3.500000,2.000000,1.118033988750,0.167741649903,0.174927298492,0.007185648590
6,0.15000000,11,4,2,5,2,4.500000,2.000000,1.118033988750,0.167741648039,0.174927296651,0.007185648612
6,0.15000000,12,5,2,6,2,5.500000,2.000000,1.802775637732,0.167741649903,0.167758164290,0.000016514387
6,0.15000000,13,6,2,7,2,6.500000,2.000000,2.692582403567,0.167746662145,0.167746671367,0.000000009222
6,0.15000000,14,7,2,8,2,7.500000,2.000000,3.640054944640,0.171884306170,0.171884306172,0.000000000002
6,0.15000000,15,1,3,2,3,1.500000,3.000000,2.500000000000,0.171876893451,0.171885107335,0.000008213884
6,0.15000000,16,2,3,3,3,2.500000,3.000000,1.500000000000,0.167736635599,0.174917013059,0.007180377460
6,0.15000000,17,3,3,4,3,3.500000,3.000000,0.500000000000,0.167731617531,0.823983743697,0.656252126166
6,0.15000000,18,4,3,5,3,4.500000,3.000000,0.500000000000,0.167731615664,0.823983744154,0.656252128490
6,0.15000000,19,5,3,6,3,5.500000,3.000000,1.500000000000,0.167731617531,0.174912047403,0.007180429872
6,0.15000000,20,6,3,7,3,6.500000,3.000000,2.500000000000,0.167736635599,0.167744902745,0.000008267146
6,0.15000000,21,7,3,8,3,7.500000,3.000000,3.500000000000,0.171876893451,0.171876896510,0.000000003058
6,0.15000000,22,1,4,2,4,1.500000,4.000000,2.692582403567,0.171876893451,0.171876902622,0.000000009171
6,0.15000000,23,2,4,3,4,2.500000,4.000000,1.802775637732,0.167736635599,0.167753163231,0.000016527632
6,0.15000000,24,3,4,4,4,3.500000,4.000000,1.118033988750,0.167731617531,0.174920226876,0.007188609345
6,0.15000000,25,4,4,5,4,4.500000,4.000000,1.118033988750,0.167731615664,0.174920225031,0.007188609367
6,0.15000000,26,5,4,6,4,5.500000,4.000000,1.802775637732,0.167731617531,0.167748145286,0.000016527755
6,0.15000000,27,6,4,7,4,6.500000,4.000000,2.692582403567,0.167736635599,0.167736644832,0.000000009233
6,0.15000000,28,7,4,8,4,7.500000,4.000000,3.640054944640,0.171876893451,0.171876893453,0.000000000002
6,0.15000000,29,1,5,2,5,1.500000,5.000000,3.201562118716,0.171884306170,0.171884306173,0.000000000003
6,0.15000000,30,2,5,3,5,2.500000,5.000000,2.500000000000,0.167746662145,0.167746671369,0.000000009224
6,0.15000000,31,3,5,4,5,3.500000,5.000000,2.061552812809,0.167741649903,0.167749917370,0.000008267467
6,0.15000000,32,4,5,5,5,4.500000,5.000000,2.061552812809,0.167741648039,0.167749915506,0.000008267467
6,0.15000000,33,5,5,6,5,5.500000,5.000000,2.500000000000,0.167741649903,0.167741659127,0.000000009224
6,0.15000000,34,6,5,7,5,6.500000,5.000000,3.201562118716,0.167746662145,0.167746662148,0.000000000003
6,0.15000000,35,7,5,8,5,7.500000,5.000000,4.031128874149,0.171884306170,0.171884306170,-0.000000000000
6,0.15000000,36,1,6,2,6,1.500000,6.000000,3.905124837953,0.179137711111,0.179137711111,-0.000000000000
6,0.15000000,37,2,6,3,6,2.500000,6.000000,3.354101966250,0.175988430451,0.175988430452,0.000000000001
6,0.15000000,38,3,6,4,6,3.500000,6.000000,3.041381265149,0.175986008160,0.175986010404,0.000000002244
6,0.15000000,39,4,6,5,6,4.500000,6.000000,3.041381265149,0.175986007639,0.175986009884,0.000000002244
6,0.15000000,40,5,6,6,6,5.500000,6.000000,3.354101966250,0.175986008160,0.175986008161,0.000000000001
6,0.15000000,41,6,6,7,6,6.500000,6.000000,3.905124837953,0.175988430451,0.175988430451,-0.000000000000
6,0.15000000,42,7,6,8,6,7.500000,6.000000,4.609772228646,0.179137711111,0.179137711111,-0.000000000000
6,0.15000000,43,1,1,1,2,1.000000,1.500000,3.354101966250,0.179137711111,0.179137711112,0.000000000001
6,0.15000000,44,2,1,2,2,2.000000,1.500000,2.500000000000,0.171884306170,0.171884315331,0.000000009160
6,0.15000000,45,3,1,3,2,3.000000,1.500000,1.802775637732,0.171876893451,0.171893311306,0.000016417855
6,0.15000000,46,4,1,4,2,4.000000,1.500000,1.500000000000,0.171876891075,0.179011035540,0.007134144464
6,0.15000000,47,5,1,5,2,5.000000,1.500000,1.802775637732,0.171876891075,0.171893308935,0.000016417860
6,0.15000000,48,6,1,6,2,6.000000,1.500000,2.500000000000,0.171876893451,0.171876902620,0.000000009169
6,0.15000000,49,7,1,7,2,7.000000,1.500000,3.354101966250,0.171884306170,0.171884306172,0.000000000002
6,0.15000000,50,8,1,8,2,8.000000,1.500000,4.272001872659,0.179137711111,0.179137711111,-0.000000000000
6,0.15000000,51,1,2,1,3,1.000000,2.500000,3.041381265149,0.175988430451,0.175988432695,0.000000002244
6,0.15000000,52,2,2,2,3,2.000000,2.500000,2.061552812809,0.167746662145,0.167754929545,0.000008267399
6,0.15000000,53,3,2,3,3,3.000000,2.500000,1.118033988750,0.167736635599,0.174925185229,0.007188549630
6,0.15000000,54,4,2,4,3,4.000000,2.500000,0.500000000000,0.167736631868,0.823982547568,0.656245915700
6,0.15000000,55,5,2,5,3,5.000000,2.500000,1.118033988750,0.167736631868,0.174925182572,0.007188550704
6,0.15000000,56,6,2,6,3,6.000000,2.500000,2.061552812809,0.167736635599,0.167744908889,0.000008273290
6,0.15000000,57,7,2,7,3,7.000000,2.500000,3.041381265149,0.167746662145,0.167746665222,0.000000003077
6,0.15000000,58,8,2,8,3,8.000000,2.500000,4.031128874149,0.175988430451,0.175988430451,0.000000000000
6,0.15000000,59,1,3,1,4,1.000000,3.500000,3.041381265149,0.175986008681,0.175986010925,0.000000002244
6,0.15000000,60,2,3,2,4,2.000000,3.500000,2.061552812809,0.167741651767,0.167749919232,0.000008267464
6,0.15000000,61,3,3,3,4,3.000000,3.500000,1.118033988750,0.167731619398,0.174920227691,0.007188608293
6,0.15000000,62,4,3,4,4,4.000000,3.500000,0.500000000000,0.167731615664,0.823983744154,0.656252128490
6,0.15000000,63,5,3,5,4,5.000000,3.500000,1.118033988750,0.167731615664,0.174920225031,0.007188609367
6,0.15000000,64,6,3,6,4,6.000000,3.500000,2.061552812809,0.167731619398,0.167739892753,0.000008273356
6,0.15000000,65,7,3,7,4,7.000000,3.500000,3.041381265149,0.167741651767,0.167741654844,0.000000003077
6,0.15000000,66,8,3,8,4,8.000000,3.500000,4.031128874149,0.175986008681,0.175986008681,0.000000000000
6,0.15000000,67,1,4,1,5,1.000000,4.500000,3.354101966250,0.175988430451,0.175988430452,0.000000000001
6,0.15000000,68,2,4,2,5,2.000000,4.500000,2.500000000000,0.167746662145,0.167746671370,0.000000009224
6,0.15000000,69,3,4,3,5,3.000000,4.500000,1.802775637732,0.167736635599,0.167753163231,0.000016527632
6,0.15000000,70,4,4,4,5,4.000000,4.500000,1.500000000000,0.167736631868,0.174917010400,0.007180378532
6,0.15000000,71,5,4,5,5,5.000000,4.500000,1.802775637732,0.167736631868,0.167753159506,0.000016527638
6,0.15000000,72,6,4,6,5,6.000000,4.500000,2.500000000000,0.167736635599,0.167736644832,0.000000009233
6,0.15000000,73,7,4,7,5,7.000000,4.500000,3.354101966250,0.167746662145,0.167746662147,0.000000000002
6,0.15000000,74,8,4,8,5,8.000000,4.500000,4.272001872659,0.175988430451,0.175988430451,-0.000000000000
6,0.15000000,75,1,5,1,6,1.000000,5.500000,3.905124837953,0.179137711111,0.179137711111,-0.000000000000
6,0.15000000,76,2,5,2,6,2.000000,5.500000,3.201562118716,0.171884306170,0.171884306173,0.000000000003
6,0.15000000,77,3,5,3,6,3.000000,5.500000,2.692582403567,0.171876893451,0.171876902622,0.000000009171
6,0.15000000,78,4,5,4,6,4.000000,5.500000,2.500000000000,0.171876891075,0.171885104962,0.000008213887
6,0.15000000,79,5,5,5,6,5.000000,5.500000,2.692582403567,0.171876891075,0.171876900246,0.000000009171
6,0.15000000,80,6,5,6,6,6.000000,5.500000,3.201562118716,0.171876893451,0.171876893454,0.000000000003
6,0.15000000,81,7,5,7,6,7.000000,5.500000,3.905124837953,0.171884306170,0.171884306170,-0.000000000000
6,0.15000000,82,8,5,8,6,8.000000,5.500000,4.716990566028,0.179137711111,0.179137711111,0.000000000000
7,0.17500000,1,1,1,2,1,1.500000,1.000000,3.201562118716,0.227529206822,0.227529206837,0.000000000015
7,0.17500000,2,2,1,3,1,2.500000,1.000000,2.500000000000,0.222390878788,0.222390910094,0.000000031306
7,0.17500000,3,3,1,4,1,3.500000,1.000000,2.061552812809,0.222383660736,0.222401220422,0.000017559686
7,0.17500000,4,4,1,5,1,4.500000,1.000000,2.061552812809,0.222383657875,0.222401217560,0.000017559686
7,0.17500000,5,5,1,6,1,5.500000,1.000000,2.500000000000,0.222383660736,0.222383692042,0.000000031306
7,0.17500000,6,6,1,7,1,6.500000,1.000000,3.201562118716,0.222390878788,0.222390878803,0.000000000015
7,0.17500000,7,7,1,8,1,7.500000,1.000000,4.031128874149,0.227529206822,0.227529206822,-0.000000000000
7,0.17500000,8,1,2,2,2,1.500000,2.000000,2.692582403567,0.215865097243,0.215865145313,0.000000048070
7,0.17500000,9,2,2,3,2,2.500000,2.000000,1.802775637732,0.209239926722,0.209287497494,0.000047570772
7,0.17500000,10,3,2,4,2,3.500000,2.000000,1.118033988750,0.209225458178,0.220798290776,0.011572832598
7,0.17500000,11,4,2,5,2,4.500000,2.000000,1.118033988750,0.209225448321,0.220798281131,0.011572832809
7,0.17500000,12,5,2,6,2,5.500000,2.000000,1.802775637732,0.209225458178,0.209273030090,0.000047571912
7,0.17500000,13,6,2,7,2,6.500000,2.000000,2.692582403567,0.209239926722,0.209239975382,0.000000048660
7,0.17500000,14,7,2,8,2,7.500000,2.000000,3.640054944640,0.215865097243,0.215865097261,0.000000000018
7,0.17500000,15,1,3,2,3,1.500000,3.000000,2.500000000000,0.215843524916,0.215867080814,0.000023555898
7,0.17500000,16,2,3,3,3,2.500000,3.000000,1.500000000000,0.209210980287,0.220768415581,0.011557435294
7,0.17500000,17,3,3,4,3,3.500000,3.000000,0.500000000000,0.209196482338,0.776772106620,0.567575624283
7,0.17500000,18,4,3,5,3,4.500000,3.000000,0.500000000000,0.209196472453,0.776772108650,0.567575636197
7,0.17500000,19,5,3,6,3,5.500000,3.000000,1.500000000000,0.209196482338,0.220754190946,0.011557708608
7,0.17500000,20,6,3,7,3,6.500000,3.000000,2.500000000000,0.209210980287,0.209234814372,0.000023834085
7,0.17500000,21,7,3,8,3,7.500000,3.000000,3.500000000000,0.215843524916,0.215843540983,0.000000016067
7,0.17500000,22,1,4,2,4,1.500000,4.000000,2.692582403567,0.215843524916,0.215843573083,0.000000048167
7,0.17500000,23,2,4,3,4,2.500000,4.000000,1.802775637732,0.209210980287,0.209258617303,0.000047637016
7,0.17500000,24,3,4,4,4,3.500000,4.000000,1.118033988750,0.209196482338,0.220777568663,0.011581086326
7,0.17500000,25,4,4,5,4,4.500000,4.000000,1.118033988750,0.209196472453,0.220777558991,0.011581086539
7,0.17500000,26,5,4,6,4,5.500000,4.000000,1.802775637732,0.209196482338,0.209244120499,0.000047638161
7,0.17500000,27,6,4,7,4,6.500000,4.000000,2.692582403567,0.209210980287,0.209211029047,0.000000048760
7,0.17500000,28,7,4,8,4,7.500000,4.000000,3.640054944640,0.215843524916,0.215843524934,0.000000000018
7,0.17500000,29,1,5,2,5,1.500000,5.000000,3.201562118716,0.215865097243,0.215865097270,0.000000000027
7,0.17500000,30,2,5,3,5,2.500000,5.000000,2.500000000000,0.209239926722,0.209239975407,0.000000048685
7,0.17500000,31,3,5,4,5,3.500000,5.000000,2.061552812809,0.209225458178,0.209249296329,0.000023838151
7,0.17500000,32,4,5,5,5,4.500000,5.000000,2.061552812809,0.209225448322,0.209249286473,0.000023838151
7,0.17500000,33,5,5,6,5,5.500000,5.000000,2.500000000000,0.209225458179,0.209225506866,0.000000048687
7,0.17500000,34,6,5,7,5,6.500000,5.000000,3.201562118716,0.209239926722,0.209239926749,0.000000000027
7,0.17500000,35,7,5,8,5,7.500000,5.000000,4.031128874149,0.215865097243,0.215865097243,-0.000000000000
7,0.17500000,36,1,6,2,6,1.500000,6.000000,3.905124837953,0.227529206822,0.227529206822,-0.000000000000
7,0.17500000,37,2,6,3,6,2.500000,6.000000,3.354101966250,0.222390878788,0.222390878800,0.000000000012
7,0.17500000,38,3,6,4,6,3.500000,6.000000,3.041381265149,0.222383660736,0.222383672876,0.000000012140
7,0.17500000,39,4,6,5,6,4.500000,6.000000,3.041381265149,0.222383657875,0.222383670016,0.000000012140
7,0.17500000,40,5,6,6,6,5.500000,6.000000,3.354101966250,0.222383660736,0.222383660748,0.000000000012
7,0.17500000,41,6,6,7,6,6.500000,6.000000,3.905124837953,0.222390878788,0.222390878788,-0.000000000000
7,0.17500000,42,7,6,8,6,7.500000,6.000000,4.609772228646,0.227529206822,0.227529206822,-0.000000000000
7,0.17500000,43,1,1,1,2,1.000000,1.500000,3.354101966250,0.227529206822,0.227529206834,0.000000000012
7,0.17500000,44,2,1,2,2,2.000000,1.500000,2.500000000000,0.215865097243,0.215865145316,0.000000048073
7,0.17500000,45,3,1,3,2,3.000000,1.500000,1.802775637732,0.215843524912,0.215890589142,0.000047064230
7,0.17500000,46,4,1,4,2,4.000000,1.500000,1.500000000000,0.215843512277,0.227265123964,0.011421611686
7,0.17500000,47,5,1,5,2,5.000000,1.500000,1.802775637732,0.215843512277,0.215890576555,0.000047064278
7,0.17500000,48,6,1,6,2,6.000000,1.500000,2.500000000000,0.215843524912,0.215843573066,0.000000048154
7,0.17500000,49,7,1,7,2,7.000000,1.500000,3.354101966250,0.215865097243,0.215865097261,0.000000000018
7,0.17500000,50,8,1,8,2,8.000000,1.500000,4.272001872659,0.227529206822,0.227529206822,-0.000000000000
7,0.17500000,51,1,2,1,3,1.000000,2.500000,3.041381265149,0.222390878788,0.222390890928,0.000000012140
7,0.17500000,52,2,2,2,3,2.000000,2.500000,2.061552812809,0.209239926724,0.209263764246,0.000023837522
7,0.17500000,53,3,2,3,3,3.000000,2.500000,1.118033988750,0.209210980283,0.220791757640,0.011580777357
7,0.17500000,54,4,2,4,3,4.000000,2.500000,0.500000000000,0.209210960541,0.776769216976,0.567558256435
7,0.17500000,55,5,2,5,3,5.000000,2.500000,1.118033988750,0.209210960541,0.220791743363,0.011580782822
7,0.17500000,56,6,2,6,3,6.000000,2.500000,2.061552812809,0.209210980283,0.209234846779,0.000023866496
7,0.17500000,57,7,2,7,3,7.000000,2.500000,3.041381265149,0.209239926724,0.209239942974,0.000000016250
7,0.17500000,58,8,2,8,3,8.000000,2.500000,4.031128874149,0.222390878788,0.222390878791,0.000000000003
7,0.17500000,59,1,3,1,4,1.000000,3.500000,3.041381265149,0.222383663598,0.222383675738,0.000000012140
7,0.17500000,60,2,3,2,4,2.000000,3.500000,2.061552812809,0.209225468041,0.209249306166,0.000023838125
7,0.17500000,61,3,3,3,4,3.000000,3.500000,1.118033988750,0.209196492222,0.220777573288,0.011581081066
7,0.17500000,62,4,3,4,4,4.000000,3.500000,0.500000000000,0.209196472452,0.776772108647,0.567575636195
7,0.17500000,63,5,3,5,4,5.000000,3.500000,1.118033988750,0.209196472452,0.220777558983,0.011581086531
7,0.17500000,64,6,3,6,4,6.000000,3.500000,2.061552812809,0.209196492222,0.209220359324,0.000023867102
7,0.17500000,65,7,3,7,4,7.000000,3.500000,3.041381265149,0.209225468041,0.209225484291,0.000000016250
7,0.17500000,66,8,3,8,4,8.000000,3.500000,4.031128874149,0.222383663598,0.222383663601,0.000000000003
7,0.17500000,67,1,4,1,5,1.000000,4.500000,3.354101966250,0.222390878788,0.222390878800,0.000000000012
7,0.17500000,68,2,4,2,5,2.000000,4.500000,2.500000000000,0.209239926724,0.209239975410,0.000000048685
7,0.17500000,69,3,4,3,5,3.000000,4.500000,1.802775637732,0.209210980283,0.209258617299,0.000047637016
7,0.17500000,70,4,4,4,5,4.000000,4.500000,1.500000000000,0.209210960541,0.220768401285,0.011557440744
7,0.17500000,71,5,4,5,5,5.000000,4.500000,1.802775637732,0.209210960541,0.209258597607,0.000047637066
7,0.17500000,72,6,4,6,5,6.000000,4.500000,2.500000000000,0.209210980283,0.209211029052,0.000000048769
7,0.17500000,73,7,4,7,5,7.000000,4.500000,3.354101966250,0.209239926724,0.209239926742,0.000000000018
7,0.17500000,74,8,4,8,5,8.000000,4.500000,4.272001872659,0.222390878788,0.222390878788,-0.000000000000
7,0.17500000,75,1,5,1,6,1.000000,5.500000,3.905124837953,0.227529206822,0.227529206822,-0.000000000000
7,0.17500000,76,2,5,2,6,2.000000,5.500000,3.201562118716,0.215865097243,0.215865097270,0.000000000027
7,0.17500000,77,3,5,3,6,3.000000,5.500000,2.692582403567,0.215843524912,0.215843573079,0.000000048167
7,0.17500000,78,4,5,4,6,4.000000,5.500000,2.500000000000,0.215843512277,0.215867068200,0.000023555923
7,0.17500000,79,5,5,5,6,5.000000,5.500000,2.692582403567,0.215843512277,0.215843560445,0.000000048167
7,0.17500000,80,6,5,6,6,6.000000,5.500000,3.201562118716,0.215843524912,0.215843524939,0.000000000027
7,0.17500000,81,7,5,7,6,7.000000,5.500000,3.905124837953,0.215865097243,0.215865097243,-0.000000000000
7,0.17500000,82,8,5,8,6,8.000000,5.500000,4.716990566028,0.227529206822,0.227529206822,-0.000000000000
8,0.20000000,1,1,1,2,1,1.500000,1.000000,3.201562118716,0.274452387313,0.274452387430,0.000000000117
8,0.20000000,2,2,1,3,1,2.500000,1.000000,2.500000000000,0.266839572254,0.266839702634,0.000000130381
8,0.20000000,3,3,1,4,1,3.500000,1.000000,2.061552812809,0.266821399679,0.266865083002,0.000043683323
8,0.20000000,4,4,1,5,1,4.500000,1.000000,2.061552812809,0.266821387593,0.266865070918,0.000043683324
8,0.20000000,5,5,1,6,1,5.500000,1.000000,2.500000000000,0.266821399678,0.266821530062,0.000000130384
8,0.20000000,6,6,1,7,1,6.500000,1.000000,3.201562118716,0.266839572254,0.266839572372,0.000000000118
8,0.20000000,7,7,1,8,1,7.500000,1.000000,4.031128874149,0.274452387313,0.274452387313,-0.000000000000
8,0.20000000,8,1,2,2,2,1.500000,2.000000,2.692582403567,0.257462965632,0.257463158526,0.000000192895
8,0.20000000,9,2,2,3,2,2.500000,2.000000,1.802775637732,0.247837936550,0.247953231580,0.000115295030
8,0.20000000,10,3,2,4,2,3.500000,2.000000,1.118033988750,0.247802790917,0.264745825105,0.016943034187
8,0.20000000,11,4,2,5,2,4.500000,2.000000,1.118033988750,0.247802750968,0.264745786570,0.016943035601
8,0.20000000,12,5,2,6,2,5.500000,2.000000,1.802775637732,0.247802790918,0.247918093510,0.000115302592
8,0.20000000,13,6,2,7,2,6.500000,2.000000,2.692582403567,0.247837936550,0.247838133434,0.000000196884
8,0.20000000,14,7,2,8,2,7.500000,2.000000,3.640054944640,0.257462965632,0.257462965764,0.000000000133
8,0.20000000,15,1,3,2,3,1.500000,3.000000,2.500000000000,0.257410112122,0.257466812945,0.000056700823
8,0.20000000,16,2,3,3,3,2.500000,3.000000,1.500000000000,0.247767612813,0.264672860571,0.016905247758
8,0.20000000,17,3,3,4,3,3.500000,3.000000,0.500000000000,0.247732352502,0.730509609812,0.482777257311
8,0.20000000,18,4,3,5,3,4.500000,3.000000,0.500000000000,0.247732312364,0.730509616110,0.482777303747
8,0.20000000,19,5,3,6,3,5.500000,3.000000,1.500000000000,0.247732352501,0.264638708498,0.016906355997
8,0.20000000,20,6,3,7,3,6.500000,3.000000,2.500000000000,0.247767612814,0.247825443864,0.000057831050
8,0.20000000,21,7,3,8,3,7.500000,3.000000,3.500000000000,0.257410112122,0.257410176702,0.000000064580
8,0.20000000,22,1,4,2,4,1.500000,4.000000,2.692582403567,0.257410112122,0.257410305634,0.000000193512
8,0.20000000,23,2,4,3,4,2.500000,4.000000,1.802775637732,0.247767612813,0.247883162376,0.000115549562
8,0.20000000,24,3,4,4,4,3.500000,4.000000,1.118033988750,0.247732352501,0.264694693535,0.016962341034
8,0.20000000,25,4,4,5,4,4.500000,4.000000,1.118033988750,0.247732312364,0.264694654822,0.016962342458
8,0.20000000,26,5,4,6,4,5.500000,4.000000,1.802775637732,0.247732352501,0.247847909686,0.000115557185
8,0.20000000,27,6,4,7,4,6.500000,4.000000,2.692582403567,0.247767612814,0.247767810344,0.000000197530
8,0.20000000,28,7,4,8,4,7.500000,4.000000,3.640054944640,0.257410112122,0.257410112255,0.000000000133
8,0.20000000,29,1,5,2,5,1.500000,5.000000,3.201562118716,0.257462965632,0.257462965831,0.000000000199
8,0.20000000,30,2,5,3,5,2.500000,5.000000,2.500000000000,0.247837936550,0.247838133612,0.000000197062
8,0.20000000,31,3,5,4,5,3.500000,5.000000,2.061552812809,0.247802790917,0.247860646502,0.000057855584
8,0.20000000,32,4,5,5,5,4.500000,5.000000,2.061552812809,0.247802750969,0.247860606558,0.000057855589
8,0.20000000,33,5,5,6,5,5.500000,5.000000,2.500000000000,0.247802790918,0.247802987994,0.000000197076
8,0.20000000,34,6,5,7,5,6.500000,5.000000,3.201562118716,0.247837936550,0.247837936754,0.000000000203
8,0.20000000,35,7,5,8,5,7.500000,5.000000,4.031128874149,0.257462965632,0.257462965632,0.000000000000
8,0.20000000,36,1,6,2,6,1.500000,6.000000,3.905124837953,0.274452387313,0.274452387313,-0.000000000000
8,0.20000000,37,2,6,3,6,2.500000,6.000000,3.354101966250,0.266839572254,0.266839572348,0.000000000094
8,0.20000000,38,3,6,4,6,3.500000,6.000000,3.041381265149,0.266821399678,0.266821450164,0.000000050485
8,0.20000000,39,4,6,5,6,4.500000,6.000000,3.041381265149,0.266821387593,0.266821438079,0.000000050485
8,0.20000000,40,5,6,6,6,5.500000,6.000000,3.354101966250,0.266821399679,0.266821399773,0.000000000094
8,0.20000000,41,6,6,7,6,6.500000,6.000000,3.905124837953,0.266839572254,0.266839572254,-0.000000000000
8,0.20000000,42,7,6,8,6,7.500000,6.000000,4.609772228646,0.274452387313,0.274452387313,-0.000000000000
8,0.20000000,43,1,1,1,2,1.000000,1.500000,3.354101966250,0.274452387313,0.274452387406,0.000000000093
8,0.20000000,44,2,1,2,2,2.000000,1.500000,2.500000000000,0.257462965632,0.257463158551,0.000000192919
8,0.20000000,45,3,1,3,2,3.000000,1.500000,1.802775637732,0.257410112099,0.257523339067,0.000113226968
8,0.20000000,46,4,1,4,2,4.000000,1.500000,1.500000000000,0.257410060632,0.273979477321,0.016569416689
8,0.20000000,47,5,1,5,2,5.000000,1.500000,1.802775637732,0.257410060632,0.257523287900,0.000113227267
8,0.20000000,48,6,1,6,2,6.000000,1.500000,2.500000000000,0.257410112099,0.257410305527,0.000000193428
8,0.20000000,49,7,1,7,2,7.000000,1.500000,3.354101966250,0.257462965632,0.257462965765,0.000000000133
8,0.20000000,50,8,1,8,2,8.000000,1.500000,4.272001872659,0.274452387313,0.274452387313,-0.000000000000
8,0.20000000,51,1,2,1,3,1.000000,2.500000,3.041381265149,0.266839572257,0.266839622741,0.000000050484
8,0.20000000,52,2,2,2,3,2.000000,2.500000,2.061552812809,0.247837936571,0.247895787983,0.000057851412
8,0.20000000,53,3,2,3,3,3.000000,2.500000,1.118033988750,0.247767612792,0.264728712483,0.016961099691
8,0.20000000,54,4,2,4,3,4.000000,2.500000,0.500000000000,0.247767532707,0.730504238018,0.482736705312
8,0.20000000,55,5,2,5,3,5.000000,2.500000,1.118033988750,0.247767532707,0.264728653661,0.016961120954
8,0.20000000,56,6,2,6,3,6.000000,2.500000,2.061552812809,0.247767612792,0.247825574892,0.000057962099
8,0.20000000,57,7,2,7,3,7.000000,2.500000,3.041381265149,0.247837936570,0.247838002408,0.000000065838
8,0.20000000,58,8,2,8,3,8.000000,2.500000,4.031128874149,0.266839572257,0.266839572283,0.000000000026
8,0.20000000,59,1,3,1,4,1.000000,3.500000,3.041381265149,0.266821411770,0.266821462255,0.000000050485
8,0.20000000,60,2,3,2,4,2.000000,3.500000,2.061552812809,0.247802830907,0.247860686329,0.000057855421
8,0.20000000,61,3,3,3,4,3.000000,3.500000,1.118033988750,0.247732392639,0.264694713764,0.016962321125
8,0.20000000,62,4,3,4,4,4.000000,3.500000,0.500000000000,0.247732312364,0.730509616090,0.482777303726
8,0.20000000,63,5,3,5,4,5.000000,3.500000,1.118033988750,0.247732312364,0.264694654764,0.016962342400
8,0.20000000,64,6,3,6,4,6.000000,3.500000,2.061552812809,0.247732392639,0.247790358777,0.000057966138
8,0.20000000,65,7,3,7,4,7.000000,3.500000,3.041381265149,0.247802830908,0.247802896750,0.000000065843
8,0.20000000,66,8,3,8,4,8.000000,3.500000,4.031128874149,0.266821411770,0.266821411796,0.000000000026
8,0.20000000,67,1,4,1,5,1.000000,4.500000,3.354101966250,0.266839572257,0.266839572351,0.000000000094
8,0.20000000,68,2,4,2,5,2.000000,4.500000,2.500000000000,0.247837936570,0.247838133632,0.000000197062
8,0.20000000,69,3,4,3,5,3.000000,4.500000,1.802775637732,0.247767612793,0.247883162355,0.000115549562
8,0.20000000,70,4,4,4,5,4.000000,4.500000,1.500000000000,0.247767532707,0.264672801651,0.016905268944
8,0.20000000,71,5,4,5,5,5.000000,4.500000,1.802775637732,0.247767532706,0.247883082586,0.000115549880
8,0.20000000,72,6,4,6,5,6.000000,4.500000,2.500000000000,0.247767612793,0.247767810391,0.000000197597
8,0.20000000,73,7,4,7,5,7.000000,4.500000,3.354101966250,0.247837936570,0.247837936706,0.000000000136
8,0.20000000,74,8,4,8,5,8.000000,4.500000,4.272001872659,0.266839572257,0.266839572257,-0.000000000000
8,0.20000000,75,1,5,1,6,1.000000,5.500000,3.905124837953,0.274452387313,0.274452387313,-0.000000000000
8,0.20000000,76,2,5,2,6,2.000000,5.500000,3.201562118716,0.257462965632,0.257462965831,0.000000000199
8,0.20000000,77,3,5,3,6,3.000000,5.500000,2.692582403567,0.257410112099,0.257410305611,0.000000193512
8,0.20000000,78,4,5,4,6,4.000000,5.500000,2.500000000000,0.257410060632,0.257466761614,0.000056700982
8,0.20000000,79,5,5,5,6,5.000000,5.500000,2.692582403567,0.257410060632,0.257410254145,0.000000193513
8,0.20000000,80,6,5,6,6,6.000000,5.500000,3.201562118716,0.257410112099,0.257410112299,0.000000000200
8,0.20000000,81,7,5,7,6,7.000000,5.500000,3.905124837953,0.257462965632,0.257462965632,0.000000000000
8,0.20000000,82,8,5,8,6,8.000000,5.500000,4.716990566028,0.274452387313,0.274452387313,-0.000000000000
9,0.22500000,1,1,1,2,1,1.500000,1.000000,3.201562118716,0.317507311142,0.317507311782,0.000000000641
9,0.22500000,2,2,1,3,1,2.500000,1.000000,2.500000000000,0.307095314797,0.307095757558,0.000000442761
9,0.22500000,3,3,1,4,1,3.500000,1.000000,2.061552812809,0.307055277096,0.307150236313,0.000094959217
9,0.22500000,4,4,1,5,1,4.500000,1.000000,2.061552812809,0.307055235176,0.307150194400,0.000094959224
9,0.22500000,5,5,1,6,1,5.500000,1.000000,2.500000000000,0.307055277097,0.307055719882,0.000000442785
9,0.22500000,6,6,1,7,1,6.500000,1.000000,3.201562118716,0.307095314796,0.307095315449,0.000000000653
9,0.22500000,7,7,1,8,1,7.500000,1.000000,4.031128874149,0.317507311141,0.317507311142,0.000000000000
9,0.22500000,8,1,2,2,2,1.500000,2.000000,2.692582403567,0.294727459980,0.294728087504,0.000000627524
9,0.22500000,9,2,2,3,2,2.500000,2.000000,1.802775637732,0.281817122442,0.282060760280,0.000243637838
9,0.22500000,10,3,2,4,2,3.500000,2.000000,1.118033988750,0.281742670917,0.304697922934,0.022955252017
9,0.22500000,11,4,2,5,2,4.500000,2.000000,1.118033988750,0.281742539109,0.304697798325,0.022955259217
9,0.22500000,12,5,2,6,2,5.500000,2.000000,1.802775637732,0.281742670919,0.281986347372,0.000243676454
9,0.22500000,13,6,2,7,2,6.500000,2.000000,2.692582403567,0.281817122442,0.281817770559,0.000000648117
9,0.22500000,14,7,2,8,2,7.500000,2.000000,3.640054944640,0.294727459980,0.294727460676,0.000000000696
9,0.22500000,15,1,3,2,3,1.500000,3.000000,2.500000000000,0.294614519439,0.294733135547,0.000118616108
9,0.22500000,16,2,3,3,3,2.500000,3.000000,1.500000000000,0.281668130285,0.304542731893,0.022874601608
9,0.22500000,17,3,3,4,3,3.500000,3.000000,0.500000000000,0.281593314064,0.686962172773,0.405368858709
9,0.22500000,18,4,3,5,3,4.500000,3.000000,0.500000000000,0.281593181313,0.686962186002,0.405369004688
9,0.22500000,19,5,3,6,3,5.500000,3.000000,1.500000000000,0.281593314063,0.304471600656,0.022878286593
9,0.22500000,20,6,3,7,3,6.500000,3.000000,2.500000000000,0.281668130287,0.281790513131,0.000122382845
9,0.22500000,21,7,3,8,3,7.500000,3.000000,3.500000000000,0.294614519439,0.294614729983,0.000000210543
9,0.22500000,22,1,4,2,4,1.500000,4.000000,2.692582403567,0.294614519440,0.294615149918,0.000000630478
9,0.22500000,23,2,4,3,4,2.500000,4.000000,1.802775637732,0.281668130285,0.281912567722,0.000244437437
9,0.22500000,24,3,4,4,4,3.500000,4.000000,1.118033988750,0.281593314062,0.304587864837,0.022994550775
9,0.22500000,25,4,4,5,4,4.500000,4.000000,1.118033988750,0.281593181315,0.304587739376,0.022994558062
9,0.22500000,26,5,4,6,4,5.500000,4.000000,1.802775637732,0.281593314063,0.281837790598,0.000244476535
9,0.22500000,27,6,4,7,4,6.500000,4.000000,2.692582403567,0.281668130287,0.281668781581,0.000000651294
9,0.22500000,28,7,4,8,4,7.500000,4.000000,3.640054944640,0.294614519440,0.294614520140,0.000000000700
9,0.22500000,29,1,5,2,5,1.500000,5.000000,3.201562118716,0.294727459980,0.294727461024,0.000000001044
9,0.22500000,30,2,5,3,5,2.500000,5.000000,2.500000000000,0.281817122442,0.281817771485,0.000000649044
9,0.22500000,31,3,5,4,5,3.500000,5.000000,2.061552812809,0.281742670917,0.281865159977,0.000122489060
9,0.22500000,32,4,5,5,5,4.500000,5.000000,2.061552812809,0.281742539109,0.281865028206,0.000122489097
9,0.22500000,33,5,5,6,5,5.500000,5.000000,2.500000000000,0.281742670919,0.281743320068,0.000000649149
9,0.22500000,34,6,5,7,5,6.500000,5.000000,3.201562118716,0.281817122441,0.281817123521,0.000000001080
9,0.22500000,35,7,5,8,5,7.500000,5.000000,4.031128874149,0.294727459980,0.294727459981,0.000000000001
9,0.22500000,36,1,6,2,6,1.500000,6.000000,3.905124837953,0.317507311141,0.317507311142,0.000000000000
9,0.22500000,37,2,6,3,6,2.500000,6.000000,3.354101966250,0.307095314797,0.307095315313,0.000000000517
9,0.22500000,38,3,6,4,6,3.500000,6.000000,3.041381265149,0.307055277096,0.307055448266,0.000000171169
9,0.22500000,39,4,6,5,6,4.500000,6.000000,3.041381265149,0.307055235177,0.307055406346,0.000000171169
9,0.22500000,40,5,6,6,6,5.500000,6.000000,3.354101966250,0.307055277097,0.307055277613,0.000000000517
9,0.22500000,41,6,6,7,6,6.500000,6.000000,3.905124837953,0.307095314797,0.307095314797,0.000000000000
9,0.22500000,42,7,6,8,6,7.500000,6.000000,4.609772228646,0.317507311141,0.317507311141,-0.000000000000
9,0.22500000,43,1,1,1,2,1.000000,1.500000,3.354101966250,0.317507311141,0.317507311648,0.000000000507
9,0.22500000,44,2,1,2,2,2.000000,1.500000,2.500000000000,0.294727459980,0.294728087642,0.000000627662
9,0.22500000,45,3,1,3,2,3.000000,1.500000,1.802775637732,0.294614519314,0.294851237613,0.000236718299
9,0.22500000,46,4,1,4,2,4.000000,1.500000,1.500000000000,0.294614348537,0.316764642797,0.022150294261
9,0.22500000,47,5,1,5,2,5.000000,1.500000,1.802775637732,0.294614348536,0.294851068236,0.000236719700
9,0.22500000,48,6,1,6,2,6.000000,1.500000,2.500000000000,0.294614519313,0.294615149378,0.000000630064
9,0.22500000,49,7,1,7,2,7.000000,1.500000,3.354101966250,0.294727459981,0.294727460677,0.000000000696
9,0.22500000,50,8,1,8,2,8.000000,1.500000,4.272001872659,0.317507311142,0.317507311142,0.000000000000
9,0.22500000,51,1,2,1,3,1.000000,2.500000,3.041381265149,0.307095314816,0.307095485974,0.000000171158
9,0.22500000,52,2,2,2,3,2.000000,2.500000,2.061552812809,0.281817122552,0.281939590349,0.000122467798
9,0.22500000,53,3,2,3,3,3.000000,2.500000,1.118033988750,0.281668130175,0.304658597539,0.022990467363
9,0.22500000,54,4,2,4,3,4.000000,2.500000,0.500000000000,0.281667865620,0.686954937672,0.405287072052
9,0.22500000,55,5,2,5,3,5.000000,2.500000,1.118033988750,0.281667865620,0.304658400152,0.022990534532
9,0.22500000,56,6,2,6,3,6.000000,2.500000,2.061552812809,0.281668130175,0.281790944029,0.000122813853
9,0.22500000,57,7,2,7,3,7.000000,2.500000,3.041381265149,0.281817122550,0.281817339682,0.000000217131
9,0.22500000,58,8,2,8,3,8.000000,2.500000,4.031128874149,0.307095314816,0.307095314960,0.000000000144
9,0.22500000,59,1,3,1,4,1.000000,3.500000,3.041381265149,0.307055319056,0.307055490224,0.000000171168
9,0.22500000,60,2,3,2,4,2.000000,3.500000,2.061552812809,0.281742802945,0.281865291221,0.000122488276
9,0.22500000,61,3,3,3,4,3.000000,3.500000,1.118033988750,0.281593446812,0.304587937289,0.022994490477
9,0.22500000,62,4,3,4,4,4.000000,3.500000,0.500000000000,0.281593181314,0.686962185929,0.405369004615
9,0.22500000,63,5,3,5,4,5.000000,3.500000,1.118033988750,0.281593181315,0.304587739049,0.022994557734
9,0.22500000,64,6,3,6,4,6.000000,3.500000,2.061552812809,0.281593446812,0.281716281379,0.000122834567
9,0.22500000,65,7,3,7,4,7.000000,3.500000,3.041381265149,0.281742802945,0.281743020112,0.000000217167
9,0.22500000,66,8,3,8,4,8.000000,3.500000,4.031128874149,0.307055319056,0.307055319200,0.000000000144
9,0.22500000,67,1,4,1,5,1.000000,4.500000,3.354101966250,0.307095314816,0.307095315333,0.000000000517
9,0.22500000,68,2,4,2,5,2.000000,4.500000,2.500000000000,0.281817122550,0.281817771593,0.000000649043
9,0.22500000,69,3,4,3,5,3.000000,4.500000,1.802775637732,0.281668130177,0.281912567615,0.000244437438
9,0.22500000,70,4,4,4,5,4.000000,4.500000,1.500000000000,0.281667865620,0.304542534108,0.022874668488
9,0.22500000,71,5,4,5,5,5.000000,4.500000,1.802775637732,0.281667865619,0.281912304602,0.000244438983
9,0.22500000,72,6,4,6,5,6.000000,4.500000,2.500000000000,0.281668130175,0.281668781828,0.000000651653
9,0.22500000,73,7,4,7,5,7.000000,4.500000,3.354101966250,0.281817122550,0.281817123271,0.000000000721
9,0.22500000,74,8,4,8,5,8.000000,4.500000,4.272001872659,0.307095314816,0.307095314816,0.000000000000
9,0.22500000,75,1,5,1,6,1.000000,5.500000,3.905124837953,0.317507311142,0.317507311142,0.000000000000
9,0.22500000,76,2,5,2,6,2.000000,5.500000,3.201562118716,0.294727459981,0.294727461025,0.000000001044
9,0.22500000,77,3,5,3,6,3.000000,5.500000,2.692582403567,0.294614519313,0.294615149792,0.000000630478
9,0.22500000,78,4,5,4,6,4.000000,5.500000,2.500000000000,0.294614348537,0.294732965389,0.000118616853
9,0.22500000,79,5,5,5,6,5.000000,5.500000,2.692582403567,0.294614348536,0.294614979021,0.000000630484
9,0.22500000,80,6,5,6,6,6.000000,5.500000,3.201562118716,0.294614519313,0.294614520363,0.000000001049
9,0.22500000,81,7,5,7,6,7.000000,5.500000,3.905124837953,0.294727459980,0.294727459981,0.000000000001
9,0.22500000,82,8,5,8,6,8.000000,5.500000,4.716990566028,0.317507311142,0.317507311142,-0.000000000000
10,0.25000000,1,1,1,2,1,1.500000,1.000000,3.201562118716,0.354684388070,0.354684390835,0.000000002764
10,0.25000000,2,2,1,3,1,2.500000,1.000000,2.500000000000,0.341396699729,0.341397975944,0.000001276215
10,0.25000000,3,3,1,4,1,3.500000,1.000000,2.061552812809,0.341317583998,0.341502502289,0.000184918290
10,0.25000000,4,4,1,5,1,4.500000,1.000000,2.061552812809,0.341317460313,0.341502378646,0.000184918333
10,0.25000000,5,5,1,6,1,5.500000,1.000000,2.500000000000,0.341317583999,0.341318860367,0.000001276368
10,0.25000000,6,6,1,7,1,6.500000,1.000000,3.201562118716,0.341396699728,0.341396702569,0.000000002841
10,0.25000000,7,7,1,8,1,7.500000,1.000000,4.031128874149,0.354684388070,0.354684388072,0.000000000003
10,0.25000000,8,1,2,2,2,1.500000,2.000000,2.692582403567,0.326277677799,0.326279399788,0.000001721989
10,0.25000000,9,2,2,3,2,2.500000,2.000000,1.802775637732,0.310097245348,0.310557585913,0.000460340564
10,0.25000000,10,3,2,4,2,3.500000,2.000000,1.118033988750,0.309956195520,0.339098950649,0.029142755129
10,0.25000000,11,4,2,5,2,4.500000,2.000000,1.118033988750,0.309955826922,0.339098611521,0.029142784599
10,0.25000000,12,5,2,6,2,5.500000,2.000000,1.802775637732,0.309956195522,0.310416695585,0.000460500062
10,0.25000000,13,6,2,7,2,6.500000,2.000000,2.692582403567,0.310097245348,0.310099052933,0.000001807584
10,0.25000000,14,7,2,8,2,7.500000,2.000000,3.640054944640,0.326277677799,0.326277680670,0.000000002871
10,0.25000000,15,1,3,2,3,1.500000,3.000000,2.500000000000,0.326061904352,0.326282846918,0.000220942566
10,0.25000000,16,2,3,3,3,2.500000,3.000000,1.500000000000,0.309814949890,0.338804319217,0.028989369326
10,0.25000000,17,3,3,4,3,3.500000,3.000000,0.500000000000,0.309672916744,0.647443241099,0.337770324355
10,0.25000000,18,4,3,5,3,4.500000,3.000000,0.500000000000,0.309672544372,0.647443253175,0.337770708802
10,0.25000000,19,5,3,6,3,5.500000,3.000000,1.500000000000,0.309672916742,0.338672717072,0.028999800329
10,0.25000000,20,6,3,7,3,6.500000,3.000000,2.500000000000,0.309814949893,0.310046582850,0.000231632957
10,0.25000000,21,7,3,8,3,7.500000,3.000000,3.500000000000,0.326061904352,0.326062483619,0.000000579267
10,0.25000000,22,1,4,2,4,1.500000,4.000000,2.692582403567,0.326061904354,0.326063637537,0.000001733183
10,0.25000000,23,2,4,3,4,2.500000,4.000000,1.802775637732,0.309814949890,0.310277421404,0.000462471513
10,0.25000000,24,3,4,4,4,3.500000,4.000000,1.118033988750,0.309672916740,0.338887100196,0.029214183456
10,0.25000000,25,4,4,5,4,4.500000,4.000000,1.118033988750,0.309672544375,0.338886757831,0.029214213457
10,0.25000000,26,5,4,6,4,5.500000,4.000000,1.802775637732,0.309672916742,0.310135550692,0.000462633950
10,0.25000000,27,6,4,7,4,6.500000,4.000000,2.692582403567,0.309814949893,0.309816770031,0.000001820138
10,0.25000000,28,7,4,8,4,7.500000,4.000000,3.640054944640,0.326061904353,0.326061907249,0.000000002897
10,0.25000000,29,1,5,2,5,1.500000,5.000000,3.201562118716,0.326277677800,0.326277682109,0.000000004308
10,0.25000000,30,2,5,3,5,2.500000,5.000000,2.500000000000,0.310097245349,0.310099056766,0.000001811417
10,0.25000000,31,3,5,4,5,3.500000,5.000000,2.061552812809,0.309956195519,0.310188198439,0.000232002920
10,0.25000000,32,4,5,5,5,4.500000,5.000000,2.061552812809,0.309955826924,0.310187830069,0.000232003146
10,0.25000000,33,5,5,6,5,5.500000,5.000000,2.500000000000,0.309956195523,0.309958007584,0.000001812061
10,0.25000000,34,6,5,7,5,6.500000,5.000000,3.201562118716,0.310097245348,0.310097249878,0.000000004530
10,0.25000000,35,7,5,8,5,7.500000,5.000000,4.031128874149,0.326277677800,0.326277677805,0.000000000005
10,0.25000000,36,1,6,2,6,1.500000,6.000000,3.905124837953,0.354684388070,0.354684388073,0.000000000003
10,0.25000000,37,2,6,3,6,2.500000,6.000000,3.354101966250,0.341396699728,0.341396701970,0.000000002242
10,0.25000000,38,3,6,4,6,3.500000,6.000000,3.041381265149,0.341317583998,0.341318076582,0.000000492585
10,0.25000000,39,4,6,5,6,4.500000,6.000000,3.041381265149,0.341317460314,0.341317952899,0.000000492585
10,0.25000000,40,5,6,6,6,5.500000,6.000000,3.354101966250,0.341317584000,0.341317586241,0.000000002242
10,0.25000000,41,6,6,7,6,6.500000,6.000000,3.905124837953,0.341396699728,0.341396699732,0.000000000003
10,0.25000000,42,7,6,8,6,7.500000,6.000000,4.609772228646,0.354684388070,0.354684388070,-0.000000000000
10,0.25000000,43,1,1,1,2,1.000000,1.500000,3.354101966250,0.354684388069,0.354684390246,0.000000002177
10,0.25000000,44,2,1,2,2,2.000000,1.500000,2.500000000000,0.326277677799,0.326279400402,0.000001722602
10,0.25000000,45,3,1,3,2,3.000000,1.500000,1.802775637732,0.326061903820,0.326502545814,0.000440641994
10,0.25000000,46,4,1,4,2,4.000000,1.500000,1.500000000000,0.326061423925,0.353653322363,0.027591898438
10,0.25000000,47,5,1,5,2,5.000000,1.500000,1.802775637732,0.326061423924,0.326502071079,0.000440647155
10,0.25000000,48,6,1,6,2,6.000000,1.500000,2.500000000000,0.326061903819,0.326063635388,0.000001731569
10,0.25000000,49,7,1,7,2,7.000000,1.500000,3.354101966250,0.326277677800,0.326277680673,0.000000002872
10,0.25000000,50,8,1,8,2,8.000000,1.500000,4.272001872659,0.354684388070,0.354684388072,0.000000000002
10,0.25000000,51,1,2,1,3,1.000000,2.500000,3.041381265149,0.341396699819,0.341397192331,0.000000492512
10,0.25000000,52,2,2,2,3,2.000000,2.500000,2.061552812809,0.310097245808,0.310329161125,0.000231915317
10,0.25000000,53,3,2,3,3,3.000000,2.500000,1.118033988750,0.309814949428,0.339017718366,0.029202768938
10,0.25000000,54,4,2,4,3,4.000000,2.500000,0.500000000000,0.309814208468,0.647438771788,0.337624563320
10,0.25000000,55,5,2,5,3,5.000000,2.500000,1.118033988750,0.309814208468,0.339017156844,0.029202948376
10,0.25000000,56,6,2,6,3,6.000000,2.500000,2.061552812809,0.309814949429,0.310047783064,0.000232833635
10,0.25000000,57,7,2,7,3,7.000000,2.500000,3.041381265149,0.310097245806,0.310097852854,0.000000607048
10,0.25000000,58,8,2,8,3,8.000000,2.500000,4.031128874149,0.341396699819,0.341396700441,0.000000000622
10,0.25000000,59,1,3,1,4,1.000000,3.500000,3.041381265149,0.341317707864,0.341318200441,0.000000492577
10,0.25000000,60,2,3,2,4,2.000000,3.500000,2.061552812809,0.309956565036,0.310188564954,0.000231999918
10,0.25000000,61,3,3,3,4,3.000000,3.500000,1.118033988750,0.309673289110,0.338887321125,0.029214032016
10,0.25000000,62,4,3,4,4,4.000000,3.500000,0.500000000000,0.309672544372,0.647443253029,0.337770708656
10,0.25000000,63,5,3,5,4,5.000000,3.500000,1.118033988750,0.309672544375,0.338886756365,0.029214211990
10,0.25000000,64,6,3,6,4,6.000000,3.500000,2.061552812809,0.309673289110,0.309906208781,0.000232919671
10,0.25000000,65,7,3,7,4,7.000000,3.500000,3.041381265149,0.309956565036,0.309957172304,0.000000607268
10,0.25000000,66,8,3,8,4,8.000000,3.500000,4.031128874149,0.341317707865,0.341317708487,0.000000000622
10,0.25000000,67,1,4,1,5,1.000000,4.500000,3.354101966250,0.341396699818,0.341396702060,0.000000002242
10,0.25000000,68,2,4,2,5,2.000000,4.500000,2.500000000000,0.310097245805,0.310099057218,0.000001811414
10,0.25000000,69,3,4,3,5,3.000000,4.500000,1.802775637732,0.309814949432,0.310277420950,0.000462471517
10,0.25000000,70,4,4,4,5,4.000000,4.500000,1.500000000000,0.309814208469,0.338803756541,0.028989548072
10,0.25000000,71,5,4,5,5,5.000000,4.500000,1.802775637732,0.309814208466,0.310276686028,0.000462477562
10,0.25000000,72,6,4,6,5,6.000000,4.500000,2.500000000000,0.309814949429,0.309816771071,0.000001821642
10,0.25000000,73,7,4,7,5,7.000000,4.500000,3.354101966250,0.310097245805,0.310097248831,0.000000003027
10,0.25000000,74,8,4,8,5,8.000000,4.500000,4.272001872659,0.341396699818,0.341396699820,0.000000000002
10,0.25000000,75,1,5,1,6,1.000000,5.500000,3.905124837953,0.354684388070,0.354684388073,0.000000000003
10,0.25000000,76,2,5,2,6,2.000000,5.500000,3.201562118716,0.326277677801,0.326277682109,0.000000004308
10,0.25000000,77,3,5,3,6,3.000000,5.500000,2.692582403567,0.326061903819,0.326063637005,0.000001733187
10,0.25000000,78,4,5,4,6,4.000000,5.500000,2.500000000000,0.326061423925,0.326282369256,0.000220945332
10,0.25000000,79,5,5,5,6,5.000000,5.500000,2.692582403567,0.326061423925,0.326063157143,0.000001733218
10,0.25000000,80,6,5,6,6,6.000000,5.500000,3.201562118716,0.326061903820,0.326061908158,0.000000004338
10,0.25000000,81,7,5,7,6,7.000000,5.500000,3.905124837953,0.326277677800,0.326277677805,0.000000000005
10,0.25000000,82,8,5,8,6,8.000000,5.500000,4.716990566028,0.354684388070,0.354684388070,-0.000000000000
11,0.27500000,1,1,1,2,1,1.500000,1.000000,3.201562118716,0.384470776246,0.384470786122,0.000000009876
11,0.27500000,2,2,1,3,1,2.500000,1.000000,2.500000000000,0.368541716165,0.368544929723,0.000003213558
11,0.27500000,3,3,1,4,1,3.500000,1.000000,2.061552812809,0.368398967172,0.368727480914,0.000328513742
11,0.27500000,4,4,1,5,1,4.500000,1.000000,2.061552812809,0.368398647539,0.368727161495,0.000328513956
11,0.27500000,5,5,1,6,1,5.500000,1.000000,2.500000000000,0.368398967173,0.368402181509,0.000003214336
11,0.27500000,6,6,1,7,1,6.500000,1.000000,3.201562118716,0.368541716164,0.368541726433,0.000000010269
11,0.27500000,7,7,1,8,1,7.500000,1.000000,4.031128874149,0.384470776245,0.384470776259,0.000000000014
11,0.27500000,8,1,2,2,2,1.500000,2.000000,2.692582403567,0.351332314203,0.351336414362,0.000004100159
11,0.27500000,9,2,2,3,2,2.500000,2.000000,1.802775637732,0.332227406829,0.333019658656,0.000792251827
11,0.27500000,10,3,2,4,2,3.500000,2.000000,1.118033988750,0.331983957737,0.366963267555,0.034979309818
11,0.27500000,11,4,2,5,2,4.500000,2.000000,1.118033988750,0.331983058136,0.366962468624,0.034979410488
11,0.27500000,12,5,2,6,2,5.500000,2.000000,1.802775637732,0.331983957741,0.332776762079,0.000792804338
11,0.27500000,13,6,2,7,2,6.500000,2.000000,2.692582403567,0.332227406829,0.332231804617,0.000004397788
11,0.27500000,14,7,2,8,2,7.500000,2.000000,3.640054944640,0.351332314203,0.351332323977,0.000000009775
11,0.27500000,15,1,3,2,3,1.500000,3.000000,2.500000000000,0.350957014091,0.351329864607,0.000372850516
11,0.27500000,16,2,3,3,3,2.500000,3.000000,1.500000000000,0.331740175079,0.366454894480,0.034714719401
11,0.27500000,17,3,3,4,3,3.500000,3.000000,0.500000000000,0.331494415290,0.612811642028,0.281317226739
11,0.27500000,18,4,3,5,3,4.500000,3.000000,0.500000000000,0.331493503064,0.612811600162,0.281318097098
11,0.27500000,19,5,3,6,3,5.500000,3.000000,1.500000000000,0.331494415286,0.366234969934,0.034740554648
11,0.27500000,20,6,3,7,3,6.500000,3.000000,2.500000000000,0.331740175083,0.332139582348,0.000399407265
11,0.27500000,21,7,3,8,3,7.500000,3.000000,3.500000000000,0.350957014091,0.350958397477,0.000001383385
11,0.27500000,22,1,4,2,4,1.500000,4.000000,2.692582403567,0.350957014094,0.350961148957,0.000004134863
11,0.27500000,23,2,4,3,4,2.500000,4.000000,1.802775637732,0.331740175079,0.332537375227,0.000797200148
11,0.27500000,24,3,4,4,4,3.500000,4.000000,1.118033988750,0.331494415284,0.366591868831,0.035097453547
11,0.27500000,25,4,4,5,4,4.500000,4.000000,1.118033988750,0.331493503068,0.366591059878,0.035097556810
11,0.27500000,26,5,4,6,4,5.500000,4.000000,1.802775637732,0.331494415286,0.332292182378,0.000797767092
11,0.27500000,27,6,4,7,4,6.500000,4.000000,2.692582403567,0.331740175083,0.331744614218,0.000004439136
11,0.27500000,28,7,4,8,4,7.500000,4.000000,3.640054944640,0.350957014093,0.350957023981,0.000000009889
11,0.27500000,29,1,5,2,5,1.500000,5.000000,3.201562118716,0.351332314204,0.351332328872,0.000000014668
11,0.27500000,30,2,5,3,5,2.500000,5.000000,2.500000000000,0.332227406829,0.332231817793,0.000004410964
11,0.27500000,31,3,5,4,5,3.500000,5.000000,2.061552812809,0.331983957735,0.332384461044,0.000400503309
11,0.27500000,32,4,5,5,5,4.500000,5.000000,2.061552812809,0.331983058138,0.332383562544,0.000400504406
11,0.27500000,33,5,5,6,5,5.500000,5.000000,2.500000000000,0.331983957741,0.331988371858,0.000004414117
11,0.27500000,34,6,5,7,5,6.500000,5.000000,3.201562118716,0.332227406828,0.332227422597,0.000000015769
11,0.27500000,35,7,5,8,5,7.500000,5.000000,4.031128874149,0.351332314204,0.351332314228,0.000000000024
11,0.27500000,36,1,6,2,6,1.500000,6.000000,3.905124837953,0.384470776245,0.384470776262,0.000000000017
11,0.27500000,37,2,6,3,6,2.500000,6.000000,3.354101966250,0.368541716165,0.368541724242,0.000000008078
11,0.27500000,38,3,6,4,6,3.500000,6.000000,3.041381265149,0.368398967171,0.368400205588,0.000001238416
11,0.27500000,39,4,6,5,6,4.500000,6.000000,3.041381265149,0.368398647539,0.368399885957,0.000001238417
11,0.27500000,40,5,6,6,6,5.500000,6.000000,3.354101966250,0.368398967174,0.368398975253,0.000000008080
11,0.27500000,41,6,6,7,6,6.500000,6.000000,3.905124837953,0.368541716164,0.368541716182,0.000000000018
11,0.27500000,42,7,6,8,6,7.500000,6.000000,4.609772228646,0.384470776245,0.384470776245,0.000000000000
11,0.27500000,43,1,1,1,2,1.000000,1.500000,3.354101966250,0.384470776245,0.384470783992,0.000000007747
11,0.27500000,44,2,1,2,2,2.000000,1.500000,2.500000000000,0.351332314203,0.351336416631,0.000004102428
11,0.27500000,45,3,1,3,2,3.000000,1.500000,1.802775637732,0.350957012242,0.351700222383,0.000743210142
11,0.27500000,46,4,1,4,2,4.000000,1.500000,1.500000000000,0.350955836557,0.383213508531,0.032257671974
11,0.27500000,47,5,1,5,2,5.000000,1.500000,1.802775637732,0.350955836555,0.351699062107,0.000743225551
11,0.27500000,48,6,1,6,2,6.000000,1.500000,2.500000000000,0.350957012240,0.350961141935,0.000004129695
11,0.27500000,49,7,1,7,2,7.000000,1.500000,3.354101966250,0.351332314205,0.351332323985,0.000000009780
11,0.27500000,50,8,1,8,2,8.000000,1.500000,4.272001872659,0.384470776246,0.384470776256,0.000000000010
11,0.27500000,51,1,2,1,3,1.000000,2.500000,3.041381265149,0.368541716505,0.368542954558,0.000001238054
11,0.27500000,52,2,2,2,3,2.000000,2.500000,2.061552812809,0.332227408429,0.332627609057,0.000400200628
11,0.27500000,53,3,2,3,3,3.000000,2.500000,1.118033988750,0.331740173477,0.366809766843,0.035069593366
11,0.27500000,54,4,2,4,3,4.000000,2.500000,0.500000000000,0.331738361678,0.612822571222,0.281084209545
11,0.27500000,55,5,2,5,3,5.000000,2.500000,1.118033988750,0.331738361677,0.366808372476,0.035070010798
11,0.27500000,56,6,2,6,3,6.000000,2.500000,2.061552812809,0.331740173477,0.332142497760,0.000402324283
11,0.27500000,57,7,2,7,3,7.000000,2.500000,3.041381265149,0.332227408425,0.332228889907,0.000001481482
11,0.27500000,58,8,2,8,3,8.000000,2.500000,4.031128874149,0.368541716504,0.368541718742,0.000000002238
11,0.27500000,59,1,3,1,4,1.000000,3.500000,3.041381265149,0.368399287484,0.368400525866,0.000001238382
11,0.27500000,60,2,3,2,4,2.000000,3.500000,2.061552812809,0.331984860534,0.332385354343,0.000400493810
11,0.27500000,61,3,3,3,4,3.000000,3.500000,1.118033988750,0.331495327504,0.366592458770,0.035097131265
11,0.27500000,62,4,3,4,4,4.000000,3.500000,0.500000000000,0.331493503066,0.612811600281,0.281318097215
11,0.27500000,63,5,3,5,4,5.000000,3.500000,1.118033988750,0.331493503070,0.366591054389,0.035097551319
11,0.27500000,64,6,3,6,4,6.000000,3.500000,2.061552812809,0.331495327505,0.331897952016,0.000402624512
11,0.27500000,65,7,3,7,4,7.000000,3.500000,3.041381265149,0.331984860534,0.331986343096,0.000001482562
11,0.27500000,66,8,3,8,4,8.000000,3.500000,4.031128874149,0.368399287485,0.368399289723,0.000000002238
11,0.27500000,67,1,4,1,5,1.000000,4.500000,3.354101966250,0.368541716504,0.368541724581,0.000000008078
11,0.27500000,68,2,4,2,5,2.000000,4.500000,2.500000000000,0.332227408423,0.332231819369,0.000004410946
11,0.27500000,69,3,4,3,5,3.000000,4.500000,1.802775637732,0.331740173483,0.332537373653,0.000797200170
11,0.27500000,70,4,4,4,5,4.000000,4.500000,1.500000000000,0.331738361679,0.366453498077,0.034715136397
11,0.27500000,71,5,4,5,5,5.000000,4.500000,1.802775637732,0.331738361674,0.332535581566,0.000797219892
11,0.27500000,72,6,4,6,5,6.000000,4.500000,2.500000000000,0.331740173478,0.331744617843,0.000004444365
11,0.27500000,73,7,4,7,5,7.000000,4.500000,3.354101966250,0.332227408423,0.332227418969,0.000000010546
11,0.27500000,74,8,4,8,5,8.000000,4.500000,4.272001872659,0.368541716504,0.368541716514,0.000000000010
11,0.27500000,75,1,5,1,6,1.000000,5.500000,3.905124837953,0.384470776246,0.384470776264,0.000000000017
11,0.27500000,76,2,5,2,6,2.000000,5.500000,3.201562118716,0.351332314205,0.351332328873,0.000000014668
11,0.27500000,77,3,5,3,6,3.000000,5.500000,2.692582403567,0.350957012240,0.350961147120,0.000004134880
11,0.27500000,78,4,5,4,6,4.000000,5.500000,2.500000000000,0.350955836557,0.351328695399,0.000372858843
11,0.27500000,79,5,5,5,6,5.000000,5.500000,2.692582403567,0.350955836556,0.350959971571,0.000004135014
11,0.27500000,80,6,5,6,6,6.000000,5.500000,3.201562118716,0.350957012240,0.350957027041,0.000000014801
11,0.27500000,81,7,5,7,6,7.000000,5.500000,3.905124837953,0.351332314205,0.351332314229,0.000000000024
11,0.27500000,82,8,5,8,6,8.000000,5.500000,4.716990566028,0.384470776246,0.384470776246,0.000000000000
12,0.30000000,1,1,1,2,1,1.500000,1.000000,3.201562118716,0.405912671207,0.405912701363,0.000000030157
12,0.30000000,2,2,1,3,1,2.500000,1.000000,2.500000000000,0.387914970623,0.387922193343,0.000007222721
12,0.30000000,3,3,1,4,1,3.500000,1.000000,2.061552812809,0.387676620122,0.388216427088,0.000539806966
12,0.30000000,4,4,1,5,1,4.500000,1.000000,2.061552812809,0.387675880837,0.388215688692,0.000539807856
12,0.30000000,5,5,1,6,1,5.500000,1.000000,2.500000000000,0.387676620123,0.387683846133,0.000007226010
12,0.30000000,6,6,1,7,1,6.500000,1.000000,3.201562118716,0.387914970621,0.387915002451,0.000000031830
12,0.30000000,7,7,1,8,1,7.500000,1.000000,4.031128874149,0.405912671204,0.405912671267,0.000000000062
12,0.30000000,8,1,2,2,2,1.500000,2.000000,2.692582403567,0.369677832474,0.369686482478,0.000008650004
12,0.30000000,9,2,2,3,2,2.500000,2.000000,1.802775637732,0.348307430329,0.349566964670,0.001259534341
12,0.30000000,10,3,2,4,2,3.500000,2.000000,1.118033988750,0.347919216567,0.387868834914,0.039949618347
12,0.30000000,11,4,2,5,2,4.500000,2.000000,1.118033988750,0.347917257639,0.387867171067,0.039949913428
12,0.30000000,12,5,2,6,2,5.500000,2.000000,1.802775637732,0.347919216573,0.349180400497,0.001261183925
12,0.30000000,13,6,2,7,2,6.500000,2.000000,2.692582403567,0.348307430329,0.348316970995,0.000009540666
12,0.30000000,14,7,2,8,2,7.500000,2.000000,3.640054944640,0.369677832473,0.369677860794,0.000000028321
12,0.30000000,15,1,3,2,3,1.500000,3.000000,2.500000000000,0.369075427850,0.369652710939,0.000577283089
12,0.30000000,16,2,3,3,3,2.500000,3.000000,1.500000000000,0.347530633206,0.387060660764,0.039530027558
12,0.30000000,17,3,3,4,3,3.500000,3.000000,0.500000000000,0.347137587779,0.583512925938,0.236375338158
12,0.30000000,18,4,3,5,3,4.500000,3.000000,0.500000000000,0.347135592613,0.583512653494,0.236377060881
12,0.30000000,19,5,3,6,3,5.500000,3.000000,1.500000000000,0.347137587773,0.386724776102,0.039587188328
12,0.30000000,20,6,3,7,3,6.500000,3.000000,2.500000000000,0.347530633212,0.348166873756,0.000636240544
12,0.30000000,21,7,3,8,3,7.500000,3.000000,3.500000000000,0.369075427850,0.369078355410,0.000002927560
12,0.30000000,22,1,4,2,4,1.500000,4.000000,2.692582403567,0.369075427855,0.369084167555,0.000008739700
12,0.30000000,23,2,4,3,4,2.500000,4.000000,1.802775637732,0.347530633206,0.348800379677,0.001269746471
12,0.30000000,24,3,4,4,4,3.500000,4.000000,1.118033988750,0.347137587770,0.387267546879,0.040129959109
12,0.30000000,25,4,4,5,4,4.500000,4.000000,1.118033988750,0.347135592619,0.387265857334,0.040130264715
12,0.30000000,26,5,4,6,4,5.500000,4.000000,1.802775637732,0.347137587773,0.348409042974,0.001271455200
12,0.30000000,27,6,4,7,4,6.500000,4.000000,2.692582403567,0.347530633212,0.347540290612,0.000009657400
12,0.30000000,28,7,4,8,4,7.500000,4.000000,3.640054944640,0.369075427852,0.369075456586,0.000000028734
12,0.30000000,29,1,5,2,5,1.500000,5.000000,3.201562118716,0.369677832475,0.369677874981,0.000000042506
12,0.30000000,30,2,5,3,5,2.500000,5.000000,2.500000000000,0.348307430329,0.348317009818,0.000009579490
12,0.30000000,31,3,5,4,5,3.500000,5.000000,2.061552812809,0.347919216565,0.348558312666,0.000639096101
12,0.30000000,32,4,5,5,5,4.500000,5.000000,2.061552812809,0.347917257642,0.348556358189,0.000639100547
12,0.30000000,33,5,5,6,5,5.500000,5.000000,2.500000000000,0.347919216572,0.347928808910,0.000009592338
12,0.30000000,34,6,5,7,5,6.500000,5.000000,3.201562118716,0.348307430326,0.348307477350,0.000000047023
12,0.30000000,35,7,5,8,5,7.500000,5.000000,4.031128874149,0.369677832476,0.369677832574,0.000000000098
12,0.30000000,36,1,6,2,6,1.500000,6.000000,3.905124837953,0.405912671205,0.405912671279,0.000000000075
12,0.30000000,37,2,6,3,6,2.500000,6.000000,3.354101966250,0.387914970622,0.387914995573,0.000000024950
12,0.30000000,38,3,6,4,6,3.500000,6.000000,3.041381265149,0.387676620120,0.387679399523,0.000002779402
12,0.30000000,39,4,6,5,6,4.500000,6.000000,3.041381265149,0.387675880837,0.387678660244,0.000002779407
12,0.30000000,40,5,6,6,6,5.500000,6.000000,3.354101966250,0.387676620124,0.387676645086,0.000000024962
12,0.30000000,41,6,6,7,6,6.500000,6.000000,3.905124837953,0.387914970622,0.387914970701,0.000000000079
12,0.30000000,42,7,6,8,6,7.500000,6.000000,4.609772228646,0.405912671204,0.405912671204,0.000000000000
12,0.30000000,43,1,1,1,2,1.000000,1.500000,3.354101966250,0.405912671205,0.405912694757,0.000000023552
12,0.30000000,44,2,1,2,2,2.000000,1.500000,2.500000000000,0.369677832474,0.369686489696,0.000008657223
12,0.30000000,45,3,1,3,2,3.000000,1.500000,1.802775637732,0.369075422346,0.370225937993,0.001150515647
12,0.30000000,46,4,1,4,2,4.000000,1.500000,1.500000000000,0.369072856052,0.404610778441,0.035537922389
12,0.30000000,47,5,1,5,2,5.000000,1.500000,1.802775637732,0.369072856050,0.370223409364,0.001150553314
12,0.30000000,48,6,1,6,2,6.000000,1.500000,2.500000000000,0.369075422343,0.369084148143,0.000008725800
12,0.30000000,49,7,1,7,2,7.000000,1.500000,3.354101966250,0.369677832476,0.369677860820,0.000000028344
12,0.30000000,50,8,1,8,2,8.000000,1.500000,4.272001872659,0.405912671207,0.405912671249,0.000000000042
12,0.30000000,51,1,2,1,3,1.000000,2.500000,3.041381265149,0.387914971715,0.387917749606,0.000002777890
12,0.30000000,52,2,2,2,3,2.000000,2.500000,2.061552812809,0.348307435100,0.348945629763,0.000638194663
12,0.30000000,53,3,2,3,3,3.000000,2.500000,1.118033988750,0.347530628423,0.387599986330,0.040069357907
12,0.30000000,54,4,2,4,3,4.000000,2.500000,0.500000000000,0.347526674432,0.583564976156,0.236038301724
12,0.30000000,55,5,2,5,3,5.000000,2.500000,1.118033988750,0.347526674432,0.387596896177,0.040070221745
12,0.30000000,56,6,2,6,3,6.000000,2.500000,2.061552812809,0.347530628424,0.348173186516,0.000642558093
12,0.30000000,57,7,2,7,3,7.000000,2.500000,3.041381265149,0.348307435094,0.348310661184,0.000003226090
12,0.30000000,58,8,2,8,3,8.000000,2.500000,4.031128874149,0.387914971715,0.387914978616,0.000000006901
12,0.30000000,59,1,3,1,4,1.000000,3.500000,3.041381265149,0.387677361590,0.387680140859,0.000002779268
12,0.30000000,60,2,3,2,4,2.000000,3.500000,2.061552812809,0.347921185032,0.348560255706,0.000639070674
12,0.30000000,61,3,3,3,4,3.000000,3.500000,1.118033988750,0.347139582921,0.387268955475,0.040129372555
12,0.30000000,62,4,3,4,4,4.000000,3.500000,0.500000000000,0.347135592616,0.583512655982,0.236377063366
12,0.30000000,63,5,3,5,4,5.000000,3.500000,1.118033988750,0.347135592622,0.387265839666,0.040130247044
12,0.30000000,64,6,3,6,4,6.000000,3.500000,2.061552812809,0.347139582921,0.347783045939,0.000643463018
12,0.30000000,65,7,3,7,4,7.000000,3.500000,3.041381265149,0.347921185032,0.347924415533,0.000003230501
12,0.30000000,66,8,3,8,4,8.000000,3.500000,4.031128874149,0.387677361592,0.387677368495,0.000000006904
12,0.30000000,67,1,4,1,5,1.000000,4.500000,3.354101966250,0.387914971714,0.387914996665,0.000000024950
12,0.30000000,68,2,4,2,5,2.000000,4.500000,2.500000000000,0.348307435092,0.348317014508,0.000009579416
12,0.30000000,69,3,4,3,5,3.000000,4.500000,1.802775637732,0.347530628432,0.348800374995,0.001269746563
12,0.30000000,70,4,4,4,5,4.000000,4.500000,1.500000000000,0.347526674435,0.387057571124,0.039530896689
12,0.30000000,71,5,4,5,5,5.000000,4.500000,1.802775637732,0.347526674426,0.348796476181,0.001269801755
12,0.30000000,72,6,4,6,5,6.000000,4.500000,2.500000000000,0.347530628424,0.347540301400,0.000009672976
12,0.30000000,73,7,4,7,5,7.000000,4.500000,3.354101966250,0.348307435092,0.348307466577,0.000000031485
12,0.30000000,74,8,4,8,5,8.000000,4.500000,4.272001872659,0.387914971714,0.387914971759,0.000000000044
12,0.30000000,75,1,5,1,6,1.000000,5.500000,3.905124837953,0.405912671207,0.405912671282,0.000000000075
12,0.30000000,76,2,5,2,6,2.000000,5.500000,3.201562118716,0.369677832476,0.369677874982,0.000000042506
12,0.30000000,77,3,5,3,6,3.000000,5.500000,2.692582403567,0.369075422343,0.369084162109,0.000008739767
12,0.30000000,78,4,5,4,6,4.000000,5.500000,2.500000000000,0.369072856051,0.369650159728,0.000577303676
12,0.30000000,79,5,5,5,6,5.000000,5.500000,2.692582403567,0.369072856051,0.369081596278,0.000008740227
12,0.30000000,80,6,5,6,6,6.000000,5.500000,3.201562118716,0.369075422344,0.369075465320,0.000000042976
12,0.30000000,81,7,5,7,6,7.000000,5.500000,3.905124837953,0.369677832476,0.369677832573,0.000000000098
12,0.30000000,82,8,5,8,6,8.000000,5.500000,4.716990566028,0.405912671207,0.405912671207,0.000000000000
13,0.32500000,1,1,1,2,1,1.500000,1.000000,3.201562118716,0.418633113588,0.418633194176,0.000000080588
13,0.32500000,2,2,1,3,1,2.500000,1.000000,2.500000000000,0.399465498086,0.399480230661,0.000014732575
13,0.32500000,3,3,1,4,1,3.500000,1.000000,2.061552812809,0.399093428292,0.399922651388,0.000829223096
13,0.32500000,4,4,1,5,1,4.500000,1.000000,2.061552812809,0.399091872548,0.399921098805,0.000829226257
13,0.32500000,5,5,1,6,1,5.500000,1.000000,2.500000000000,0.399093428294,0.399108172760,0.000014744466
13,0.32500000,6,6,1,7,1,6.500000,1.000000,3.201562118716,0.399465498083,0.399465584734,0.000000086652
13,0.32500000,7,7,1,8,1,7.500000,1.000000,4.031128874149,0.418633113585,0.418633113811,0.000000000226
13,0.32500000,8,1,2,2,2,1.500000,2.000000,2.692582403567,0.381590172198,0.381606599247,0.000016427049
13,0.32500000,9,2,2,3,2,2.500000,2.000000,1.802775637732,0.358868437181,0.360738583826,0.001870146645
13,0.32500000,10,3,2,4,2,3.500000,2.000000,1.118033988750,0.358290235359,0.401902321574,0.043612086215
13,0.32500000,11,4,2,5,2,4.500000,2.000000,1.118033988750,0.358286363701,0.401899208001,0.043612844299
13,0.32500000,12,5,2,6,2,5.500000,2.000000,1.802775637732,0.358290235367,0.360164717540,0.001874482173
13,0.32500000,13,6,2,7,2,6.500000,2.000000,2.692582403567,0.358868437181,0.358887208776,0.000018771595
13,0.32500000,14,7,2,8,2,7.500000,2.000000,3.640054944640,0.381590172198,0.381590243689,0.000000071491
13,0.32500000,15,1,3,2,3,1.500000,3.000000,2.500000000000,0.380688539908,0.381516076802,0.000827536894
13,0.32500000,16,2,3,3,3,2.500000,3.000000,1.500000000000,0.357712113221,0.400705969780,0.042993856559
13,0.32500000,17,3,3,4,3,3.500000,3.000000,0.500000000000,0.357124776457,0.559645925991,0.202521149534
13,0.32500000,18,4,3,5,3,4.500000,3.000000,0.500000000000,0.357120813546,0.559644971307,0.202524157760
13,0.32500000,19,5,3,6,3,5.500000,3.000000,1.500000000000,0.357124776449,0.400233438345,0.043108661897
13,0.32500000,20,6,3,7,3,6.500000,3.000000,2.500000000000,0.357712113229,0.358658528409,0.000946415180
13,0.32500000,21,7,3,8,3,7.500000,3.000000,3.500000000000,0.380688539909,0.380694115136,0.000005575228
13,0.32500000,22,1,4,2,4,1.500000,4.000000,2.692582403567,0.380688539915,0.380705161270,0.000016621355
13,0.32500000,23,2,4,3,4,2.500000,4.000000,1.802775637732,0.357712113221,0.359601266794,0.001889153573
13,0.32500000,24,3,4,4,4,3.500000,4.000000,1.118033988750,0.357124776444,0.400993517914,0.043868741469
13,0.32500000,25,4,4,5,4,4.500000,4.000000,1.118033988750,0.357120813555,0.400990349604,0.043869536050
13,0.32500000,26,5,4,6,4,5.500000,4.000000,1.802775637732,0.357124776449,0.359018473243,0.001893696794
13,0.32500000,27,6,4,7,4,6.500000,4.000000,2.692582403567,0.357712113229,0.357731173234,0.000019060005
13,0.32500000,28,7,4,8,4,7.500000,4.000000,3.640054944640,0.380688539911,0.380688612627,0.000000072716
13,0.32500000,29,1,5,2,5,1.500000,5.000000,3.201562118716,0.381590172200,0.381590279525,0.000000107325
13,0.32500000,30,2,5,3,5,2.500000,5.000000,2.500000000000,0.358868437181,0.358887309141,0.000018871960
13,0.32500000,31,3,5,4,5,3.500000,5.000000,2.061552812809,0.358290235356,0.359243341676,0.000953106320
13,0.32500000,32,4,5,5,5,4.500000,5.000000,2.061552812809,0.358286363706,0.359239485410,0.000953121705
13,0.32500000,33,5,5,6,5,5.500000,5.000000,2.500000000000,0.358290235366,0.358309152083,0.000018916717
13,0.32500000,34,6,5,7,5,6.500000,5.000000,3.201562118716,0.358868437178,0.358868560278,0.000000123100
13,0.32500000,35,7,5,8,5,7.500000,5.000000,4.031128874149,0.381590172201,0.381590172534,0.000000000332
13,0.32500000,36,1,6,2,6,1.500000,6.000000,3.905124837953,0.418633113585,0.418633113854,0.000000000269
13,0.32500000,37,2,6,3,6,2.500000,6.000000,3.354101966250,0.399465498085,0.399465565757,0.000000067672
13,0.32500000,38,3,6,4,6,3.500000,6.000000,3.041381265149,0.399093428290,0.399099090228,0.000005661939
13,0.32500000,39,4,6,5,6,4.500000,6.000000,3.041381265149,0.399091872549,0.399097534510,0.000005661961
13,0.32500000,40,5,6,6,6,5.500000,6.000000,3.354101966250,0.399093428295,0.399093496025,0.000000067730
13,0.32500000,41,6,6,7,6,6.500000,6.000000,3.905124837953,0.399465498084,0.399465498374,0.000000000291
13,0.32500000,42,7,6,8,6,7.500000,6.000000,4.609772228646,0.418633113585,0.418633113585,0.000000000001
13,0.32500000,43,1,1,1,2,1.000000,1.500000,3.354101966250,0.418633113588,0.418633176221,0.000000062633
13,0.32500000,44,2,1,2,2,2.000000,1.500000,2.500000000000,0.381590172196,0.381606619505,0.000016447309
13,0.32500000,45,3,1,3,2,3.000000,1.500000,1.802775637732,0.380688525575,0.382338750486,0.001650224911
13,0.32500000,46,4,1,4,2,4.000000,1.500000,1.500000000000,0.380683450150,0.417618334258,0.036934884108
13,0.32500000,47,5,1,5,2,5.000000,1.500000,1.802775637732,0.380683450147,0.382333749373,0.001650299226
13,0.32500000,48,6,1,6,2,6.000000,1.500000,2.500000000000,0.380688525571,0.380705115133,0.000016589562
13,0.32500000,49,7,1,7,2,7.000000,1.500000,3.354101966250,0.381590172199,0.381590243777,0.000000071578
13,0.32500000,50,8,1,8,2,8.000000,1.500000,4.272001872659,0.418633113591,0.418633113740,0.000000000149
13,0.32500000,51,1,2,1,3,1.000000,2.500000,3.041381265149,0.399465501176,0.399471157736,0.000005656560
13,0.32500000,52,2,2,2,3,2.000000,2.500000,2.061552812809,0.358868449678,0.359819192156,0.000950742478
13,0.32500000,53,3,2,3,3,3.000000,2.500000,1.118033988750,0.357712100668,0.401461497802,0.043749397134
13,0.32500000,54,4,2,4,3,4.000000,2.500000,0.500000000000,0.357704266528,0.559783361047,0.202079094518
13,0.32500000,55,5,2,5,3,5.000000,2.500000,1.118033988750,0.357704266528,0.401455278336,0.043751011808
13,0.32500000,56,6,2,6,3,6.000000,2.500000,2.061552812809,0.357712100669,0.358670922197,0.000958821528
13,0.32500000,57,7,2,7,3,7.000000,2.500000,3.041381265149,0.358868449670,0.358874825553,0.000006375883
13,0.32500000,58,8,2,8,3,8.000000,2.500000,4.031128874149,0.399465501176,0.399465519862,0.000000018686
13,0.32500000,59,1,3,1,4,1.000000,3.500000,3.041381265149,0.399094990210,0.399100651718,0.000005661508
13,0.32500000,60,2,3,2,4,2.000000,3.500000,2.061552812809,0.358294132001,0.359247179835,0.000953047834
13,0.32500000,61,3,3,3,4,3.000000,3.500000,1.118033988750,0.357128739290,0.400996573696,0.043867834406
13,0.32500000,62,4,3,4,4,4.000000,3.500000,0.500000000000,0.357120813550,0.559644984181,0.202524170631
13,0.32500000,63,5,3,5,4,5.000000,3.500000,1.118033988750,0.357120813558,0.400990299625,0.043869486067
13,0.32500000,64,6,3,6,4,6.000000,3.500000,2.061552812809,0.357128739290,0.358089967883,0.000961228594
13,0.32500000,65,7,3,7,4,7.000000,3.500000,3.041381265149,0.358294132001,0.358300523280,0.000006391280
13,0.32500000,66,8,3,8,4,8.000000,3.500000,4.031128874149,0.399094990212,0.399095008914,0.000000018702
13,0.32500000,67,1,4,1,5,1.000000,4.500000,3.354101966250,0.399465501175,0.399465568846,0.000000067671
13,0.32500000,68,2,4,2,5,2.000000,4.500000,2.500000000000,0.358868449666,0.358887321375,0.000018871708
13,0.32500000,69,3,4,3,5,3.000000,4.500000,1.802775637732,0.357712100680,0.359601254593,0.001889153913
13,0.32500000,70,4,4,4,5,4.000000,4.500000,1.500000000000,0.357704266532,0.400699771104,0.042995504572
13,0.32500000,71,5,4,5,5,5.000000,4.500000,1.802775637732,0.357704266521,0.359593555649,0.001889289128
13,0.32500000,72,6,4,6,5,6.000000,4.500000,2.500000000000,0.357712100669,0.357731201414,0.000019100745
13,0.32500000,73,7,4,7,5,7.000000,4.500000,3.354101966250,0.358868449667,0.358868532205,0.000000082538
13,0.32500000,74,8,4,8,5,8.000000,4.500000,4.272001872659,0.399465501175,0.399465501337,0.000000000162
13,0.32500000,75,1,5,1,6,1.000000,5.500000,3.905124837953,0.418633113591,0.418633113860,0.000000000269
13,0.32500000,76,2,5,2,6,2.000000,5.500000,3.201562118716,0.381590172199,0.381590279524,0.000000107325
13,0.32500000,77,3,5,3,6,3.000000,5.500000,2.692582403567,0.380688525571,0.380705147145,0.000016621575
13,0.32500000,78,4,5,4,6,4.000000,5.500000,2.500000000000,0.380683450149,0.381511028405,0.000827578256
13,0.32500000,79,5,5,5,6,5.000000,5.500000,2.692582403567,0.380683450149,0.380700072983,0.000016622834
13,0.32500000,80,6,5,6,6,6.000000,5.500000,3.201562118716,0.380688525573,0.380688634244,0.000000108671
13,0.32500000,81,7,5,7,6,7.000000,5.500000,3.905124837953,0.381590172198,0.381590172531,0.000000000333
13,0.32500000,82,8,5,8,6,8.000000,5.500000,4.716990566028,0.418633113591,0.418633113592,0.000000000000
14,0.35000000,1,1,1,2,1,1.500000,1.000000,3.201562118716,0.422808399736,0.422808591664,0.000000191928
14,0.35000000,2,2,1,3,1,2.500000,1.000000,2.500000000000,0.403643791289,0.403671424270,0.000027632981
14,0.35000000,3,3,1,4,1,3.500000,1.000000,2.061552812809,0.403096512668,0.404297441363,0.001200928695
14,0.35000000,4,4,1,5,1,4.500000,1.000000,2.061552812809,0.403093495006,0.404294433494,0.001200938487
14,0.35000000,5,5,1,6,1,5.500000,1.000000,2.500000000000,0.403096512670,0.403124183210,0.000027670540
14,0.35000000,6,6,1,7,1,6.500000,1.000000,3.201562118716,0.403643791285,0.403644002349,0.000000211065
14,0.35000000,7,7,1,8,1,7.500000,1.000000,4.031128874149,0.422808399732,0.422808400438,0.000000000705
14,0.35000000,8,1,2,2,2,1.500000,2.000000,2.692582403567,0.387727208027,0.387755635068,0.000028427041
14,0.35000000,9,2,2,3,2,2.500000,2.000000,1.802775637732,0.364735626076,0.367351551064,0.002615924987
14,0.35000000,10,3,2,4,2,3.500000,2.000000,1.118033988750,0.363924396510,0.409570683731,0.045646287221
14,0.35000000,11,4,2,5,2,4.500000,2.000000,1.118033988750,0.363917355837,0.409565378497,0.045648022660
14,0.35000000,12,5,2,6,2,5.500000,2.000000,1.802775637732,0.363924396520,0.366550522120,0.002626125600
14,0.35000000,13,6,2,7,2,6.500000,2.000000,2.692582403567,0.364735626076,0.364769576582,0.000033950506
14,0.35000000,14,7,2,8,2,7.500000,2.000000,3.640054944640,0.387727208027,0.387727368090,0.000000160063
14,0.35000000,15,1,3,2,3,1.500000,3.000000,2.500000000000,0.386458787437,0.387563931835,0.001105144398
14,0.35000000,16,2,3,3,3,2.500000,3.000000,1.500000000000,0.363115013610,0.407907585493,0.044792571883
14,0.35000000,17,3,3,4,3,3.500000,3.000000,0.500000000000,0.362287972183,0.541038019073,0.178750046890
14,0.35000000,18,4,3,5,3,4.500000,3.000000,0.500000000000,0.362280726459,0.541035407519,0.178754681060
14,0.35000000,19,5,3,6,3,5.500000,3.000000,1.500000000000,0.362287972173,0.407292539053,0.045004566880
14,0.35000000,20,6,3,7,3,6.500000,3.000000,2.500000000000,0.363115013621,0.364440672298,0.001325658677
14,0.35000000,21,7,3,8,3,7.500000,3.000000,3.500000000000,0.386458787437,0.386468452485,0.000009665047
14,0.35000000,22,1,4,2,4,1.500000,4.000000,2.692582403567,0.386458787445,0.386487561656,0.000028774211
14,0.35000000,23,2,4,3,4,2.500000,4.000000,1.802775637732,0.363115013610,0.365763179775,0.002648166165
14,0.35000000,24,3,4,4,4,3.500000,4.000000,1.118033988750,0.362287972168,0.408277155881,0.045989183713
14,0.35000000,25,4,4,5,4,4.500000,4.000000,1.118033988750,0.362280726469,0.408271756047,0.045991029577
14,0.35000000,26,5,4,6,4,5.500000,4.000000,1.802775637732,0.362287972173,0.364946977184,0.002659005010
14,0.35000000,27,6,4,7,4,6.500000,4.000000,2.692582403567,0.363115013621,0.363149597454,0.000034583834
14,0.35000000,28,7,4,8,4,7.500000,4.000000,3.640054944640,0.386458787441,0.386458950485,0.000000163045
14,0.35000000,29,1,5,2,5,1.500000,5.000000,3.201562118716,0.387727208031,0.387727448398,0.000000240367
14,0.35000000,30,2,5,3,5,2.500000,5.000000,2.500000000000,0.364735626077,0.364769808429,0.000034182352
14,0.35000000,31,3,5,4,5,3.500000,5.000000,2.061552812809,0.363924396506,0.365264386534,0.001339990027
14,0.35000000,32,4,5,5,5,4.500000,5.000000,2.061552812809,0.363917355843,0.365257392328,0.001340036485
14,0.35000000,33,5,5,6,5,5.500000,5.000000,2.500000000000,0.363924396520,0.363958715020,0.000034318500
14,0.35000000,34,6,5,7,5,6.500000,5.000000,3.201562118716,0.364735626072,0.364735914387,0.000000288314
14,0.35000000,35,7,5,8,5,7.500000,5.000000,4.031128874149,0.387727208032,0.387727209004,0.000000000972
14,0.35000000,36,1,6,2,6,1.500000,6.000000,3.905124837953,0.422808399733,0.422808400568,0.000000000835
14,0.35000000,37,2,6,3,6,2.500000,6.000000,3.354101966250,0.403643791287,0.403643955477,0.000000164190
14,0.35000000,38,3,6,4,6,3.500000,6.000000,3.041381265149,0.403096512665,0.403107120544,0.000010607879
14,0.35000000,39,4,6,5,6,4.500000,6.000000,3.041381265149,0.403093495008,0.403104102976,0.000010607968
14,0.35000000,40,5,6,6,6,5.500000,6.000000,3.354101966250,0.403096512672,0.403096677096,0.000000164423
14,0.35000000,41,6,6,7,6,6.500000,6.000000,3.905124837953,0.403643791286,0.403643792209,0.000000000923
14,0.35000000,42,7,6,8,6,7.500000,6.000000,4.609772228646,0.422808399732,0.422808399734,0.000000000002
14,0.35000000,43,1,1,1,2,1.000000,1.500000,3.354101966250,0.422808399743,0.422808548133,0.000000148390
14,0.35000000,44,2,1,2,2,2.000000,1.500000,2.500000000000,0.387727208017,0.387755686168,0.000028478151
14,0.35000000,45,3,1,3,2,3.000000,1.500000,1.802775637732,0.386458754147,0.388666867096,0.002208112949
14,0.35000000,46,4,1,4,2,4.000000,1.500000,1.500000000000,0.386449537439,0.422578553730,0.036129016291
14,0.35000000,47,5,1,5,2,5.000000,1.500000,1.802775637732,0.386449537435,0.388657759960,0.002208222525
14,0.35000000,48,6,1,6,2,6.000000,1.500000,2.500000000000,0.386458754142,0.386487466499,0.000028712358
14,0.35000000,49,7,1,7,2,7.000000,1.500000,3.354101966250,0.387727208021,0.387727368370,0.000000160349
14,0.35000000,50,8,1,8,2,8.000000,1.500000,4.272001872659,0.422808399747,0.422808400208,0.000000000461
14,0.35000000,51,1,2,1,3,1.000000,2.500000,3.041381265149,0.403643799127,0.403654390331,0.000010591204
14,0.35000000,52,2,2,2,3,2.000000,2.500000,2.061552812809,0.364735655366,0.366070094647,0.001334439280
14,0.35000000,53,3,2,3,3,3.000000,2.500000,1.118033988750,0.363114984097,0.408888724441,0.045773740344
14,0.35000000,54,4,2,4,3,4.000000,2.500000,0.500000000000,0.363100699357,0.541328417533,0.178227718176
14,0.35000000,55,5,2,5,3,5.000000,2.500000,1.118033988750,0.363100699356,0.408877193768,0.045776494412
14,0.35000000,56,6,2,6,3,6.000000,2.500000,2.061552812809,0.363114984098,0.364463035388,0.001348051290
14,0.35000000,57,7,2,7,3,7.000000,2.500000,3.041381265149,0.364735655356,0.364747246546,0.000011591190
14,0.35000000,58,8,2,8,3,8.000000,2.500000,4.031128874149,0.403643799127,0.403643844391,0.000000045263
14,0.35000000,59,1,3,1,4,1.000000,3.500000,3.041381265149,0.403099545984,0.403110152697,0.000010606713
14,0.35000000,60,2,3,2,4,2.000000,3.500000,2.061552812809,0.363931495749,0.365271369404,0.001339873655
14,0.35000000,61,3,3,3,4,3.000000,3.500000,1.118033988750,0.362295217640,0.408283254652,0.045988037011
14,0.35000000,62,4,3,4,4,4.000000,3.500000,0.500000000000,0.362280726464,0.541035454580,0.178754728117
14,0.35000000,63,5,3,5,4,5.000000,3.500000,1.118033988750,0.362280726474,0.408271629696,0.045990903222
14,0.35000000,64,6,3,6,4,6.000000,3.500000,2.061552812809,0.362295217641,0.363649016566,0.001353798925
14,0.35000000,65,7,3,7,4,7.000000,3.500000,3.041381265149,0.363931495749,0.363943133875,0.000011638126
14,0.35000000,66,8,3,8,4,8.000000,3.500000,4.031128874149,0.403099545986,0.403099591316,0.000000045330
14,0.35000000,67,1,4,1,5,1.000000,4.500000,3.354101966250,0.403643799125,0.403643963311,0.000000164185
14,0.35000000,68,2,4,2,5,2.000000,4.500000,2.500000000000,0.364735655352,0.364769836957,0.000034181605
14,0.35000000,69,3,4,3,5,3.000000,4.500000,1.802775637732,0.363114984113,0.365763151372,0.002648167259
14,0.35000000,70,4,4,4,5,4.000000,4.500000,1.500000000000,0.363100699361,0.407896154703,0.044795455342
14,0.35000000,71,5,4,5,5,5.000000,4.500000,1.802775637732,0.363100699346,0.365749161093,0.002648461747
14,0.35000000,72,6,4,6,5,6.000000,4.500000,2.500000000000,0.363114984098,0.363149663330,0.000034679232
14,0.35000000,73,7,4,7,5,7.000000,4.500000,3.354101966250,0.364735655352,0.364735848976,0.000000193624
14,0.35000000,74,8,4,8,5,8.000000,4.500000,4.272001872659,0.403643799125,0.403643799639,0.000000000514
14,0.35000000,75,1,5,1,6,1.000000,5.500000,3.905124837953,0.422808399746,0.422808400582,0.000000000835
14,0.35000000,76,2,5,2,6,2.000000,5.500000,3.201562118716,0.387727208022,0.387727448389,0.000000240367
14,0.35000000,77,3,5,3,6,3.000000,5.500000,2.692582403567,0.386458754141,0.386487528967,0.000028774825
14,0.35000000,78,4,5,4,6,4.000000,5.500000,2.500000000000,0.386449537437,0.387554745170,0.001105207732
14,0.35000000,79,5,5,5,6,5.000000,5.500000,2.692582403567,0.386449537437,0.386478314930,0.000028777493
14,0.35000000,80,6,5,6,6,6.000000,5.500000,3.201562118716,0.386458754144,0.386458997592,0.000000243448
14,0.35000000,81,7,5,7,6,7.000000,5.500000,3.905124837953,0.387727208021,0.387727208993,0.000000000972
14,0.35000000,82,8,5,8,6,8.000000,5.500000,4.716990566028,0.422808399747,0.422808399749,0.000000000002
15,0.37500000,1,1,1,2,1,1.500000,1.000000,3.201562118716,0.419108833567,0.419109246877,0.000000413310
15,0.37500000,2,2,1,3,1,2.500000,1.000000,2.500000000000,0.401308719099,0.401356887555,0.000048168456
15,0.37500000,3,3,1,4,1,3.500000,1.000000,2.061552812809,0.400545611240,0.402196478639,0.001650867399
15,0.37500000,4,4,1,5,1,4.500000,1.000000,2.061552812809,0.400540159466,0.402191053729,0.001650894263
15,0.37500000,5,5,1,6,1,5.500000,1.000000,2.500000000000,0.400545611242,0.400593885122,0.000048273880
15,0.37500000,6,6,1,7,1,6.500000,1.000000,3.201562118716,0.401308719094,0.401309185946,0.000000466851
15,0.37500000,7,7,1,8,1,7.500000,1.000000,4.031128874149,0.419108833562,0.419108835501,0.000000001940
15,0.37500000,8,1,2,2,2,1.500000,2.000000,2.692582403567,0.389008145256,0.389053396587,0.000045251331
15,0.37500000,9,2,2,3,2,2.500000,2.000000,1.802775637732,0.366892190853,0.370363322820,0.003471131967
15,0.37500000,10,3,2,4,2,3.500000,2.000000,1.118033988750,0.365812753207,0.411694561408,0.045881808201
15,0.37500000,11,4,2,5,2,4.500000,2.000000,1.118033988750,0.365800841084,0.411686235898,0.045885394814
15,0.37500000,12,5,2,6,2,5.500000,2.000000,1.802775637732,0.365812753220,0.369305662440,0.003492909220
15,0.37500000,13,6,2,7,2,6.500000,2.000000,2.692582403567,0.366892190853,0.366949251270,0.000057060417
15,0.37500000,14,7,2,8,2,7.500000,2.000000,3.640054944640,0.389008145256,0.389008467559,0.000000322302
15,0.37500000,15,1,3,2,3,1.500000,3.000000,2.500000000000,0.387320722563,0.388700458558,0.001379735995
15,0.37500000,16,2,3,3,3,2.500000,3.000000,1.500000000000,0.364739768916,0.409508495695,0.044768726778
15,0.37500000,17,3,3,4,3,3.500000,3.000000,0.500000000000,0.363635029306,0.527316794743,0.163681765438
15,0.37500000,18,4,3,5,3,4.500000,3.000000,0.500000000000,0.363622700459,0.527310671044,0.163687970585
15,0.37500000,19,5,3,6,3,5.500000,3.000000,1.500000000000,0.363635029293,0.408767356299,0.045132327006
15,0.37500000,20,6,3,7,3,6.500000,3.000000,2.500000000000,0.364739768930,0.366499728428,0.001759959498
15,0.37500000,21,7,3,8,3,7.500000,3.000000,3.500000000000,0.387320722564,0.387336101379,0.000015378815
15,0.37500000,22,1,4,2,4,1.500000,4.000000,2.692582403567,0.387320722574,0.387366450327,0.000045727753
15,0.37500000,23,2,4,3,4,2.500000,4.000000,1.802775637732,0.364739768917,0.368261081297,0.003521312380
15,0.37500000,24,3,4,4,4,3.500000,4.000000,1.118033988750,0.363635029286,0.409948453625,0.046313424338
15,0.37500000,25,4,4,5,4,4.500000,4.000000,1.118033988750,0.363622700471,0.409940008069,0.046317307598
15,0.37500000,26,5,4,6,4,5.500000,4.000000,1.802775637732,0.363635029294,0.367179864832,0.003544835538
15,0.37500000,27,6,4,7,4,6.500000,4.000000,2.692582403567,0.364739768930,0.364798079310,0.000058310380
15,0.37500000,28,7,4,8,4,7.500000,4.000000,3.640054944640,0.387320722568,0.387321050650,0.000000328083
15,0.37500000,29,1,5,2,5,1.500000,5.000000,3.201562118716,0.389008145261,0.389008629470,0.000000484209
15,0.37500000,30,2,5,3,5,2.500000,5.000000,2.500000000000,0.366892190853,0.366949736866,0.000057546012
15,0.37500000,31,3,5,4,5,3.500000,5.000000,2.061552812809,0.365812753202,0.367601116080,0.001788362878
15,0.37500000,32,4,5,5,5,4.500000,5.000000,2.061552812809,0.365800841091,0.367589328523,0.001788487431
15,0.37500000,33,5,5,6,5,5.500000,5.000000,2.500000000000,0.365812753219,0.365870667210,0.000057913991
15,0.37500000,34,6,5,7,5,6.500000,5.000000,3.201562118716,0.366892190848,0.366892804233,0.000000613385
15,0.37500000,35,7,5,8,5,7.500000,5.000000,4.031128874149,0.389008145263,0.389008147755,0.000000002492
15,0.37500000,36,1,6,2,6,1.500000,6.000000,3.905124837953,0.419108833562,0.419108835845,0.000000002283
15,0.37500000,37,2,6,3,6,2.500000,6.000000,3.354101966250,0.401308719098,0.401309080756,0.000000361659
15,0.37500000,38,3,6,4,6,3.500000,6.000000,3.041381265149,0.400545611235,0.400564085085,0.000018473850
15,0.37500000,39,4,6,5,6,4.500000,6.000000,3.041381265149,0.400540159468,0.400558633632,0.000018474164
15,0.37500000,40,5,6,6,6,5.500000,6.000000,3.354101966250,0.400545611245,0.400545973733,0.000000362488
15,0.37500000,41,6,6,7,6,6.500000,6.000000,3.905124837953,0.401308719096,0.401308721691,0.000000002595
15,0.37500000,42,7,6,8,6,7.500000,6.000000,4.609772228646,0.419108833562,0.419108833570,0.000000000008
15,0.37500000,43,1,1,1,2,1.000000,1.500000,3.354101966250,0.419108833592,0.419109151375,0.000000317782
15,0.37500000,44,2,1,2,2,2.000000,1.500000,2.500000000000,0.389008145221,0.389053514214,0.000045368994
15,0.37500000,45,3,1,3,2,3.000000,1.500000,1.802775637732,0.387320652543,0.390089334272,0.002768681728
15,0.37500000,46,4,1,4,2,4.000000,1.500000,1.500000000000,0.387305117591,0.420323961043,0.033018843452
15,0.37500000,47,5,1,5,2,5.000000,1.500000,1.802775637732,0.387305117586,0.390073876585,0.002768758999
15,0.37500000,48,6,1,6,2,6.000000,1.500000,2.500000000000,0.387320652537,0.387366280166,0.000045627629
15,0.37500000,49,7,1,7,2,7.000000,1.500000,3.354101966250,0.389008145226,0.389008468371,0.000000323145
15,0.37500000,50,8,1,8,2,8.000000,1.500000,4.272001872659,0.419108833598,0.419108834851,0.000000001254
15,0.37500000,51,1,2,1,3,1.000000,2.500000,3.041381265149,0.401308737195,0.401327165235,0.000018428040
15,0.37500000,52,2,2,2,3,2.000000,2.500000,2.061552812809,0.366892253223,0.368668784872,0.001776531649
15,0.37500000,53,3,2,3,3,3.000000,2.500000,1.118033988750,0.364739705773,0.410693077096,0.045953371323
15,0.37500000,54,4,2,4,3,4.000000,2.500000,0.500000000000,0.364715470550,0.527853994442,0.163138523892
15,0.37500000,55,5,2,5,3,5.000000,2.500000,1.118033988750,0.364715470550,0.410673151274,0.045957680724
15,0.37500000,56,6,2,6,3,6.000000,2.500000,2.061552812809,0.364739705774,0.366537223608,0.001797517834
15,0.37500000,57,7,2,7,3,7.000000,2.500000,3.041381265149,0.366892253211,0.366911848100,0.000019594889
15,0.37500000,58,8,2,8,3,8.000000,2.500000,4.031128874149,0.401308737195,0.401308836735,0.000000099540
15,0.37500000,59,1,3,1,4,1.000000,3.500000,3.041381265149,0.400551099135,0.400569570337,0.000018471203
15,0.37500000,60,2,3,2,4,2.000000,3.500000,2.061552812809,0.365824790046,0.367612953677,0.001788163631
15,0.37500000,61,3,3,3,4,3.000000,3.500000,1.118033988750,0.363647357256,0.409959764128,0.046312406872
15,0.37500000,62,4,3,4,4,4.000000,3.500000,0.500000000000,0.363622700464,0.527310811727,0.163688111263
15,0.37500000,63,5,3,5,4,5.000000,3.500000,1.118033988750,0.363622700477,0.409939718802,0.046317018325
15,0.37500000,64,6,3,6,4,6.000000,3.500000,2.061552812809,0.363647357257,0.365457366426,0.001810009169
15,0.37500000,65,7,3,7,4,7.000000,3.500000,3.041381265149,0.365824790045,0.365844512104,0.000019722058
15,0.37500000,66,8,3,8,4,8.000000,3.500000,4.031128874149,0.400551099137,0.400551198913,0.000000099776
15,0.37500000,67,1,4,1,5,1.000000,4.500000,3.354101966250,0.401308737192,0.401309098835,0.000000361643
15,0.37500000,68,2,4,2,5,2.000000,4.500000,2.500000000000,0.366892253205,0.366949797264,0.000057544058
15,0.37500000,69,3,4,3,5,3.000000,4.500000,1.802775637732,0.364739705792,0.368261021315,0.003521315523
15,0.37500000,70,4,4,4,5,4.000000,4.500000,1.500000000000,0.364715470556,0.409488903502,0.044773432946
15,0.37500000,71,5,4,5,5,5.000000,4.500000,1.802775637732,0.364715470537,0.368237362381,0.003521891844
15,0.37500000,72,6,4,6,5,6.000000,4.500000,2.500000000000,0.364739705773,0.364798219298,0.000058513525
15,0.37500000,73,7,4,7,5,7.000000,4.500000,3.354101966250,0.366892253206,0.366892665883,0.000000412678
15,0.37500000,74,8,4,8,5,8.000000,4.500000,4.272001872659,0.401308737192,0.401308738631,0.000000001439
15,0.37500000,75,1,5,1,6,1.000000,5.500000,3.905124837953,0.419108833597,0.419108835880,0.000000002283
15,0.37500000,76,2,5,2,6,2.000000,5.500000,3.201562118716,0.389008145227,0.389008629436,0.000000484209
15,0.37500000,77,3,5,3,6,3.000000,5.500000,2.692582403567,0.387320652536,0.387366381775,0.000045729239
15,0.37500000,78,4,5,4,6,4.000000,5.500000,2.500000000000,0.387305117589,0.388684906566,0.001379788976
15,0.37500000,79,5,5,5,6,5.000000,5.500000,2.692582403567,0.387305117589,0.387350850520,0.000045732932
15,0.37500000,80,6,5,6,6,6.000000,5.500000,3.201562118716,0.387320652540,0.387321141991,0.000000489452
15,0.37500000,81,7,5,7,6,7.000000,5.500000,3.905124837953,0.389008145225,0.389008147718,0.000000002493
15,0.37500000,82,8,5,8,6,8.000000,5.500000,4.716990566028,0.419108833598,0.419108833605,0.000000000007
16,0.40000000,1,1,1,2,1,1.500000,1.000000,3.201562118716,0.408611392918,0.408612207245,0.000000814328
16,0.40000000,2,2,1,3,1,2.500000,1.000000,2.500000000000,0.393615670378,0.393694389315,0.000078718938
16,0.40000000,3,3,1,4,1,3.500000,1.000000,2.061552812809,0.392602404939,0.394768237512,0.002165832573
16,0.40000000,4,4,1,5,1,4.500000,1.000000,2.061552812809,0.392593152992,0.394759051660,0.002165898668
16,0.40000000,5,5,1,6,1,5.500000,1.000000,2.500000000000,0.392602404942,0.392681390473,0.000078985531
16,0.40000000,6,6,1,7,1,6.500000,1.000000,3.201562118716,0.393615670371,0.393616619422,0.000000949051
16,0.40000000,7,7,1,8,1,7.500000,1.000000,4.031128874149,0.408611392910,0.408611397686,0.000000004775
16,0.40000000,8,1,2,2,2,1.500000,2.000000,2.692582403567,0.386493298212,0.386560037959,0.000066739746
16,0.40000000,9,2,2,3,2,2.500000,2.000000,1.802775637732,0.366357840652,0.370751538232,0.004393697580
16,0.40000000,10,3,2,4,2,3.500000,2.000000,1.118033988750,0.364988392979,0.409296923189,0.044308530210
16,0.40000000,11,4,2,5,2,4.500000,2.000000,1.118033988750,0.364969469780,0.409284761323,0.044315291543
16,0.40000000,12,5,2,6,2,5.500000,2.000000,1.802775637732,0.364988392994,0.369424746433,0.004436353439
16,0.40000000,13,6,2,7,2,6.500000,2.000000,2.692582403567,0.366357840652,0.366447755459,0.000089914806
16,0.40000000,14,7,2,8,2,7.500000,2.000000,3.640054944640,0.386493298213,0.386493888323,0.000000590110
16,0.40000000,15,1,3,2,3,1.500000,3.000000,2.500000000000,0.384361054464,0.385972141325,0.001611086861
16,0.40000000,16,2,3,3,3,2.500000,3.000000,1.500000000000,0.363635301887,0.406564499020,0.042929197133
16,0.40000000,17,3,3,4,3,3.500000,3.000000,0.500000000000,0.362228144164,0.517970973541,0.155742829377
16,0.40000000,18,4,3,5,3,4.500000,3.000000,0.500000000000,0.362208446936,0.517958142612,0.155749695675
16,0.40000000,19,5,3,6,3,5.500000,3.000000,1.500000000000,0.362228144150,0.405741406205,0.043513262055
16,0.40000000,20,6,3,7,3,6.500000,3.000000,2.500000000000,0.363635301904,0.365860984620,0.002225682717
16,0.40000000,21,7,3,8,3,7.500000,3.000000,3.500000000000,0.384361054465,0.384383634125,0.000022579660
16,0.40000000,22,1,4,2,4,1.500000,4.000000,2.692582403567,0.384361054477,0.384428141606,0.000067087129
16,0.40000000,23,2,4,3,4,2.500000,4.000000,1.802775637732,0.363635301887,0.368100847378,0.004465545491
16,0.40000000,24,3,4,4,4,3.500000,4.000000,1.118033988750,0.362228144141,0.407048488269,0.044820344129
16,0.40000000,25,4,4,5,4,4.500000,4.000000,1.118033988750,0.362208446952,0.407036270086,0.044827823134
16,0.40000000,26,5,4,6,4,5.500000,4.000000,1.802775637732,0.362228144150,0.366740657415,0.004512513265
16,0.40000000,27,6,4,7,4,6.500000,4.000000,2.692582403567,0.363635301903,0.363727449503,0.000092147599
16,0.40000000,28,7,4,8,4,7.500000,4.000000,3.640054944640,0.384361054470,0.384361652418,0.000000597948
16,0.40000000,29,1,5,2,5,1.500000,5.000000,3.201562118716,0.386493298220,0.386494185277,0.000000887057
16,0.40000000,30,2,5,3,5,2.500000,5.000000,2.500000000000,0.366357840653,0.366448688505,0.000090847852
16,0.40000000,31,3,5,4,5,3.500000,5.000000,2.061552812809,0.364988392973,0.367266667623,0.002278274649
16,0.40000000,32,4,5,5,5,4.500000,5.000000,2.061552812809,0.364969469790,0.367248045094,0.002278575304
16,0.40000000,33,5,5,6,5,5.500000,5.000000,2.500000000000,0.364988392995,0.365080137196,0.000091744201
16,0.40000000,34,6,5,7,5,6.500000,5.000000,3.201562118716,0.366357840648,0.366359040776,0.000001200128
16,0.40000000,35,7,5,8,5,7.500000,5.000000,4.031128874149,0.386493298222,0.386493303912,0.000000005689
16,0.40000000,36,1,6,2,6,1.500000,6.000000,3.905124837953,0.408611392912,0.408611398498,0.000000005586
16,0.40000000,37,2,6,3,6,2.500000,6.000000,3.354101966250,0.393615670376,0.393616402344,0.000000731969
16,0.40000000,38,3,6,4,6,3.500000,6.000000,3.041381265149,0.392602404934,0.392632571744,0.000030166810
16,0.40000000,39,4,6,5,6,4.500000,6.000000,3.041381265149,0.392593152995,0.392623320773,0.000030167778
16,0.40000000,40,5,6,6,6,5.500000,6.000000,3.354101966250,0.392602404947,0.392603139513,0.000000734566
16,0.40000000,41,6,6,7,6,6.500000,6.000000,3.905124837953,0.393615670374,0.393615676933,0.000000006559
16,0.40000000,42,7,6,8,6,7.500000,6.000000,4.609772228646,0.408611392911,0.408611392936,0.000000000025
16,0.40000000,43,1,1,1,2,1.000000,1.500000,3.354101966250,0.408611392990,0.408612015460,0.000000622471
16,0.40000000,44,2,1,2,2,2.000000,1.500000,2.500000000000,0.386493298111,0.386560288145,0.000066990035
16,0.40000000,45,3,1,3,2,3.000000,1.500000,1.802775637732,0.384360919421,0.387620967262,0.003260047840
16,0.40000000,46,4,1,4,2,4.000000,1.500000,1.500000000000,0.384336397946,0.412068302389,0.027731904443
16,0.40000000,47,5,1,5,2,5.000000,1.500000,1.802775637732,0.384336397940,0.387596251471,0.003259853531
16,0.40000000,48,6,1,6,2,6.000000,1.500000,2.500000000000,0.384360919413,0.384427882627,0.000066963214
16,0.40000000,49,7,1,7,2,7.000000,1.500000,3.354101966250,0.386493298117,0.386493890470,0.000000592354
16,0.40000000,50,8,1,8,2,8.000000,1.500000,4.272001872659,0.408611392996,0.408611396048,0.000000003051
16,0.40000000,51,1,2,1,3,1.000000,2.500000,3.041381265149,0.393615708850,0.393645762617,0.000030053767
16,0.40000000,52,2,2,2,3,2.000000,2.500000,2.061552812809,0.366357962822,0.368613092256,0.002255129434
16,0.40000000,53,3,2,3,3,3.000000,2.500000,1.118033988750,0.363635177345,0.407894030585,0.044258853241
16,0.40000000,54,4,2,4,3,4.000000,2.500000,0.500000000000,0.363596574747,0.518875166503,0.155278591757
16,0.40000000,55,5,2,5,3,5.000000,2.500000,1.118033988750,0.363596574747,0.407861612412,0.044265037665
16,0.40000000,56,6,2,6,3,6.000000,2.500000,2.061552812809,0.363635177347,0.365919933217,0.002284755870
16,0.40000000,57,7,2,7,3,7.000000,2.500000,3.041381265149,0.366357962807,0.366389038110,0.000031075304
16,0.40000000,58,8,2,8,3,8.000000,2.500000,4.031128874149,0.393615708850,0.393615909980,0.000000201129
16,0.40000000,59,1,3,1,4,1.000000,3.500000,3.041381265149,0.392611733644,0.392641895579,0.000030161935
16,0.40000000,60,2,3,2,4,2.000000,3.500000,2.061552812809,0.365007560464,0.367285550112,0.002277989648
16,0.40000000,61,3,3,3,4,3.000000,3.500000,1.118033988750,0.362247838628,0.407068138218,0.044820299590
16,0.40000000,62,4,3,4,4,4.000000,3.500000,0.500000000000,0.362208446940,0.517958506708,0.155750059768
16,0.40000000,63,5,3,5,4,5.000000,3.500000,1.118033988750,0.362208446957,0.407035664055,0.044827217098
16,0.40000000,64,6,3,6,4,6.000000,3.500000,2.061552812809,0.362247838630,0.364557584223,0.002309745593
16,0.40000000,65,7,3,7,4,7.000000,3.500000,3.041381265149,0.365007560463,0.365038946411,0.000031385947
16,0.40000000,66,8,3,8,4,8.000000,3.500000,4.031128874149,0.392611733647,0.392611935514,0.000000201867
16,0.40000000,67,1,4,1,5,1.000000,4.500000,3.354101966250,0.393615708847,0.393616440766,0.000000731919
16,0.40000000,68,2,4,2,5,2.000000,4.500000,2.500000000000,0.366357962800,0.366448806089,0.000090843288
16,0.40000000,69,3,4,3,5,3.000000,4.500000,1.802775637732,0.363635177369,0.368100731024,0.004465553655
16,0.40000000,70,4,4,4,5,4.000000,4.500000,1.500000000000,0.363596574754,0.406532993466,0.042936418712
16,0.40000000,71,5,4,5,5,5.000000,4.500000,1.802775637732,0.363596574732,0.368063148287,0.004466573556
16,0.40000000,72,6,4,6,5,6.000000,4.500000,2.500000000000,0.363635177346,0.363727723452,0.000092546106
16,0.40000000,73,7,4,7,5,7.000000,4.500000,3.354101966250,0.366357962801,0.366358771834,0.000000809034
16,0.40000000,74,8,4,8,5,8.000000,4.500000,4.272001872659,0.393615708846,0.393615712470,0.000000003624
16,0.40000000,75,1,5,1,6,1.000000,5.500000,3.905124837953,0.408611392996,0.408611398582,0.000000005586
16,0.40000000,76,2,5,2,6,2.000000,5.500000,3.201562118716,0.386493298118,0.386494185176,0.000000887057
16,0.40000000,77,3,5,3,6,3.000000,5.500000,2.692582403567,0.384360919412,0.384428009637,0.000067090224
16,0.40000000,78,4,5,4,6,4.000000,5.500000,2.500000000000,0.384336397944,0.385947405633,0.001611007689
16,0.40000000,79,5,5,5,6,5.000000,5.500000,2.692582403567,0.384336397943,0.384403487593,0.000067089649
16,0.40000000,80,6,5,6,6,6.000000,5.500000,3.201562118716,0.384360919417,0.384361810836,0.000000891419
16,0.40000000,81,7,5,7,6,7.000000,5.500000,3.905124837953,0.386493298117,0.386493303812,0.000000005695
16,0.40000000,82,8,5,8,6,8.000000,5.500000,4.716990566028,0.408611392997,0.408611393018,0.000000000021
17,0.42500000,1,1,1,2,1,1.500000,1.000000,3.201562118716,0.392692951667,0.392694434041,0.000001482374
17,0.42500000,2,2,1,3,1,2.500000,1.000000,2.500000000000,0.381896882657,0.382018373287,0.000121490630
17,0.42500000,3,3,1,4,1,3.500000,1.000000,2.061552812809,0.380611561357,0.383335283632,0.002723722275
17,0.42500000,4,4,1,5,1,4.500000,1.000000,2.061552812809,0.380596708672,0.383320578241,0.002723869569
17,0.42500000,5,5,1,6,1,5.500000,1.000000,2.500000000000,0.380611561361,0.380733666208,0.000122104847
17,0.42500000,6,6,1,7,1,6.500000,1.000000,3.201562118716,0.381896882650,0.381898673510,0.000001790860
17,0.42500000,7,7,1,8,1,7.500000,1.000000,4.031128874149,0.392692951659,0.392692962326,0.000000010667
17,0.42500000,8,1,2,2,2,1.500000,2.000000,2.692582403567,0.381274285944,0.381365964219,0.000091678275
17,0.42500000,9,2,2,3,2,2.500000,2.000000,1.802775637732,0.364089973567,0.369418766437,0.005328792869
17,0.42500000,10,3,2,4,2,3.500000,2.000000,1.118033988750,0.362426750904,0.403497286351,0.041070535447
17,0.42500000,11,4,2,5,2,4.500000,2.000000,1.118033988750,0.362398310592,0.403480567192,0.041082256600
17,0.42500000,12,5,2,6,2,5.500000,2.000000,1.802775637732,0.362426750921,0.367832904527,0.005406153606
17,0.42500000,13,6,2,7,2,6.500000,2.000000,2.692582403567,0.364089973567,0.364223794350,0.000133820783
17,0.42500000,14,7,2,8,2,7.500000,2.000000,3.640054944640,0.381274285945,0.381275276794,0.000000990849
17,0.42500000,15,1,3,2,3,1.500000,3.000000,2.500000000000,0.378707684609,0.380460741831,0.001753057223
17,0.42500000,16,2,3,3,3,2.500000,3.000000,1.500000000000,0.360798673323,0.400234365757,0.039435692435
17,0.42500000,17,3,3,4,3,3.500000,3.000000,0.500000000000,0.359082822242,0.512398213689,0.153315391447
17,0.42500000,18,4,3,5,3,4.500000,3.000000,0.500000000000,0.359053057579,0.512373615846,0.153320558267
17,0.42500000,19,5,3,6,3,5.500000,3.000000,1.500000000000,0.359082822224,0.399403188607,0.040320366383
17,0.42500000,20,6,3,7,3,6.500000,3.000000,2.500000000000,0.360798673342,0.363489573365,0.002690900023
17,0.42500000,21,7,3,8,3,7.500000,3.000000,3.500000000000,0.378707684609,0.378738337343,0.000030652734
17,0.42500000,22,1,4,2,4,1.500000,4.000000,2.692582403567,0.378707684624,0.378798787577,0.000091102953
17,0.42500000,23,2,4,3,4,2.500000,4.000000,1.802775637732,0.360798673323,0.366221821480,0.005423148156
17,0.42500000,24,3,4,4,4,3.500000,4.000000,1.118033988750,0.359082822214,0.400722191090,0.041639368876
17,0.42500000,25,4,4,5,4,4.500000,4.000000,1.118033988750,0.359053057598,0.400705729749,0.041652672151
17,0.42500000,26,5,4,6,4,5.500000,4.000000,1.802775637732,0.359082822224,0.364593059641,0.005510237417
17,0.42500000,27,6,4,7,4,6.500000,4.000000,2.692582403567,0.360798673341,0.360936111667,0.000137438326
17,0.42500000,28,7,4,8,4,7.500000,4.000000,3.640054944640,0.378707684615,0.378708677341,0.000000992726
17,0.42500000,29,1,5,2,5,1.500000,5.000000,3.201562118716,0.381274285952,0.381275776588,0.000001490637
17,0.42500000,30,2,5,3,5,2.500000,5.000000,2.500000000000,0.364089973568,0.364225454665,0.000135481097
17,0.42500000,31,3,5,4,5,3.500000,5.000000,2.061552812809,0.362426750896,0.365209336952,0.002782586056
17,0.42500000,32,4,5,5,5,4.500000,5.000000,2.061552812809,0.362398310602,0.365181557672,0.002783247071
17,0.42500000,33,5,5,6,5,5.500000,5.000000,2.500000000000,0.362426750920,0.362564223162,0.000137472242
17,0.42500000,34,6,5,7,5,6.500000,5.000000,3.201562118716,0.364089973560,0.364092155104,0.000002181544
17,0.42500000,35,7,5,8,5,7.500000,5.000000,4.031128874149,0.381274285954,0.381274297668,0.000000011714
17,0.42500000,36,1,6,2,6,1.500000,6.000000,3.905124837953,0.392692951659,0.392692964055,0.000000012396
17,0.42500000,37,2,6,3,6,2.500000,6.000000,3.354101966250,0.381896882655,0.381898257401,0.000001374747
17,0.42500000,38,3,6,4,6,3.500000,6.000000,3.041381265149,0.380611561349,0.380658083693,0.000046522343
17,0.42500000,39,4,6,5,6,4.500000,6.000000,3.041381265149,0.380596708674,0.380643233682,0.000046525008
17,0.42500000,40,5,6,6,6,5.500000,6.000000,3.354101966250,0.380611561363,0.380612943396,0.000001382033
17,0.42500000,41,6,6,7,6,6.500000,6.000000,3.905124837953,0.381896882651,0.381896897750,0.000000015099
17,0.42500000,42,7,6,8,6,7.500000,6.000000,4.609772228646,0.392692951658,0.392692951727,0.000000000069
17,0.42500000,43,1,1,1,2,1.000000,1.500000,3.354101966250,0.392692951846,0.392694078124,0.000001126278
17,0.42500000,44,2,1,2,2,2.000000,1.500000,2.500000000000,0.381274285683,0.381366461008,0.000092175325
17,0.42500000,45,3,1,3,2,3.000000,1.500000,1.802775637732,0.378707443288,0.382309675067,0.003602231778
17,0.42500000,46,4,1,4,2,4.000000,1.500000,1.500000000000,0.378670924021,0.399279752090,0.020608828069
17,0.42500000,47,5,1,5,2,5.000000,1.500000,1.802775637732,0.378670924013,0.382272094577,0.003601170565
17,0.42500000,48,6,1,6,2,6.000000,1.500000,2.500000000000,0.378707443279,0.378798473324,0.000091030046
17,0.42500000,49,7,1,7,2,7.000000,1.500000,3.354101966250,0.381274285690,0.381275282012,0.000000996321
17,0.42500000,50,8,1,8,2,8.000000,1.500000,4.272001872659,0.392692951855,0.392692958589,0.000000006734
17,0.42500000,51,1,2,1,3,1.000000,2.500000,3.041381265149,0.381896958723,0.381943227755,0.000046269032
17,0.42500000,52,2,2,2,3,2.000000,2.500000,2.061552812809,0.364090195964,0.366830845345,0.002740649381
17,0.42500000,53,3,2,3,3,3.000000,2.500000,1.118033988750,0.360798444402,0.401615540691,0.040817096289
17,0.42500000,54,4,2,4,3,4.000000,2.500000,0.500000000000,0.360740289324,0.513812508568,0.153072219244
17,0.42500000,55,5,2,5,3,5.000000,2.500000,1.118033988750,0.360740289323,0.401565457940,0.040825168617
17,0.42500000,56,6,2,6,3,6.000000,2.500000,2.061552812809,0.360798444403,0.363577135605,0.002778691202
17,0.42500000,57,7,2,7,3,7.000000,2.500000,3.041381265149,0.364090195946,0.364136763264,0.000046567318
17,0.42500000,58,8,2,8,3,8.000000,2.500000,4.031128874149,0.381896958723,0.381897335818,0.000000377095
17,0.42500000,59,1,3,1,4,1.000000,3.500000,3.041381265149,0.380626565708,0.380673081648,0.000046515939
17,0.42500000,60,2,3,2,4,2.000000,3.500000,2.061552812809,0.362455635886,0.365237915692,0.002782279806
17,0.42500000,61,3,3,3,4,3.000000,3.500000,1.118033988750,0.359112579146,0.400754385198,0.041641806052
17,0.42500000,62,4,3,4,4,4.000000,3.500000,0.500000000000,0.359053057588,0.512374457024,0.153321399436
17,0.42500000,63,5,3,5,4,5.000000,3.500000,1.118033988750,0.359053057607,0.400704558216,0.041651500609
17,0.42500000,64,6,3,6,4,6.000000,3.500000,2.061552812809,0.359112579146,0.361937724027,0.002825144881
17,0.42500000,65,7,3,7,4,7.000000,3.500000,3.041381265149,0.362455635886,0.362502895548,0.000047259662
17,0.42500000,66,8,3,8,4,8.000000,3.500000,4.031128874149,0.380626565712,0.380626944877,0.000000379165
17,0.42500000,67,1,4,1,5,1.000000,4.500000,3.354101966250,0.381896958720,0.381898333331,0.000001374611
17,0.42500000,68,2,4,2,5,2.000000,4.500000,2.500000000000,0.364090195938,0.364225667440,0.000135471502
17,0.42500000,69,3,4,3,5,3.000000,4.500000,1.802775637732,0.360798444431,0.366221611951,0.005423167520
17,0.42500000,70,4,4,4,5,4.000000,4.500000,1.500000000000,0.360740289333,0.400186451133,0.039446161800
17,0.42500000,71,5,4,5,5,5.000000,4.500000,1.802775637732,0.360740289306,0.366165090299,0.005424800992
17,0.42500000,72,6,4,6,5,6.000000,4.500000,2.500000000000,0.360798444404,0.360936610738,0.000138166334
17,0.42500000,73,7,4,7,5,7.000000,4.500000,3.354101966250,0.364090195938,0.364091669687,0.000001473748
17,0.42500000,74,8,4,8,5,8.000000,4.500000,4.272001872659,0.381896958719,0.381896967032,0.000000008313
17,0.42500000,75,1,5,1,6,1.000000,5.500000,3.905124837953,0.392692951854,0.392692964250,0.000000012396
17,0.42500000,76,2,5,2,6,2.000000,5.500000,3.201562118716,0.381274285692,0.381275776329,0.000001490637
17,0.42500000,77,3,5,3,6,3.000000,5.500000,2.692582403567,0.378707443277,0.378798551690,0.000091108413
17,0.42500000,78,4,5,4,6,4.000000,5.500000,2.500000000000,0.378670924017,0.380423459365,0.001752535348
17,0.42500000,79,5,5,5,6,5.000000,5.500000,2.692582403567,0.378670924016,0.378762007378,0.000091083362
17,0.42500000,80,6,5,6,6,6.000000,5.500000,3.201562118716,0.378707443282,0.378708922743,0.000001479461
17,0.42500000,81,7,5,7,6,7.000000,5.500000,3.905124837953,0.381274285690,0.381274297420,0.000000011730
17,0.42500000,82,8,5,8,6,8.000000,5.500000,4.716990566028,0.392692951855,0.392692951912,0.000000000057
18,0.45000000,1,1,1,2,1,1.500000,1.000000,3.201562118716,0.372913094004,0.372915607921,0.000002513917
18,0.45000000,2,2,1,3,1,2.500000,1.000000,2.500000000000,0.367543824261,0.367721989309,0.000178165049
18,0.45000000,3,3,1,4,1,3.500000,1.000000,2.061552812809,0.365983248407,0.369278136525,0.003294888118
18,0.45000000,4,4,1,5,1,4.500000,1.000000,2.061552812809,0.365960560663,0.369255748312,0.003295187649
18,0.45000000,5,5,1,6,1,5.500000,1.000000,2.500000000000,0.365983248412,0.366162714790,0.000179466378
18,0.45000000,6,6,1,7,1,6.500000,1.000000,3.201562118716,0.367543824251,0.367546987257,0.000003163006
18,0.45000000,7,7,1,8,1,7.500000,1.000000,4.031128874149,0.372913093994,0.372913115848,0.000000021854
18,0.45000000,8,1,2,2,2,1.500000,2.000000,2.692582403567,0.374381358158,0.374499046915,0.000117688757
18,0.45000000,9,2,2,3,2,2.500000,2.000000,1.802775637732,0.360911062880,0.367125079198,0.006214016318
18,0.45000000,10,3,2,4,2,3.500000,2.000000,1.118033988750,0.358971631124,0.395418537965,0.036446906841
18,0.45000000,11,4,2,5,2,4.500000,2.000000,1.118033988750,0.358930933691,0.395396640410,0.036465706719
18,0.45000000,12,5,2,6,2,5.500000,2.000000,1.802775637732,0.358971631145,0.365316540694,0.006344909549
18,0.45000000,13,6,2,7,2,6.500000,2.000000,2.692582403567,0.360911062880,0.361100320895,0.000189258014
18,0.45000000,14,7,2,8,2,7.500000,2.000000,3.640054944640,0.374381358160,0.374382893814,0.000001535654
18,0.45000000,15,1,3,2,3,1.500000,3.000000,2.500000000000,0.371434688704,0.373193451884,0.001758763180
18,0.45000000,16,2,3,3,3,2.500000,3.000000,1.500000000000,0.357099834744,0.391681550623,0.034581715879
18,0.45000000,17,3,3,4,3,3.500000,3.000000,0.500000000000,0.355091408453,0.509941106803,0.154849698350
18,0.45000000,18,4,3,5,3,4.500000,3.000000,0.500000000000,0.355048612766,0.509897291593,0.154848678827
18,0.45000000,19,5,3,6,3,5.500000,3.000000,1.500000000000,0.355091408431,0.390943705400,0.035852296969
18,0.45000000,20,6,3,7,3,6.500000,3.000000,2.500000000000,0.357099834767,0.360217502879,0.003117668112
18,0.45000000,21,7,3,8,3,7.500000,3.000000,3.500000000000,0.371434688705,0.371473074185,0.000038385480
18,0.45000000,22,1,4,2,4,1.500000,4.000000,2.692582403567,0.371434688722,0.371549074622,0.000114385900
18,0.45000000,23,2,4,3,4,2.500000,4.000000,1.802775637732,0.357099834746,0.363426089961,0.006326255216
18,0.45000000,24,3,4,4,4,3.500000,4.000000,1.118033988750,0.355091408420,0.392122871730,0.037031463310
18,0.45000000,25,4,4,5,4,4.500000,4.000000,1.118033988750,0.355048612788,0.392102085633,0.037053472845
18,0.45000000,26,5,4,6,4,5.500000,4.000000,1.802775637732,0.355091408432,0.361568809402,0.006477400970
18,0.45000000,27,6,4,7,4,6.500000,4.000000,2.692582403567,0.357099834767,0.357294382455,0.000194547688
18,0.45000000,28,7,4,8,4,7.500000,4.000000,3.640054944640,0.371434688712,0.371436192591,0.000001503879
18,0.45000000,29,1,5,2,5,1.500000,5.000000,3.201562118716,0.374381358168,0.374383671047,0.000002312879
18,0.45000000,30,2,5,3,5,2.500000,5.000000,2.500000000000,0.360911062882,0.361103077699,0.000192014817
18,0.45000000,31,3,5,4,5,3.500000,5.000000,2.061552812809,0.358971631116,0.362240765612,0.003269134496
18,0.45000000,32,4,5,5,5,4.500000,5.000000,2.061552812809,0.358930933704,0.362201404559,0.003270470855
18,0.45000000,33,5,5,6,5,5.500000,5.000000,2.500000000000,0.358971631146,0.359167719649,0.000196088503
18,0.45000000,34,6,5,7,5,6.500000,5.000000,3.201562118716,0.360911062873,0.360914778298,0.000003715425
18,0.45000000,35,7,5,8,5,7.500000,5.000000,4.031128874149,0.374381358171,0.374381380131,0.000000021960
18,0.45000000,36,1,6,2,6,1.500000,6.000000,3.905124837953,0.372913093995,0.372913119228,0.000000025232
18,0.45000000,37,2,6,3,6,2.500000,6.000000,3.354101966250,0.367543824258,0.367546240122,0.000002415864
18,0.45000000,38,3,6,4,6,3.500000,6.000000,3.041381265149,0.365983248399,0.366051408471,0.000068160071
18,0.45000000,39,4,6,5,6,4.500000,6.000000,3.041381265149,0.365960560666,0.366028727369,0.000068166703
18,0.45000000,40,5,6,6,6,5.500000,6.000000,3.354101966250,0.365983248416,0.365985682796,0.000002434380
18,0.45000000,41,6,6,7,6,6.500000,6.000000,3.905124837953,0.367543824254,0.367543856270,0.000000032016
18,0.45000000,42,7,6,8,6,7.500000,6.000000,4.609772228646,0.372913093993,0.372913094165,0.000000000172
18,0.45000000,43,1,1,1,2,1.000000,1.500000,3.354101966250,0.372913094400,0.372914992573,0.000001898173
18,0.45000000,44,2,1,2,2,2.000000,1.500000,2.500000000000,0.374381357542,0.374499975960,0.000118618418
18,0.45000000,45,3,1,3,2,3.000000,1.500000,1.802775637732,0.371434285515,0.375151546451,0.003717260936
18,0.45000000,46,4,1,4,2,4.000000,1.500000,1.500000000000,0.371382647750,0.383548317997,0.012165670247
18,0.45000000,47,5,1,5,2,5.000000,1.500000,1.802775637732,0.371382647740,0.375096749181,0.003714101441
18,0.45000000,48,6,1,6,2,6.000000,1.500000,2.500000000000,0.371434285503,0.371548848169,0.000114562666
18,0.45000000,49,7,1,7,2,7.000000,1.500000,3.354101966250,0.374381357551,0.374382905575,0.000001548024
18,0.45000000,50,8,1,8,2,8.000000,1.500000,4.272001872659,0.372913094410,0.372913108038,0.000000013628
18,0.45000000,51,1,2,1,3,1.000000,2.500000,3.041381265149,0.367543965250,0.367611605341,0.000067640091
18,0.45000000,52,2,2,2,3,2.000000,2.500000,2.061552812809,0.360911442375,0.364109672645,0.003198230270
18,0.45000000,53,3,2,3,3,3.000000,2.500000,1.118033988750,0.357099438917,0.392994437626,0.035894998710
18,0.45000000,54,4,2,4,3,4.000000,2.500000,0.500000000000,0.357016073112,0.512024349326,0.155008276214
18,0.45000000,55,5,2,5,3,5.000000,2.500000,1.118033988750,0.357016073111,0.392920429365,0.035904356254
18,0.45000000,56,6,2,6,3,6.000000,2.500000,2.061552812809,0.357099438918,0.360341178710,0.003241739792
18,0.45000000,57,7,2,7,3,7.000000,2.500000,3.041381265149,0.360911442353,0.360977771379,0.000066329026
18,0.45000000,58,8,2,8,3,8.000000,2.500000,4.031128874149,0.367543965251,0.367544626643,0.000000661392
18,0.45000000,59,1,3,1,4,1.000000,3.500000,3.041381265149,0.366006217066,0.366074375408,0.000068158342
18,0.45000000,60,2,3,2,4,2.000000,3.500000,2.061552812809,0.359013087263,0.362282101967,0.003269014705
18,0.45000000,61,3,3,3,4,3.000000,3.500000,1.118033988750,0.355134184169,0.392172890488,0.037038706319
18,0.45000000,62,4,3,4,4,4.000000,3.500000,0.500000000000,0.355048612776,0.509899060702,0.154850447926
18,0.45000000,63,5,3,5,4,5.000000,3.500000,1.118033988750,0.355048612799,0.392099982402,0.037051369603
18,0.45000000,64,6,3,6,4,6.000000,3.500000,2.061552812809,0.355134184169,0.358456793244,0.003322609075
18,0.45000000,65,7,3,7,4,7.000000,3.500000,3.041381265149,0.359013087262,0.359080838266,0.000067751005
18,0.45000000,66,8,3,8,4,8.000000,3.500000,4.031128874149,0.366006217071,0.366006883728,0.000000666658
18,0.45000000,67,1,4,1,5,1.000000,4.500000,3.354101966250,0.367543965246,0.367546380779,0.000002415533
18,0.45000000,68,2,4,2,5,2.000000,4.500000,2.500000000000,0.360911442346,0.361103438915,0.000191996569
18,0.45000000,69,3,4,3,5,3.000000,4.500000,1.802775637732,0.357099438951,0.363425736470,0.006326297519
18,0.45000000,70,4,4,4,5,4.000000,4.500000,1.500000000000,0.357016073123,0.391612152343,0.034596079220
18,0.45000000,71,5,4,5,5,5.000000,4.500000,1.802775637732,0.357016073092,0.363344719967,0.006328646876
18,0.45000000,72,6,4,6,5,6.000000,4.500000,2.500000000000,0.357099438918,0.357295236588,0.000195797670
18,0.45000000,73,7,4,7,5,7.000000,4.500000,3.354101966250,0.360911442345,0.360913957836,0.000002515491
18,0.45000000,74,8,4,8,5,8.000000,4.500000,4.272001872659,0.367543965245,0.367543982805,0.000000017559
18,0.45000000,75,1,5,1,6,1.000000,5.500000,3.905124837953,0.372913094409,0.372913119641,0.000000025232
18,0.45000000,76,2,5,2,6,2.000000,5.500000,3.201562118716,0.374381357553,0.374383670433,0.000002312880
18,0.45000000,77,3,5,3,6,3.000000,5.500000,2.692582403567,0.371434285502,0.371548679068,0.000114393565
18,0.45000000,78,4,5,4,6,4.000000,5.500000,2.500000000000,0.371382647746,0.373139794137,0.001757146390
18,0.45000000,79,5,5,5,6,5.000000,5.500000,2.692582403567,0.371382647744,0.371496935502,0.000114287758
18,0.45000000,80,6,5,6,6,6.000000,5.500000,3.201562118716,0.371434285508,0.371436527806,0.000002242298
18,0.45000000,81,7,5,7,6,7.000000,5.500000,3.905124837953,0.374381357550,0.374381379556,0.000000022006
18,0.45000000,82,8,5,8,6,8.000000,5.500000,4.716990566028,0.372913094410,0.372913094551,0.000000000141
19,0.47500000,1,1,1,2,1,1.500000,1.000000,3.201562118716,0.350895373008,0.350899373307,0.000004000298
19,0.47500000,2,2,1,3,1,2.500000,1.000000,2.500000000000,0.351899965408,0.352149533660,0.000249568252
19,0.47500000,3,3,1,4,1,3.500000,1.000000,2.061552812809,0.350085412916,0.353929736228,0.003844323312
19,0.47500000,4,4,1,5,1,4.500000,1.000000,2.061552812809,0.350052276113,0.353897157991,0.003844881878
19,0.47500000,5,5,1,6,1,5.500000,1.000000,2.500000000000,0.350085412924,0.350337536042,0.000252123118
19,0.47500000,6,6,1,7,1,6.500000,1.000000,3.201562118716,0.351899965397,0.351905230973,0.000005265576
19,0.47500000,7,7,1,8,1,7.500000,1.000000,4.031128874149,0.350895372997,0.350895414457,0.000000041460
19,0.47500000,8,1,2,2,2,1.500000,2.000000,2.692582403567,0.366711762342,0.366853137334,0.000141374992
19,0.47500000,9,2,2,3,2,2.500000,2.000000,1.802775637732,0.357462599602,0.364447989655,0.006985390053
19,0.47500000,10,3,2,4,2,3.500000,2.000000,1.118033988750,0.355287511069,0.386110532518,0.030823021449
19,0.47500000,11,4,2,5,2,4.500000,2.000000,1.118033988750,0.355231767857,0.386082804766,0.030851036909
19,0.47500000,12,5,2,6,2,5.500000,2.000000,1.802775637732,0.355287511094,0.362480816564,0.007193305470
19,0.47500000,13,6,2,7,2,6.500000,2.000000,2.692582403567,0.357462599602,0.357718232372,0.000255632770
19,0.47500000,14,7,2,8,2,7.500000,2.000000,3.640054944640,0.366711762344,0.366713969121,0.000002206778
19,0.47500000,15,1,3,2,3,1.500000,3.000000,2.500000000000,0.363487534812,0.365073680680,0.001586145868
19,0.47500000,16,2,3,3,3,2.500000,3.000000,1.500000000000,0.353232250278,0.381992741906,0.028760491628
19,0.47500000,17,3,3,4,3,3.500000,3.000000,0.500000000000,0.350972163002,0.509914820515,0.158942657513
19,0.47500000,18,4,3,5,3,4.500000,3.000000,0.500000000000,0.350913334770,0.509841506891,0.158928172121
19,0.47500000,19,5,3,6,3,5.500000,3.000000,1.500000000000,0.350972162976,0.381470774744,0.030498611768
19,0.47500000,20,6,3,7,3,6.500000,3.000000,2.500000000000,0.353232250306,0.356697170347,0.003464920041
19,0.47500000,21,7,3,8,3,7.500000,3.000000,3.500000000000,0.363487534813,0.363531454541,0.000043919727
19,0.47500000,22,1,4,2,4,1.500000,4.000000,2.692582403567,0.363487534835,0.363619397349,0.000131862514
19,0.47500000,23,2,4,3,4,2.500000,4.000000,1.802775637732,0.353232250280,0.360334515306,0.007102265026
19,0.47500000,24,3,4,4,4,3.500000,4.000000,1.118033988750,0.350972162962,0.382333198975,0.031361036013
19,0.47500000,25,4,4,5,4,4.500000,4.000000,1.118033988750,0.350913334797,0.382308428239,0.031395093443
19,0.47500000,26,5,4,6,4,5.500000,4.000000,1.802775637732,0.350972162977,0.358321576852,0.007349413876
19,0.47500000,27,6,4,7,4,6.500000,4.000000,2.692582403567,0.353232250306,0.353494734998,0.000262484692
19,0.47500000,28,7,4,8,4,7.500000,4.000000,3.640054944640,0.363487534822,0.363489605093,0.000002070271
19,0.47500000,29,1,5,2,5,1.500000,5.000000,3.201562118716,0.366711762353,0.366715091647,0.000003329294
19,0.47500000,30,2,5,3,5,2.500000,5.000000,2.500000000000,0.357462599603,0.357722528339,0.000259928736
19,0.47500000,31,3,5,4,5,3.500000,5.000000,2.061552812809,0.355287511059,0.358990846061,0.003703335002
19,0.47500000,32,4,5,5,5,4.500000,5.000000,2.061552812809,0.355231767872,0.358937606694,0.003705838822
19,0.47500000,33,5,5,6,5,5.500000,5.000000,2.500000000000,0.355287511094,0.355555179536,0.000267668442
19,0.47500000,34,6,5,7,5,6.500000,5.000000,3.201562118716,0.357462599594,0.357468570090,0.000005970496
19,0.47500000,35,7,5,8,5,7.500000,5.000000,4.031128874149,0.366711762358,0.366711800150,0.000000037792
19,0.47500000,36,1,6,2,6,1.500000,6.000000,3.905124837953,0.350895372999,0.350895420560,0.000000047562
19,0.47500000,37,2,6,3,6,2.500000,6.000000,3.354101966250,0.351899965405,0.351903965163,0.000003999758
19,0.47500000,38,3,6,4,6,3.500000,6.000000,3.041381265149,0.350085412907,0.350180746513,0.000095333606
19,0.47500000,39,4,6,5,6,4.500000,6.000000,3.041381265149,0.350052276118,0.350147624758,0.000095348640
19,0.47500000,40,5,6,6,6,5.500000,6.000000,3.354101966250,0.350085412929,0.350089455726,0.000004042798
19,0.47500000,41,6,6,7,6,6.500000,6.000000,3.905124837953,0.351899965401,0.351900028499,0.000000063098
19,0.47500000,42,7,6,8,6,7.500000,6.000000,4.609772228646,0.350895372997,0.350895373385,0.000000000388
19,0.47500000,43,1,1,1,2,1.000000,1.500000,3.354101966250,0.350895373806,0.350898375154,0.000003001348
19,0.47500000,44,2,1,2,2,2.000000,1.500000,2.500000000000,0.366711760988,0.366854786003,0.000143025015
19,0.47500000,45,3,1,3,2,3.000000,1.500000,1.802775637732,0.363486900033,0.367026185377,0.003539285344
19,0.47500000,46,4,1,4,2,4.000000,1.500000,1.500000000000,0.363417205241,0.366458519630,0.003041314388
19,0.47500000,47,5,1,5,2,5.000000,1.500000,1.802775637732,0.363417205229,0.366948987504,0.003531782274
19,0.47500000,48,6,1,6,2,6.000000,1.500000,2.500000000000,0.363486900019,0.363619606216,0.000132706197
19,0.47500000,49,7,1,7,2,7.000000,1.500000,3.354101966250,0.366711760999,0.366713993941,0.000002232942
19,0.47500000,50,8,1,8,2,8.000000,1.500000,4.272001872659,0.350895373817,0.350895399349,0.000000025532
19,0.47500000,51,1,2,1,3,1.000000,2.500000,3.041381265149,0.351900212018,0.351994561161,0.000094349143
19,0.47500000,52,2,2,2,3,2.000000,2.500000,2.061552812809,0.357463210993,0.361053998557,0.003590787564
19,0.47500000,53,3,2,3,3,3.000000,2.500000,1.118033988750,0.353231601314,0.383104636433,0.029873035119
19,0.47500000,54,4,2,4,3,4.000000,2.500000,0.500000000000,0.353117328953,0.512830986103,0.159713657151
19,0.47500000,55,5,2,5,3,5.000000,2.500000,1.118033988750,0.353117328951,0.382999387171,0.029882058220
19,0.47500000,56,6,2,6,3,6.000000,2.500000,2.061552812809,0.353231601315,0.356864183738,0.003632582422
19,0.47500000,57,7,2,7,3,7.000000,2.500000,3.041381265149,0.357463210966,0.357553443027,0.000090232060
19,0.47500000,58,8,2,8,3,8.000000,2.500000,4.031128874149,0.351900212018,0.351901304513,0.000001092495
19,0.47500000,59,1,3,1,4,1.000000,3.500000,3.041381265149,0.350119040670,0.350214397984,0.000095357314
19,0.47500000,60,2,3,2,4,2.000000,3.500000,2.061552812809,0.355344476413,0.359048340489,0.003703864076
19,0.47500000,61,3,3,3,4,3.000000,3.500000,1.118033988750,0.351030943764,0.382407235116,0.031376291352
19,0.47500000,62,4,3,4,4,4.000000,3.500000,0.500000000000,0.350913334781,0.509844940786,0.158931606005
19,0.47500000,63,5,3,5,4,5.000000,3.500000,1.118033988750,0.350913334808,0.382304904612,0.031391569803
19,0.47500000,64,6,3,6,4,6.000000,3.500000,2.061552812809,0.351030943764,0.354796233754,0.003765289990
19,0.47500000,65,7,3,7,4,7.000000,3.500000,3.041381265149,0.355344476413,0.355437422474,0.000092946062
19,0.47500000,66,8,3,8,4,8.000000,3.500000,4.031128874149,0.350119040676,0.350120145436,0.000001104760
19,0.47500000,67,1,4,1,5,1.000000,4.500000,3.354101966250,0.351900212011,0.351904211049,0.000003999039
19,0.47500000,68,2,4,2,5,2.000000,4.500000,2.500000000000,0.357463210957,0.357723108334,0.000259897378
19,0.47500000,69,3,4,3,5,3.000000,4.500000,1.802775637732,0.353231601354,0.360333952066,0.007102350712
19,0.47500000,70,4,4,4,5,4.000000,4.500000,1.500000000000,0.353117328965,0.381896428292,0.028779099328
19,0.47500000,71,5,4,5,5,5.000000,4.500000,1.802775637732,0.353117328927,0.360222637257,0.007105308331
19,0.47500000,72,6,4,6,5,6.000000,4.500000,2.500000000000,0.353231601315,0.353496119057,0.000264517742
19,0.47500000,73,7,4,7,5,7.000000,4.500000,3.354101966250,0.357463210958,0.357467262105,0.000004051147
19,0.47500000,74,8,4,8,5,8.000000,4.500000,4.272001872659,0.351900212010,0.351900246469,0.000000034459
19,0.47500000,75,1,5,1,6,1.000000,5.500000,3.905124837953,0.350895373816,0.350895421376,0.000000047560
19,0.47500000,76,2,5,2,6,2.000000,5.500000,3.201562118716,0.366711761001,0.366715090299,0.000003329297
19,0.47500000,77,3,5,3,6,3.000000,5.500000,2.692582403567,0.363486900018,0.363618769021,0.000131869003
19,0.47500000,78,4,5,4,6,4.000000,5.500000,2.500000000000,0.363417205237,0.364999436343,0.001582231106
19,0.47500000,79,5,5,5,6,5.000000,5.500000,2.692582403567,0.363417205234,0.363548756367,0.000131551132
19,0.47500000,80,6,5,6,6,6.000000,5.500000,3.201562118716,0.363486900024,0.363489993442,0.000003093417
19,0.47500000,81,7,5,7,6,7.000000,5.500000,3.905124837953,0.366711760999,0.366711798907,0.000000037908
19,0.47500000,82,8,5,8,6,8.000000,5.500000,4.716990566028,0.350895373817,0.350895374134,0.000000000317
20,0.50000000,1,1,1,2,1,1.500000,1.000000,3.201562118716,0.328215192752,0.328221203816,0.000006011064
20,0.50000000,2,2,1,3,1,2.500000,1.000000,2.500000000000,0.336170503722,0.336505925545,0.000335421823
20,0.50000000,3,3,1,4,1,3.500000,1.000000,2.061552812809,0.334152407304,0.338486781321,0.004334374017
20,0.50000000,4,4,1,5,1,4.500000,1.000000,2.061552812809,0.334105941147,0.338441272398,0.004335331251
20,0.50000000,5,5,1,6,1,5.500000,1.000000,2.500000000000,0.334152407314,0.334492506103,0.000340098789
20,0.50000000,6,6,1,7,1,6.500000,1.000000,3.201562118716,0.336170503709,0.336178815208,0.000008311499
20,0.50000000,7,7,1,8,1,7.500000,1.000000,4.031128874149,0.328215192738,0.328215266184,0.000000073446
20,0.50000000,8,1,2,2,2,1.500000,2.000000,2.692582403567,0.358980919153,0.359139668148,0.000158748995
20,0.50000000,9,2,2,3,2,2.500000,2.000000,1.802775637732,0.354183876929,0.361767383048,0.007583506119
20,0.50000000,10,3,2,4,2,3.500000,2.000000,1.118033988750,0.351836599079,0.376492514173,0.024655915094
20,0.50000000,11,4,2,5,2,4.500000,2.000000,1.118033988750,0.351763195242,0.376457976300,0.024694781058
20,0.50000000,12,5,2,6,2,5.500000,2.000000,1.802775637732,0.351836599108,0.359731741053,0.007895141945
20,0.50000000,13,6,2,7,2,6.500000,2.000000,2.692582403567,0.354183876928,0.354515035517,0.000331158589
20,0.50000000,14,7,2,8,2,7.500000,2.000000,3.640054944640,0.358980919153,0.358983867260,0.000002948107
20,0.50000000,15,1,3,2,3,1.500000,3.000000,2.500000000000,0.355630690104,0.356833840660,0.001203150556
20,0.50000000,16,2,3,3,3,2.500000,3.000000,1.500000000000,0.349688033117,0.372116231994,0.022428198877
20,0.50000000,17,3,3,4,3,3.500000,3.000000,0.500000000000,0.347242719235,0.511630441503,0.164387722268
20,0.50000000,18,4,3,5,3,4.500000,3.000000,0.500000000000,0.347165115308,0.511514264719,0.164349149411
20,0.50000000,19,5,3,6,3,5.500000,3.000000,1.500000000000,0.347242719203,0.371943821333,0.024701102130
20,0.50000000,20,6,3,7,3,6.500000,3.000000,2.500000000000,0.349688033150,0.353379693945,0.003691660795
20,0.50000000,21,7,3,8,3,7.500000,3.000000,3.500000000000,0.355630690106,0.355675486313,0.000044796207
20,0.50000000,22,1,4,2,4,1.500000,4.000000,2.692582403567,0.355630690132,0.355767718060,0.000137027928
20,0.50000000,23,2,4,3,4,2.500000,4.000000,1.802775637732,0.349688033119,0.357367574108,0.007679540989
20,0.50000000,24,3,4,4,4,3.500000,4.000000,1.118033988750,0.347242719187,0.372305126095,0.025062406909
20,0.50000000,25,4,4,5,4,4.500000,4.000000,1.118033988750,0.347165115340,0.372277015366,0.025111900026
20,0.50000000,26,5,4,6,4,5.500000,4.000000,1.802775637732,0.347242719204,0.355305138928,0.008062419724
20,0.50000000,27,6,4,7,4,6.500000,4.000000,2.692582403567,0.349688033150,0.350026642398,0.000338609247
20,0.50000000,28,7,4,8,4,7.500000,4.000000,3.640054944640,0.355630690116,0.355633242405,0.000002552288
20,0.50000000,29,1,5,2,5,1.500000,5.000000,3.201562118716,0.358980919165,0.358985378490,0.000004459325
20,0.50000000,30,2,5,3,5,2.500000,5.000000,2.500000000000,0.354183876930,0.354521344598,0.000337467668
20,0.50000000,31,3,5,4,5,3.500000,5.000000,2.061552812809,0.351836599065,0.355887532000,0.004050932935
20,0.50000000,32,4,5,5,5,4.500000,5.000000,2.061552812809,0.351763195259,0.355818503346,0.004055308087
20,0.50000000,33,5,5,6,5,5.500000,5.000000,2.500000000000,0.351836599107,0.352187817161,0.000351218053
20,0.50000000,34,6,5,7,5,6.500000,5.000000,3.201562118716,0.354183876919,0.354192982615,0.000009105696
20,0.50000000,35,7,5,8,5,7.500000,5.000000,4.031128874149,0.358980919170,0.358980979263,0.000000060094
20,0.50000000,36,1,6,2,6,1.500000,6.000000,3.905124837953,0.328215192740,0.328215276467,0.000000083726
20,0.50000000,37,2,6,3,6,2.500000,6.000000,3.354101966250,0.336170503719,0.336176778616,0.000006274897
20,0.50000000,38,3,6,4,6,3.500000,6.000000,3.041381265149,0.334152407292,0.334280198910,0.000127791618
20,0.50000000,39,4,6,5,6,4.500000,6.000000,3.041381265149,0.334105941152,0.334233764026,0.000127822874
20,0.50000000,40,5,6,6,6,5.500000,6.000000,3.354101966250,0.334152407318,0.334158774462,0.000006367144
20,0.50000000,41,6,6,7,6,6.500000,6.000000,3.905124837953,0.336170503712,0.336170620184,0.000000116472
20,0.50000000,42,7,6,8,6,7.500000,6.000000,4.609772228646,0.328215192738,0.328215193545,0.000000000807
20,0.50000000,43,1,1,1,2,1.000000,1.500000,3.354101966250,0.328215194239,0.328219674883,0.000004480643
20,0.50000000,44,2,1,2,2,2.000000,1.500000,2.500000000000,0.358980916347,0.359142462640,0.000161546293
20,0.50000000,45,3,1,3,2,3.000000,1.500000,1.802775637732,0.355629741552,0.358652893910,0.003023152359
20,0.50000000,46,4,1,4,2,4.000000,1.500000,1.500000000000,0.355539543118,0.349476646291,-0.006062896826
20,0.50000000,47,5,1,5,2,5.000000,1.500000,1.802775637732,0.355539543103,0.358547131228,0.003007588125
20,0.50000000,48,6,1,6,2,6.000000,1.500000,2.500000000000,0.355629741534,0.355769043236,0.000139301702
20,0.50000000,49,7,1,7,2,7.000000,1.500000,3.354101966250,0.358980916361,0.358983916694,0.000003000332
20,0.50000000,50,8,1,8,2,8.000000,1.500000,4.272001872659,0.328215194252,0.328215238913,0.000000044661
20,0.50000000,51,1,2,1,3,1.000000,2.500000,3.041381265149,0.336170913143,0.336296977175,0.000126064032
20,0.50000000,52,2,2,2,3,2.000000,2.500000,2.061552812809,0.354184812620,0.358067214961,0.003882402340
20,0.50000000,53,3,2,3,3,3.000000,2.500000,1.118033988750,0.349687017311,0.372898990549,0.023211973239
20,0.50000000,54,4,2,4,3,4.000000,2.500000,0.500000000000,0.349536661999,0.515535404441,0.165998742441
20,0.50000000,55,5,2,5,3,5.000000,2.500000,1.118033988750,0.349536661996,0.372754222154,0.023217560158
20,0.50000000,56,6,2,6,3,6.000000,2.500000,2.061552812809,0.349687017312,0.353596353655,0.003909336343
20,0.50000000,57,7,2,7,3,7.000000,2.500000,3.041381265149,0.354184812589,0.354302495519,0.000117682930
20,0.50000000,58,8,2,8,3,8.000000,2.500000,4.031128874149,0.336170913142,0.336172622061,0.000001708919
20,0.50000000,59,1,3,1,4,1.000000,3.500000,3.041381265149,0.334199687731,0.334327581174,0.000127893443
20,0.50000000,60,2,3,2,4,2.000000,3.500000,2.061552812809,0.351911872850,0.355964849912,0.004052977062
20,0.50000000,61,3,3,3,4,3.000000,3.500000,1.118033988750,0.347320218152,0.372409935134,0.025089716982
20,0.50000000,62,4,3,4,4,4.000000,3.500000,0.500000000000,0.347165115324,0.511520479863,0.164355364539
20,0.50000000,63,5,3,5,4,5.000000,3.500000,1.118033988750,0.347165115356,0.372271488659,0.025106373303
20,0.50000000,64,6,3,6,4,6.000000,3.500000,2.061552812809,0.347320218153,0.351435964599,0.004115746446
20,0.50000000,65,7,3,7,4,7.000000,3.500000,3.041381265149,0.351911872849,0.352034403337,0.000122530488
20,0.50000000,66,8,3,8,4,8.000000,3.500000,4.031128874149,0.334199687740,0.334201423045,0.000001735305
20,0.50000000,67,1,4,1,5,1.000000,4.500000,3.354101966250,0.336170913133,0.336177186646,0.000006273513
20,0.50000000,68,2,4,2,5,2.000000,4.500000,2.500000000000,0.354184812577,0.354522232049,0.000337419472
20,0.50000000,69,3,4,3,5,3.000000,4.500000,1.802775637732,0.349687017359,0.357366720087,0.007679702728
20,0.50000000,70,4,4,4,5,4.000000,4.500000,1.500000000000,0.349536662013,0.371987451498,0.022450789485
20,0.50000000,71,5,4,5,5,5.000000,4.500000,1.802775637732,0.349536661968,0.357219380808,0.007682718841
20,0.50000000,72,6,4,6,5,6.000000,4.500000,2.500000000000,0.349687017313,0.350028780096,0.000341762782
20,0.50000000,73,7,4,7,5,7.000000,4.500000,3.354101966250,0.354184812578,0.354191003896,0.000006191318
20,0.50000000,74,8,4,8,5,8.000000,4.500000,4.272001872659,0.336170913132,0.336170976432,0.000000063299
20,0.50000000,75,1,5,1,6,1.000000,5.500000,3.905124837953,0.328215194251,0.328215277973,0.000000083722
20,0.50000000,76,2,5,2,6,2.000000,5.500000,3.201562118716,0.358980916365,0.358985375699,0.000004459334
20,0.50000000,77,3,5,3,6,3.000000,5.500000,2.692582403567,0.355629741532,0.355766763518,0.000137021986
20,0.50000000,78,4,5,4,6,4.000000,5.500000,2.500000000000,0.355539543113,0.356734469970,0.001194926857
20,0.50000000,79,5,5,5,6,5.000000,5.500000,2.692582403567,0.355539543109,0.355675764610,0.000136221501
20,0.50000000,80,6,5,6,6,6.000000,5.500000,3.201562118716,0.355629741540,0.355633577277,0.000003835737
20,0.50000000,81,7,5,7,6,7.000000,5.500000,3.905124837953,0.358980916361,0.358980976727,0.000000060366
20,0.50000000,82,8,5,8,6,8.000000,5.500000,4.716990566028,0.328215194252,0.328215194908,0.000000000655
