step,time,link_id,v1_x,v1_y,v2_x,v2_y,mid_x,mid_y,radius,scv_flux,loop_flux,delta_flux
0,0.00000000,1,1,1,2,1,1.500000,1.000000,3.201562118716,0.000000000000,0.000000000000,0.000000000000
0,0.00000000,2,2,1,3,1,2.500000,1.000000,2.500000000000,0.000000000000,0.000000000000,0.000000000000
0,0.00000000,3,3,1,4,1,3.500000,1.000000,2.061552812809,0.000000000000,0.000000000000,0.000000000000
0,0.00000000,4,4,1,5,1,4.500000,1.000000,2.061552812809,0.000000000000,0.000000000000,0.000000000000
0,0.00000000,5,5,1,6,1,5.500000,1.000000,2.500000000000,0.000000000000,0.000000000000,0.000000000000
0,0.00000000,6,6,1,7,1,6.500000,1.000000,3.201562118716,0.000000000000,0.000000000000,0.000000000000
0,0.00000000,7,7,1,8,1,7.500000,1.000000,4.031128874149,0.000000000000,0.000000000000,0.000000000000
0,0.00000000,8,1,2,2,2,1.500000,2.000000,2.692582403567,0.000000000000,0.000000000000,0.000000000000
0,0.00000000,9,2,2,3,2,2.500000,2.000000,1.802775637732,0.000000000000,0.000000000000,0.000000000000
0,0.00000000,10,3,2,4,2,3.500000,2.000000,1.118033988750,0.000000000000,0.000000000000,0.000000000000
0,0.00000000,11,4,2,5,2,4.500000,2.000000,1.118033988750,0.000000000000,0.000000000000,0.000000000000
0,0.00000000,12,5,2,6,2,5.500000,2.000000,1.802775637732,0.000000000000,0.000000000000,0.000000000000
0,0.00000000,13,6,2,7,2,6.500000,2.000000,2.692582403567,0.000000000000,0.000000000000,0.000000000000
0,0.00000000,14,7,2,8,2,7.500000,2.000000,3.640054944640,0.000000000000,0.000000000000,0.000000000000
0,0.00000000,15,1,3,2,3,1.500000,3.000000,2.500000000000,0.000000000000,0.000000000000,0.000000000000
0,0.00000000,16,2,3,3,3,2.500000,3.000000,1.500000000000,0.000000000000,0.000000000000,0.000000000000
0,0.00000000,17,3,3,4,3,3.500000,3.000000,0.500000000000,0.000000000000,1.000000000000,1.000000000000
0,0.00000000,18,4,3,5,3,4.500000,3.000000,0.500000000000,0.000000000000,1.000000000000,1.000000000000
0,0.00000000,19,5,3,6,3,5.500000,3.000000,1.500000000000,0.000000000000,0.000000000000,0.000000000000
0,0.00000000,20,6,3,7,3,6.500000,3.000000,2.500000000000,0.000000000000,0.000000000000,0.000000000000
0,0.00000000,21,7,3,8,3,7.500000,3.000000,3.500000000000,0.000000000000,0.000000000000,0.000000000000
0,0.00000000,22,1,4,2,4,1.500000,4.000000,2.692582403567,0.000000000000,0.000000000000,0.000000000000
0,0.00000000,23,2,4,3,4,2.500000,4.000000,1.802775637732,0.000000000000,0.000000000000,0.000000000000
0,0.00000000,24,3,4,4,4,3.500000,4.000000,1.118033988750,0.000000000000,0.000000000000,0.000000000000
0,0.00000000,25,4,4,5,4,4.500000,4.000000,1.118033988750,0.000000000000,0.000000000000,0.000000000000
0,0.00000000,26,5,4,6,4,5.500000,4.000000,1.802775637732,0.000000000000,0.000000000000,0.000000000000
0,0.00000000,27,6,4,7,4,6.500000,4.000000,2.692582403567,0.000000000000,0.000000000000,0.000000000000
0,0.00000000,28,7,4,8,4,7.500000,4.000000,3.640054944640,0.000000000000,0.000000000000,0.000000000000
0,0.00000000,29,1,5,2,5,1.500000,5.000000,3.201562118716,0.000000000000,0.000000000000,0.000000000000
0,0.00000000,30,2,5,3,5,2.500000,5.000000,2.500000000000,0.000000000000,0.000000000000,0.000000000000
0,0.00000000,31,3,5,4,5,3.500000,5.000000,2.061552812809,0.000000000000,0.000000000000,0.000000000000
0,0.00000000,32,4,5,5,5,4.500000,5.000000,2.061552812809,0.000000000000,0.000000000000,0.000000000000
0,0.00000000,33,5,5,6,5,5.500000,5.000000,2.500000000000,0.000000000000,0.000000000000,0.000000000000
0,0.00000000,34,6,5,7,5,6.500000,5.000000,3.201562118716,0.000000000000,0.000000000000,0.000000000000
0,0.00000000,35,7,5,8,5,7.500000,5.000000,4.031128874149,0.000000000000,0.000000000000,0.000000000000
0,0.00000000,36,1,6,2,6,1.500000,6.000000,3.905124837953,0.000000000000,0.000000000000,0.000000000000
0,0.00000000,37,2,6,3,6,2.500000,6.000000,3.354101966250,0.000000000000,0.000000000000,0.000000000000
0,0.00000000,38,3,6,4,6,3.500000,6.000000,3.041381265149,0.000000000000,0.000000000000,0.000000000000
0,0.00000000,39,4,6,5,6,4.500000,6.000000,3.041381265149,0.000000000000,0.000000000000,0.000000000000
0,0.00000000,40,5,6,6,6,5.500000,6.000000,3.354101966250,0.000000000000,0.000000000000,0.000000000000
0,0.00000000,41,6,6,7,6,6.500000,6.000000,3.905124837953,0.000000000000,0.000000000000,0.000000000000
0,0.00000000,42,7,6,8,6,7.500000,6.000000,4.609772228646,0.000000000000,0.000000000000,0.000000000000
0,0.00000000,43,1,1,1,2,1.000000,1.500000,3.354101966250,0.000000000000,0.000000000000,0.000000000000
0,0.00000000,44,2,1,2,2,2.000000,1.500000,2.500000000000,0.000000000000,0.000000000000,0.000000000000
0,0.00000000,45,3,1,3,2,3.000000,1.500000,1.802775637732,0.000000000000,0.000000000000,0.000000000000
0,0.00000000,46,4,1,4,2,4.000000,1.500000,1.500000000000,0.000000000000,0.000000000000,0.000000000000
0,0.00000000,47,5,1,5,2,5.000000,1.500000,1.802775637732,0.000000000000,0.000000000000,0.000000000000
0,0.00000000,48,6,1,6,2,6.000000,1.500000,2.500000000000,0.000000000000,0.000000000000,0.000000000000
0,0.00000000,49,7,1,7,2,7.000000,1.500000,3.354101966250,0.000000000000,0.000000000000,0.000000000000
0,0.00000000,50,8,1,8,2,8.000000,1.500000,4.272001872659,0.000000000000,0.000000000000,0.000000000000
0,0.00000000,51,1,2,1,3,1.000000,2.500000,3.041381265149,0.000000000000,0.000000000000,0.000000000000
0,0.00000000,52,2,2,2,3,2.000000,2.500000,2.061552812809,0.000000000000,0.000000000000,0.000000000000
0,0.00000000,53,3,2,3,3,3.000000,2.500000,1.118033988750,0.000000000000,0.000000000000,0.000000000000
0,0.00000000,54,4,2,4,3,4.000000,2.500000,0.500000000000,0.000000000000,1.000000000000,1.000000000000
0,0.00000000,55,5,2,5,3,5.000000,2.500000,1.118033988750,0.000000000000,0.000000000000,0.000000000000
0,0.00000000,56,6,2,6,3,6.000000,2.500000,2.061552812809,0.000000000000,0.000000000000,0.000000000000
0,0.00000000,57,7,2,7,3,7.000000,2.500000,3.041381265149,0.000000000000,0.000000000000,0.000000000000
0,0.00000000,58,8,2,8,3,8.000000,2.500000,4.031128874149,0.000000000000,0.000000000000,0.000000000000
0,0.00000000,59,1,3,1,4,1.000000,3.500000,3.041381265149,0.000000000000,0.000000000000,0.000000000000
0,0.00000000,60,2,3,2,4,2.000000,3.500000,2.061552812809,0.000000000000,0.000000000000,0.000000000000
0,0.00000000,61,3,3,3,4,3.000000,3.500000,1.118033988750,0.000000000000,0.000000000000,0.000000000000
0,0.00000000,62,4,3,4,4,4.000000,3.500000,0.500000000000,0.000000000000,1.000000000000,1.000000000000
0,0.00000000,63,5,3,5,4,5.000000,3.500000,1.118033988750,0.000000000000,0.000000000000,0.000000000000
0,0.00000000,64,6,3,6,4,6.000000,3.500000,2.061552812809,0.000000000000,0.000000000000,0.000000000000
0,0.00000000,65,7,3,7,4,7.000000,3.500000,3.041381265149,0.000000000000,0.000000000000,0.000000000000
0,0.00000000,66,8,3,8,4,8.000000,3.500000,4.031128874149,0.000000000000,0.000000000000,0.000000000000
0,0.00000000,67,1,4,1,5,1.000000,4.500000,3.354101966250,0.000000000000,0.000000000000,0.000000000000
0,0.00000000,68,2,4,2,5,2.000000,4.500000,2.500000000000,0.000000000000,0.000000000000,0.000000000000
0,0.00000000,69,3,4,3,5,3.000000,4.500000,1.802775637732,0.000000000000,0.000000000000,0.000000000000
0,0.00000000,70,4,4,4,5,4.000000,4.500000,1.500000000000,0.000000000000,0.000000000000,0.000000000000
0,0.00000000,71,5,4,5,5,5.000000,4.500000,1.802775637732,0.000000000000,0.000000000000,0.000000000000
0,0.00000000,72,6,4,6,5,6.000000,4.500000,2.500000000000,0.000000000000,0.000000000000,0.000000000000
0,0.00000000,73,7,4,7,5,7.000000,4.500000,3.354101966250,0.000000000000,0.000000000000,0.000000000000
0,0.00000000,74,8,4,8,5,8.000000,4.500000,4.272001872659,0.000000000000,0.000000000000,0.000000000000
0,0.00000000,75,1,5,1,6,1.000000,5.500000,3.905124837953,0.000000000000,0.000000000000,0.000000000000
0,0.00000000,76,2,5,2,6,2.000000,5.500000,3.201562118716,0.000000000000,0.000000000000,0.000000000000
0,0.00000000,77,3,5,3,6,3.000000,5.500000,2.692582403567,0.000000000000,0.000000000000,0.000000000000
0,0.00000000,78,4,5,4,6,4.000000,5.500000,2.500000000000,0.000000000000,0.000000000000,0.000000000000
0,0.00000000,79,5,5,5,6,5.000000,5.500000,2.692582403567,0.000000000000,0.000000000000,0.000000000000
0,0.00000000,80,6,5,6,6,6.000000,5.500000,3.201562118716,0.000000000000,0.000000000000,0.000000000000
0,0.00000000,81,7,5,7,6,7.000000,5.500000,3.905124837953,0.000000000000,0.000000000000,0.000000000000
0,0.00000000,82,8,5,8,6,8.000000,5.500000,4.716990566028,0.000000000000,0.000000000000,0.000000000000
1,0.02500000,1,1,1,2,1,1.500000,1.000000,3.201562118716,0.006025637667,0.006025637667,0.000000000000
1,0.02500000,2,2,1,3,1,2.500000,1.000000,2.500000000000,0.006025637667,0.006025637667,0.000000000000
1,0.02500000,3,3,1,4,1,3.500000,1.000000,2.061552812809,0.006025637667,0.006025637667,0.000000000000
1,0.02500000,4,4,1,5,1,4.500000,1.000000,2.061552812809,0.006025637667,0.006025637667,0.000000000000
1,0.02500000,5,5,1,6,1,5.500000,1.000000,2.500000000000,0.006025637667,0.006025637667,0.000000000000
1,0.02500000,6,6,1,7,1,6.500000,1.000000,3.201562118716,0.006025637667,0.006025637667,0.000000000000
1,0.02500000,7,7,1,8,1,7.500000,1.000000,4.031128874149,0.006025637667,0.006025637667,0.000000000000
1,0.02500000,8,1,2,2,2,1.500000,2.000000,2.692582403567,0.006025637667,0.006025637667,-0.000000000000
1,0.02500000,9,2,2,3,2,2.500000,2.000000,1.802775637732,0.006025637667,0.006025637667,0.000000000000
1,0.02500000,10,3,2,4,2,3.500000,2.000000,1.118033988750,0.006025637667,0.006025637667,0.000000000000
1,0.02500000,11,4,2,5,2,4.500000,2.000000,1.118033988750,0.006025637667,0.006025637667,-0.000000000000
1,0.02500000,12,5,2,6,2,5.500000,2.000000,1.802775637732,0.006025637667,0.006025637667,0.000000000000
1,0.02500000,13,6,2,7,2,6.500000,2.000000,2.692582403567,0.006025637667,0.006025637667,0.000000000000
1,0.02500000,14,7,2,8,2,7.500000,2.000000,3.640054944640,0.006025637667,0.006025637667,0.000000000000
1,0.02500000,15,1,3,2,3,1.500000,3.000000,2.500000000000,0.006025637667,0.006025637667,0.000000000000
1,0.02500000,16,2,3,3,3,2.500000,3.000000,1.500000000000,0.006025637667,0.006025637667,0.000000000000
1,0.02500000,17,3,3,4,3,3.500000,3.000000,0.500000000000,0.006025637667,0.993974362333,0.987948724665
1,0.02500000,18,4,3,5,3,4.500000,3.000000,0.500000000000,0.006025637667,0.993974362333,0.987948724665
1,0.02500000,19,5,3,6,3,5.500000,3.000000,1.500000000000,0.006025637667,0.006025637667,-0.000000000000
1,0.02500000,20,6,3,7,3,6.500000,3.000000,2.500000000000,0.006025637667,0.006025637667,-0.000000000000
1,0.02500000,21,7,3,8,3,7.500000,3.000000,3.500000000000,0.006025637667,0.006025637667,0.000000000000
1,0.02500000,22,1,4,2,4,1.500000,4.000000,2.692582403567,0.006025637667,0.006025637667,0.000000000000
1,0.02500000,23,2,4,3,4,2.500000,4.000000,1.802775637732,0.006025637667,0.006025637667,-0.000000000000
1,0.02500000,24,3,4,4,4,3.500000,4.000000,1.118033988750,0.006025637667,0.006025637667,0.000000000000
1,0.02500000,25,4,4,5,4,4.500000,4.000000,1.118033988750,0.006025637667,0.006025637667,0.000000000000
1,0.02500000,26,5,4,6,4,5.500000,4.000000,1.802775637732,0.006025637667,0.006025637667,0.000000000000
1,0.02500000,27,6,4,7,4,6.500000,4.000000,2.692582403567,0.006025637667,0.006025637667,0.000000000000
1,0.02500000,28,7,4,8,4,7.500000,4.000000,3.640054944640,0.006025637667,0.006025637667,0.000000000000
1,0.02500000,29,1,5,2,5,1.500000,5.000000,3.201562118716,0.006025637667,0.006025637667,0.000000000000
1,0.02500000,30,2,5,3,5,2.500000,5.000000,2.500000000000,0.006025637667,0.006025637667,-0.000000000000
1,0.02500000,31,3,5,4,5,3.500000,5.000000,2.061552812809,0.006025637667,0.006025637667,0.000000000000
1,0.02500000,32,4,5,5,5,4.500000,5.000000,2.061552812809,0.006025637667,0.006025637667,0.000000000000
1,0.02500000,33,5,5,6,5,5.500000,5.000000,2.500000000000,0.006025637667,0.006025637667,0.000000000000
1,0.02500000,34,6,5,7,5,6.500000,5.000000,3.201562118716,0.006025637667,0.006025637667,0.000000000000
1,0.02500000,35,7,5,8,5,7.500000,5.000000,4.031128874149,0.006025637667,0.006025637667,0.000000000000
1,0.02500000,36,1,6,2,6,1.500000,6.000000,3.905124837953,0.006025637667,0.006025637667,-0.000000000000
1,0.02500000,37,2,6,3,6,2.500000,6.000000,3.354101966250,0.006025637667,0.006025637667,-0.000000000000
1,0.02500000,38,3,6,4,6,3.500000,6.000000,3.041381265149,0.006025637667,0.006025637667,0.000000000000
1,0.02500000,39,4,6,5,6,4.500000,6.000000,3.041381265149,0.006025637667,0.006025637667,-0.000000000000
1,0.02500000,40,5,6,6,6,5.500000,6.000000,3.354101966250,0.006025637667,0.006025637667,0.000000000000
1,0.02500000,41,6,6,7,6,6.500000,6.000000,3.905124837953,0.006025637667,0.006025637667,-0.000000000000
1,0.02500000,42,7,6,8,6,7.500000,6.000000,4.609772228646,0.006025637667,0.006025637667,-0.000000000000
1,0.02500000,43,1,1,1,2,1.000000,1.500000,3.354101966250,0.006025637667,0.006025637667,0.000000000000
1,0.02500000,44,2,1,2,2,2.000000,1.500000,2.500000000000,0.006025637667,0.006025637667,-0.000000000000
1,0.02500000,45,3,1,3,2,3.000000,1.500000,1.802775637732,0.006025637667,0.006025637667,0.000000000000
1,0.02500000,46,4,1,4,2,4.000000,1.500000,1.500000000000,0.006025637667,0.006025637667,0.000000000000
1,0.02500000,47,5,1,5,2,5.000000,1.500000,1.802775637732,0.006025637667,0.006025637667,0.000000000000
1,0.02500000,48,6,1,6,2,6.000000,1.500000,2.500000000000,0.006025637667,0.006025637667,0.000000000000
1,0.02500000,49,7,1,7,2,7.000000,1.500000,3.354101966250,0.006025637667,0.006025637667,0.000000000000
1,0.02500000,50,8,1,8,2,8.000000,1.500000,4.272001872659,0.006025637667,0.006025637667,0.000000000000
1,0.02500000,51,1,2,1,3,1.000000,2.500000,3.041381265149,0.006025637667,0.006025637667,0.000000000000
1,0.02500000,52,2,2,2,3,2.000000,2.500000,2.061552812809,0.006025637667,0.006025637667,0.000000000000
1,0.02500000,53,3,2,3,3,3.000000,2.500000,1.118033988750,0.006025637667,0.006025637667,0.000000000000
1,0.02500000,54,4,2,4,3,4.000000,2.500000,0.500000000000,0.006025637667,0.993974362333,0.987948724665
1,0.02500000,55,5,2,5,3,5.000000,2.500000,1.118033988750,0.006025637667,0.006025637667,0.000000000000
1,0.02500000,56,6,2,6,3,6.000000,2.500000,2.061552812809,0.006025637667,0.006025637667,-0.000000000000
1,0.02500000,57,7,2,7,3,7.000000,2.500000,3.041381265149,0.006025637667,0.006025637667,0.000000000000
1,0.02500000,58,8,2,8,3,8.000000,2.500000,4.031128874149,0.006025637667,0.006025637667,0.000000000000
1,0.02500000,59,1,3,1,4,1.000000,3.500000,3.041381265149,0.006025637667,0.006025637667,0.000000000000
1,0.02500000,60,2,3,2,4,2.000000,3.500000,2.061552812809,0.006025637667,0.006025637667,0.000000000000
1,0.02500000,61,3,3,3,4,3.000000,3.500000,1.118033988750,0.006025637667,0.006025637667,0.000000000000
1,0.02500000,62,4,3,4,4,4.000000,3.500000,0.500000000000,0.006025637667,0.993974362333,0.987948724665
1,0.02500000,63,5,3,5,4,5.000000,3.500000,1.118033988750,0.006025637667,0.006025637667,-0.000000000000
1,0.02500000,64,6,3,6,4,6.000000,3.500000,2.061552812809,0.006025637667,0.006025637667,0.000000000000
1,0.02500000,65,7,3,7,4,7.000000,3.500000,3.041381265149,0.006025637667,0.006025637667,0.000000000000
1,0.02500000,66,8,3,8,4,8.000000,3.500000,4.031128874149,0.006025637667,0.006025637667,0.000000000000
1,0.02500000,67,1,4,1,5,1.000000,4.500000,3.354101966250,0.006025637667,0.006025637667,0.000000000000
1,0.02500000,68,2,4,2,5,2.000000,4.500000,2.500000000000,0.006025637667,0.006025637667,-0.000000000000
1,0.02500000,69,3,4,3,5,3.000000,4.500000,1.802775637732,0.006025637667,0.006025637667,-0.000000000000
1,0.02500000,70,4,4,4,5,4.000000,4.500000,1.500000000000,0.006025637667,0.006025637667,-0.000000000000
1,0.02500000,71,5,4,5,5,5.000000,4.500000,1.802775637732,0.006025637667,0.006025637667,0.000000000000
1,0.02500000,72,6,4,6,5,6.000000,4.500000,2.500000000000,0.006025637667,0.006025637667,0.000000000000
1,0.02500000,73,7,4,7,5,7.000000,4.500000,3.354101966250,0.006025637667,0.006025637667,0.000000000000
1,0.02500000,74,8,4,8,5,8.000000,4.500000,4.272001872659,0.006025637667,0.006025637667,0.000000000000
1,0.02500000,75,1,5,1,6,1.000000,5.500000,3.905124837953,0.006025637667,0.006025637667,0.000000000000
1,0.02500000,76,2,5,2,6,2.000000,5.500000,3.201562118716,0.006025637667,0.006025637667,-0.000000000000
1,0.02500000,77,3,5,3,6,3.000000,5.500000,2.692582403567,0.006025637667,0.006025637667,0.000000000000
1,0.02500000,78,4,5,4,6,4.000000,5.500000,2.500000000000,0.006025637667,0.006025637667,0.000000000000
1,0.02500000,79,5,5,5,6,5.000000,5.500000,2.692582403567,0.006025637667,0.006025637667,-0.000000000000
1,0.02500000,80,6,5,6,6,6.000000,5.500000,3.201562118716,0.006025637667,0.006025637667,0.000000000000
1,0.02500000,81,7,5,7,6,7.000000,5.500000,3.905124837953,0.006025637667,0.006025637667,-0.000000000000
1,0.02500000,82,8,5,8,6,8.000000,5.500000,4.716990566028,0.006025637667,0.006025637667,-0.000000000000
2,0.05000000,1,1,1,2,1,1.500000,1.000000,3.201562118716,0.023716127753,0.023716127753,-0.000000000000
2,0.05000000,2,2,1,3,1,2.500000,1.000000,2.500000000000,0.023679469536,0.023679469536,0.000000000000
2,0.05000000,3,3,1,4,1,3.500000,1.000000,2.061552812809,0.023679469536,0.023679469536,0.000000000000
2,0.05000000,4,4,1,5,1,4.500000,1.000000,2.061552812809,0.023679469536,0.023679469536,-0.000000000000
2,0.05000000,5,5,1,6,1,5.500000,1.000000,2.500000000000,0.023679469536,0.023679469536,-0.000000000000
2,0.05000000,6,6,1,7,1,6.500000,1.000000,3.201562118716,0.023679469536,0.023679469536,-0.000000000000
2,0.05000000,7,7,1,8,1,7.500000,1.000000,4.031128874149,0.023716127753,0.023716127753,-0.000000000000
2,0.05000000,8,1,2,2,2,1.500000,2.000000,2.692582403567,0.023628454341,0.023628454341,-0.000000000000
2,0.05000000,9,2,2,3,2,2.500000,2.000000,1.802775637732,0.023577436380,0.023577436380,-0.000000000000
2,0.05000000,10,3,2,4,2,3.500000,2.000000,1.118033988750,0.023577436380,0.023664938074,0.000087501694
2,0.05000000,11,4,2,5,2,4.500000,2.000000,1.118033988750,0.023577436380,0.023664938074,0.000087501694
2,0.05000000,12,5,2,6,2,5.500000,2.000000,1.802775637732,0.023577436380,0.023577436380,0.000000000000
2,0.05000000,13,6,2,7,2,6.500000,2.000000,2.692582403567,0.023577436380,0.023577436380,0.000000000000
2,0.05000000,14,7,2,8,2,7.500000,2.000000,3.640054944640,0.023628454341,0.023628454341,0.000000000000
2,0.05000000,15,1,3,2,3,1.500000,3.000000,2.500000000000,0.023628454341,0.023628454341,0.000000000000
2,0.05000000,16,2,3,3,3,2.500000,3.000000,1.500000000000,0.023577436380,0.023664938074,0.000087501694
2,0.05000000,17,3,3,4,3,3.500000,3.000000,0.500000000000,0.023577436380,0.976333638952,0.952756202572
2,0.05000000,18,4,3,5,3,4.500000,3.000000,0.500000000000,0.023577436380,0.976333638952,0.952756202572
2,0.05000000,19,5,3,6,3,5.500000,3.000000,1.500000000000,0.023577436380,0.023664938074,0.000087501694
2,0.05000000,20,6,3,7,3,6.500000,3.000000,2.500000000000,0.023577436380,0.023577436380,0.000000000000
2,0.05000000,21,7,3,8,3,7.500000,3.000000,3.500000000000,0.023628454341,0.023628454341,0.000000000000
2,0.05000000,22,1,4,2,4,1.500000,4.000000,2.692582403567,0.023628454341,0.023628454341,0.000000000000
2,0.05000000,23,2,4,3,4,2.500000,4.000000,1.802775637732,0.023577436380,0.023577436380,-0.000000000000
2,0.05000000,24,3,4,4,4,3.500000,4.000000,1.118033988750,0.023577436380,0.023664938074,0.000087501694
2,0.05000000,25,4,4,5,4,4.500000,4.000000,1.118033988750,0.023577436380,0.023664938074,0.000087501694
2,0.05000000,26,5,4,6,4,5.500000,4.000000,1.802775637732,0.023577436380,0.023577436380,-0.000000000000
2,0.05000000,27,6,4,7,4,6.500000,4.000000,2.692582403567,0.023577436380,0.023577436380,-0.000000000000
2,0.05000000,28,7,4,8,4,7.500000,4.000000,3.640054944640,0.023628454341,0.023628454341,-0.000000000000
2,0.05000000,29,1,5,2,5,1.500000,5.000000,3.201562118716,0.023628454341,0.023628454341,-0.000000000000
2,0.05000000,30,2,5,3,5,2.500000,5.000000,2.500000000000,0.023577436380,0.023577436380,0.000000000000
2,0.05000000,31,3,5,4,5,3.500000,5.000000,2.061552812809,0.023577436380,0.023577436380,0.000000000000
2,0.05000000,32,4,5,5,5,4.500000,5.000000,2.061552812809,0.023577436380,0.023577436380,-0.000000000000
2,0.05000000,33,5,5,6,5,5.500000,5.000000,2.500000000000,0.023577436380,0.023577436380,-0.000000000000
2,0.05000000,34,6,5,7,5,6.500000,5.000000,3.201562118716,0.023577436380,0.023577436380,0.000000000000
2,0.05000000,35,7,5,8,5,7.500000,5.000000,4.031128874149,0.023628454341,0.023628454341,0.000000000000
2,0.05000000,36,1,6,2,6,1.500000,6.000000,3.905124837953,0.023716127753,0.023716127753,0.000000000000
2,0.05000000,37,2,6,3,6,2.500000,6.000000,3.354101966250,0.023679469536,0.023679469536,0.000000000000
2,0.05000000,38,3,6,4,6,3.500000,6.000000,3.041381265149,0.023679469536,0.023679469536,0.000000000000
2,0.05000000,39,4,6,5,6,4.500000,6.000000,3.041381265149,0.023679469536,0.023679469536,-0.000000000000
2,0.05000000,40,5,6,6,6,5.500000,6.000000,3.354101966250,0.023679469536,0.023679469536,0.000000000000
2,0.05000000,41,6,6,7,6,6.500000,6.000000,3.905124837953,0.023679469536,0.023679469536,0.000000000000
2,0.05000000,42,7,6,8,6,7.500000,6.000000,4.609772228646,0.023716127753,0.023716127753,-0.000000000000
2,0.05000000,43,1,1,1,2,1.000000,1.500000,3.354101966250,0.023716127753,0.023716127753,0.000000000000
2,0.05000000,44,2,1,2,2,2.000000,1.500000,2.500000000000,0.023628454341,0.023628454341,0.000000000000
2,0.05000000,45,3,1,3,2,3.000000,1.500000,1.802775637732,0.023628454341,0.023628454341,0.000000000000
2,0.05000000,46,4,1,4,2,4.000000,1.500000,1.500000000000,0.023628454341,0.023715951616,0.000087497275
2,0.05000000,47,5,1,5,2,5.000000,1.500000,1.802775637732,0.023628454341,0.023628454341,0.000000000000
2,0.05000000,48,6,1,6,2,6.000000,1.500000,2.500000000000,0.023628454341,0.023628454341,0.000000000000
2,0.05000000,49,7,1,7,2,7.000000,1.500000,3.354101966250,0.023628454341,0.023628454341,-0.000000000000
2,0.05000000,50,8,1,8,2,8.000000,1.500000,4.272001872659,0.023716127753,0.023716127753,0.000000000000
2,0.05000000,51,1,2,1,3,1.000000,2.500000,3.041381265149,0.023679469536,0.023679469536,0.000000000000
2,0.05000000,52,2,2,2,3,2.000000,2.500000,2.061552812809,0.023577436380,0.023577436380,-0.000000000000
2,0.05000000,53,3,2,3,3,3.000000,2.500000,1.118033988750,0.023577436380,0.023664938074,0.000087501694
2,0.05000000,54,4,2,4,3,4.000000,2.500000,0.500000000000,0.023577436380,0.976333638952,0.952756202572
2,0.05000000,55,5,2,5,3,5.000000,2.500000,1.118033988750,0.023577436380,0.023664938074,0.000087501694
2,0.05000000,56,6,2,6,3,6.000000,2.500000,2.061552812809,0.023577436380,0.023577436380,0.000000000000
2,0.05000000,57,7,2,7,3,7.000000,2.500000,3.041381265149,0.023577436380,0.023577436380,0.000000000000
2,0.05000000,58,8,2,8,3,8.000000,2.500000,4.031128874149,0.023679469536,0.023679469536,0.000000000000
2,0.05000000,59,1,3,1,4,1.000000,3.500000,3.041381265149,0.023679469536,0.023679469536,0.000000000000
2,0.05000000,60,2,3,2,4,2.000000,3.500000,2.061552812809,0.023577436380,0.023577436380,-0.000000000000
2,0.05000000,61,3,3,3,4,3.000000,3.500000,1.118033988750,0.023577436380,0.023664938074,0.000087501694
2,0.05000000,62,4,3,4,4,4.000000,3.500000,0.500000000000,0.023577436380,0.976333638952,0.952756202572
2,0.05000000,63,5,3,5,4,5.000000,3.500000,1.118033988750,0.023577436380,0.023664938074,0.000087501694
2,0.05000000,64,6,3,6,4,6.000000,3.500000,2.061552812809,0.023577436380,0.023577436380,-0.000000000000
2,0.05000000,65,7,3,7,4,7.000000,3.500000,3.041381265149,0.023577436380,0.023577436380,-0.000000000000
2,0.05000000,66,8,3,8,4,8.000000,3.500000,4.031128874149,0.023679469536,0.023679469536,-0.000000000000
2,0.05000000,67,1,4,1,5,1.000000,4.500000,3.354101966250,0.023679469536,0.023679469536,0.000000000000
2,0.05000000,68,2,4,2,5,2.000000,4.500000,2.500000000000,0.023577436380,0.023577436380,0.000000000000
2,0.05000000,69,3,4,3,5,3.000000,4.500000,1.802775637732,0.023577436380,0.023577436380,-0.000000000000
2,0.05000000,70,4,4,4,5,4.000000,4.500000,1.500000000000,0.023577436380,0.023664938074,0.000087501694
2,0.05000000,71,5,4,5,5,5.000000,4.500000,1.802775637732,0.023577436380,0.023577436380,-0.000000000000
2,0.05000000,72,6,4,6,5,6.000000,4.500000,2.500000000000,0.023577436380,0.023577436380,-0.000000000000
2,0.05000000,73,7,4,7,5,7.000000,4.500000,3.354101966250,0.023577436380,0.023577436380,0.000000000000
2,0.05000000,74,8,4,8,5,8.000000,4.500000,4.272001872659,0.023679469536,0.023679469536,0.000000000000
2,0.05000000,75,1,5,1,6,1.000000,5.500000,3.905124837953,0.023716127753,0.023716127753,-0.000000000000
2,0.05000000,76,2,5,2,6,2.000000,5.500000,3.201562118716,0.023628454341,0.023628454341,0.000000000000
2,0.05000000,77,3,5,3,6,3.000000,5.500000,2.692582403567,0.023628454341,0.023628454341,0.000000000000
2,0.05000000,78,4,5,4,6,4.000000,5.500000,2.500000000000,0.023628454341,0.023628454341,0.000000000000
2,0.05000000,79,5,5,5,6,5.000000,5.500000,2.692582403567,0.023628454341,0.023628454341,-0.000000000000
2,0.05000000,80,6,5,6,6,6.000000,5.500000,3.201562118716,0.023628454341,0.023628454341,0.000000000000
2,0.05000000,81,7,5,7,6,7.000000,5.500000,3.905124837953,0.023628454341,0.023628454341,0.000000000000
2,0.05000000,82,8,5,8,6,8.000000,5.500000,4.716990566028,0.023716127753,0.023716127753,0.000000000000
3,0.07500000,1,1,1,2,1,1.500000,1.000000,3.201562118716,0.051944576927,0.051944576927,0.000000000000
3,0.07500000,2,2,1,3,1,2.500000,1.000000,2.500000000000,0.051733817339,0.051733817339,0.000000000000
3,0.07500000,3,3,1,4,1,3.500000,1.000000,2.061552812809,0.051733812636,0.051733824546,0.000000011910
3,0.07500000,4,4,1,5,1,4.500000,1.000000,2.061552812809,0.051733812636,0.051733824546,0.000000011910
3,0.07500000,5,5,1,6,1,5.500000,1.000000,2.500000000000,0.051733812636,0.051733812636,0.000000000000
3,0.07500000,6,6,1,7,1,6.500000,1.000000,3.201562118716,0.051733817339,0.051733817339,0.000000000000
3,0.07500000,7,7,1,8,1,7.500000,1.000000,4.031128874149,0.051944576927,0.051944576927,0.000000000000
3,0.07500000,8,1,2,2,2,1.500000,2.000000,2.692582403567,0.051443277343,0.051443277343,-0.000000000000
3,0.07500000,9,2,2,3,2,2.500000,2.000000,1.802775637732,0.051152627744,0.051152662912,0.000000035167
3,0.07500000,10,3,2,4,2,3.500000,2.000000,1.118033988750,0.051152617058,0.051651787888,0.000499170830
3,0.07500000,11,4,2,5,2,4.500000,2.000000,1.118033988750,0.051152617058,0.051651787888,0.000499170830
3,0.07500000,12,5,2,6,2,5.500000,2.000000,1.802775637732,0.051152617058,0.051152652225,0.000000035167
3,0.07500000,13,6,2,7,2,6.500000,2.000000,2.692582403567,0.051152627744,0.051152627744,0.000000000000
3,0.07500000,14,7,2,8,2,7.500000,2.000000,3.640054944640,0.051443277343,0.051443277343,0.000000000000
3,0.07500000,15,1,3,2,3,1.500000,3.000000,2.500000000000,0.051443261956,0.051443279535,0.000000017579
3,0.07500000,16,2,3,3,3,2.500000,3.000000,1.500000000000,0.051152606371,0.051651766569,0.000499160197
3,0.07500000,17,3,3,4,3,3.500000,3.000000,0.500000000000,0.051152595685,0.948329829460,0.897177233775
3,0.07500000,18,4,3,5,3,4.500000,3.000000,0.500000000000,0.051152595685,0.948329829460,0.897177233775
3,0.07500000,19,5,3,6,3,5.500000,3.000000,1.500000000000,0.051152595685,0.051651755888,0.000499160203
3,0.07500000,20,6,3,7,3,6.500000,3.000000,2.500000000000,0.051152606371,0.051152623956,0.000000017584
3,0.07500000,21,7,3,8,3,7.500000,3.000000,3.500000000000,0.051443261956,0.051443261956,0.000000000000
3,0.07500000,22,1,4,2,4,1.500000,4.000000,2.692582403567,0.051443261956,0.051443261956,0.000000000000
3,0.07500000,23,2,4,3,4,2.500000,4.000000,1.802775637732,0.051152606371,0.051152641539,0.000000035168
3,0.07500000,24,3,4,4,4,3.500000,4.000000,1.118033988750,0.051152595685,0.051651773463,0.000499177778
3,0.07500000,25,4,4,5,4,4.500000,4.000000,1.118033988750,0.051152595685,0.051651773463,0.000499177778
3,0.07500000,26,5,4,6,4,5.500000,4.000000,1.802775637732,0.051152595685,0.051152630853,0.000000035168
3,0.07500000,27,6,4,7,4,6.500000,4.000000,2.692582403567,0.051152606371,0.051152606371,0.000000000000
3,0.07500000,28,7,4,8,4,7.500000,4.000000,3.640054944640,0.051443261956,0.051443261956,-0.000000000000
3,0.07500000,29,1,5,2,5,1.500000,5.000000,3.201562118716,0.051443277343,0.051443277343,-0.000000000000
3,0.07500000,30,2,5,3,5,2.500000,5.000000,2.500000000000,0.051152627744,0.051152627744,0.000000000000
3,0.07500000,31,3,5,4,5,3.500000,5.000000,2.061552812809,0.051152617058,0.051152634642,0.000000017584
3,0.07500000,32,4,5,5,5,4.500000,5.000000,2.061552812809,0.051152617058,0.051152634642,0.000000017584
3,0.07500000,33,5,5,6,5,5.500000,5.000000,2.500000000000,0.051152617058,0.051152617058,-0.000000000000
3,0.07500000,34,6,5,7,5,6.500000,5.000000,3.201562118716,0.051152627744,0.051152627744,-0.000000000000
3,0.07500000,35,7,5,8,5,7.500000,5.000000,4.031128874149,0.051443277343,0.051443277343,-0.000000000000
3,0.07500000,36,1,6,2,6,1.500000,6.000000,3.905124837953,0.051944576927,0.051944576927,0.000000000000
3,0.07500000,37,2,6,3,6,2.500000,6.000000,3.354101966250,0.051733817339,0.051733817339,-0.000000000000
3,0.07500000,38,3,6,4,6,3.500000,6.000000,3.041381265149,0.051733812636,0.051733812636,-0.000000000000
3,0.07500000,39,4,6,5,6,4.500000,6.000000,3.041381265149,0.051733812636,0.051733812636,-0.000000000000
3,0.07500000,40,5,6,6,6,5.500000,6.000000,3.354101966250,0.051733812636,0.051733812636,-0.000000000000
3,0.07500000,41,6,6,7,6,6.500000,6.000000,3.905124837953,0.051733817339,0.051733817339,0.000000000000
3,0.07500000,42,7,6,8,6,7.500000,6.000000,4.609772228646,0.051944576927,0.051944576927,-0.000000000000
3,0.07500000,43,1,1,1,2,1.000000,1.500000,3.354101966250,0.051944576927,0.051944576927,0.000000000000
3,0.07500000,44,2,1,2,2,2.000000,1.500000,2.500000000000,0.051443277343,0.051443277343,-0.000000000000
3,0.07500000,45,3,1,3,2,3.000000,1.500000,1.802775637732,0.051443261956,0.051443297112,0.000000035156
3,0.07500000,46,4,1,4,2,4.000000,1.500000,1.500000000000,0.051443261956,0.051942259705,0.000498997749
3,0.07500000,47,5,1,5,2,5.000000,1.500000,1.802775637732,0.051443261956,0.051443297112,0.000000035156
3,0.07500000,48,6,1,6,2,6.000000,1.500000,2.500000000000,0.051443261956,0.051443261956,-0.000000000000
3,0.07500000,49,7,1,7,2,7.000000,1.500000,3.354101966250,0.051443277343,0.051443277343,-0.000000000000
3,0.07500000,50,8,1,8,2,8.000000,1.500000,4.272001872659,0.051944576927,0.051944576927,0.000000000000
3,0.07500000,51,1,2,1,3,1.000000,2.500000,3.041381265149,0.051733817339,0.051733817339,0.000000000000
3,0.07500000,52,2,2,2,3,2.000000,2.500000,2.061552812809,0.051152627744,0.051152645328,0.000000017584
3,0.07500000,53,3,2,3,3,3.000000,2.500000,1.118033988750,0.051152606371,0.051651784143,0.000499177772
3,0.07500000,54,4,2,4,3,4.000000,2.500000,0.500000000000,0.051152606371,0.948329826163,0.897177219792
3,0.07500000,55,5,2,5,3,5.000000,2.500000,1.118033988750,0.051152606371,0.051651784143,0.000499177772
3,0.07500000,56,6,2,6,3,6.000000,2.500000,2.061552812809,0.051152606371,0.051152623956,0.000000017584
3,0.07500000,57,7,2,7,3,7.000000,2.500000,3.041381265149,0.051152627744,0.051152627744,0.000000000000
3,0.07500000,58,8,2,8,3,8.000000,2.500000,4.031128874149,0.051733817339,0.051733817339,0.000000000000
3,0.07500000,59,1,3,1,4,1.000000,3.500000,3.041381265149,0.051733812636,0.051733812636,-0.000000000000
3,0.07500000,60,2,3,2,4,2.000000,3.500000,2.061552812809,0.051152617058,0.051152634642,0.000000017584
3,0.07500000,61,3,3,3,4,3.000000,3.500000,1.118033988750,0.051152595685,0.051651773463,0.000499177778
3,0.07500000,62,4,3,4,4,4.000000,3.500000,0.500000000000,0.051152595685,0.948329829460,0.897177233775
3,0.07500000,63,5,3,5,4,5.000000,3.500000,1.118033988750,0.051152595685,0.051651773463,0.000499177778
3,0.07500000,64,6,3,6,4,6.000000,3.500000,2.061552812809,0.051152595685,0.051152613269,0.000000017584
3,0.07500000,65,7,3,7,4,7.000000,3.500000,3.041381265149,0.051152617058,0.051152617058,0.000000000000
3,0.07500000,66,8,3,8,4,8.000000,3.500000,4.031128874149,0.051733812636,0.051733812636,-0.000000000000
3,0.07500000,67,1,4,1,5,1.000000,4.500000,3.354101966250,0.051733817339,0.051733817339,0.000000000000
3,0.07500000,68,2,4,2,5,2.000000,4.500000,2.500000000000,0.051152627744,0.051152627744,0.000000000000
3,0.07500000,69,3,4,3,5,3.000000,4.500000,1.802775637732,0.051152606371,0.051152641539,0.000000035168
3,0.07500000,70,4,4,4,5,4.000000,4.500000,1.500000000000,0.051152606371,0.051651766569,0.000499160197
3,0.07500000,71,5,4,5,5,5.000000,4.500000,1.802775637732,0.051152606371,0.051152641539,0.000000035168
3,0.07500000,72,6,4,6,5,6.000000,4.500000,2.500000000000,0.051152606371,0.051152606371,-0.000000000000
3,0.07500000,73,7,4,7,5,7.000000,4.500000,3.354101966250,0.051152627744,0.051152627744,0.000000000000
3,0.07500000,74,8,4,8,5,8.000000,4.500000,4.272001872659,0.051733817339,0.051733817339,-0.000000000000
3,0.07500000,75,1,5,1,6,1.000000,5.500000,3.905124837953,0.051944576927,0.051944576927,0.000000000000
3,0.07500000,76,2,5,2,6,2.000000,5.500000,3.201562118716,0.051443277343,0.051443277343,-0.000000000000
3,0.07500000,77,3,5,3,6,3.000000,5.500000,2.692582403567,0.051443261956,0.051443261956,0.000000000000
3,0.07500000,78,4,5,4,6,4.000000,5.500000,2.500000000000,0.051443261956,0.051443279535,0.000000017579
3,0.07500000,79,5,5,5,6,5.000000,5.500000,2.692582403567,0.051443261956,0.051443261956,-0.000000000000
3,0.07500000,80,6,5,6,6,6.000000,5.500000,3.201562118716,0.051443261956,0.051443261956,0.000000000000
3,0.07500000,81,7,5,7,6,7.000000,5.500000,3.905124837953,0.051443277343,0.051443277343,0.000000000000
3,0.07500000,82,8,5,8,6,8.000000,5.500000,4.716990566028,0.051944576927,0.051944576927,-0.000000000000
4,0.10000000,1,1,1,2,1,1.500000,1.000000,3.201562118716,0.088937110047,0.088937110047,-0.000000000000
4,0.10000000,2,2,1,3,1,2.500000,1.000000,2.500000000000,0.088275423049,0.088275423061,0.000000000012
4,0.10000000,3,3,1,4,1,3.500000,1.000000,2.061552812809,0.088275357206,0.088275522860,0.000000165654
4,0.10000000,4,4,1,5,1,4.500000,1.000000,2.061552812809,0.088275357205,0.088275522859,0.000000165654
4,0.10000000,5,5,1,6,1,5.500000,1.000000,2.500000000000,0.088275357206,0.088275357218,0.000000000012
4,0.10000000,6,6,1,7,1,6.500000,1.000000,3.201562118716,0.088275423049,0.088275423049,-0.000000000000
4,0.10000000,7,7,1,8,1,7.500000,1.000000,4.031128874149,0.088937110047,0.088937110047,0.000000000000
4,0.10000000,8,1,2,2,2,1.500000,2.000000,2.692582403567,0.087375343619,0.087375343639,0.000000000020
4,0.10000000,9,2,2,3,2,2.500000,2.000000,1.802775637732,0.086474073429,0.086474554392,0.000000480963
4,0.10000000,10,3,2,4,2,3.500000,2.000000,1.118033988750,0.086473927221,0.088025039527,0.001551112306
4,0.10000000,11,4,2,5,2,4.500000,2.000000,1.118033988750,0.086473927217,0.088025039523,0.001551112306
4,0.10000000,12,5,2,6,2,5.500000,2.000000,1.802775637732,0.086473927221,0.086474408185,0.000000480963
4,0.10000000,13,6,2,7,2,6.500000,2.000000,2.692582403567,0.086474073429,0.086474073449,0.000000000020
4,0.10000000,14,7,2,8,2,7.500000,2.000000,3.640054944640,0.087375343619,0.087375343619,-0.000000000000
4,0.10000000,15,1,3,2,3,1.500000,3.000000,2.500000000000,0.087375131678,0.087375371928,0.000000240250
4,0.10000000,16,2,3,3,3,2.500000,3.000000,1.500000000000,0.086473781003,0.088024745434,0.001550964431
4,0.10000000,17,3,3,4,3,3.500000,3.000000,0.500000000000,0.086473634777,0.911872488727,0.825398853950
4,0.10000000,18,4,3,5,3,4.500000,3.000000,0.500000000000,0.086473634773,0.911872488728,0.825398853955
4,0.10000000,19,5,3,6,3,5.500000,3.000000,1.500000000000,0.086473634777,0.088024599476,0.001550964699
4,0.10000000,20,6,3,7,3,6.500000,3.000000,2.500000000000,0.086473781003,0.086474021525,0.000000240522
4,0.10000000,21,7,3,8,3,7.500000,3.000000,3.500000000000,0.087375131678,0.087375131685,0.000000000007
4,0.10000000,22,1,4,2,4,1.500000,4.000000,2.692582403567,0.087375131678,0.087375131698,0.000000000020
4,0.10000000,23,2,4,3,4,2.500000,4.000000,1.802775637732,0.086473781003,0.086474262016,0.000000481013
4,0.10000000,24,3,4,4,4,3.500000,4.000000,1.118033988750,0.086473634777,0.088024839554,0.001551204777
4,0.10000000,25,4,4,5,4,4.500000,4.000000,1.118033988750,0.086473634773,0.088024839550,0.001551204777
4,0.10000000,26,5,4,6,4,5.500000,4.000000,1.802775637732,0.086473634777,0.086474115790,0.000000481013
4,0.10000000,27,6,4,7,4,6.500000,4.000000,2.692582403567,0.086473781003,0.086473781024,0.000000000020
4,0.10000000,28,7,4,8,4,7.500000,4.000000,3.640054944640,0.087375131678,0.087375131678,-0.000000000000
4,0.10000000,29,1,5,2,5,1.500000,5.000000,3.201562118716,0.087375343619,0.087375343619,-0.000000000000
4,0.10000000,30,2,5,3,5,2.500000,5.000000,2.500000000000,0.086474073429,0.086474073449,0.000000000020
4,0.10000000,31,3,5,4,5,3.500000,5.000000,2.061552812809,0.086473927221,0.086474167734,0.000000240513
4,0.10000000,32,4,5,5,5,4.500000,5.000000,2.061552812809,0.086473927217,0.086474167730,0.000000240513
4,0.10000000,33,5,5,6,5,5.500000,5.000000,2.500000000000,0.086473927221,0.086473927242,0.000000000020
4,0.10000000,34,6,5,7,5,6.500000,5.000000,3.201562118716,0.086474073429,0.086474073429,-0.000000000000
4,0.10000000,35,7,5,8,5,7.500000,5.000000,4.031128874149,0.087375343619,0.087375343619,0.000000000000
4,0.10000000,36,1,6,2,6,1.500000,6.000000,3.905124837953,0.088937110047,0.088937110047,-0.000000000000
4,0.10000000,37,2,6,3,6,2.500000,6.000000,3.354101966250,0.088275423049,0.088275423049,-0.000000000000
4,0.10000000,38,3,6,4,6,3.500000,6.000000,3.041381265149,0.088275357206,0.088275357211,0.000000000005
4,0.10000000,39,4,6,5,6,4.500000,6.000000,3.041381265149,0.088275357205,0.088275357210,0.000000000005
4,0.10000000,40,5,6,6,6,5.500000,6.000000,3.354101966250,0.088275357206,0.088275357206,-0.000000000000
4,0.10000000,41,6,6,7,6,6.500000,6.000000,3.905124837953,0.088275423049,0.088275423049,0.000000000000
4,0.10000000,42,7,6,8,6,7.500000,6.000000,4.609772228646,0.088937110047,0.088937110047,0.000000000000
4,0.10000000,43,1,1,1,2,1.000000,1.500000,3.354101966250,0.088937110047,0.088937110047,-0.000000000000
4,0.10000000,44,2,1,2,2,2.000000,1.500000,2.500000000000,0.087375343619,0.087375343639,0.000000000020
4,0.10000000,45,3,1,3,2,3.000000,1.500000,1.802775637732,0.087375131678,0.087375612139,0.000000480461
4,0.10000000,46,4,1,4,2,4.000000,1.500000,1.500000000000,0.087375131673,0.088924377899,0.001549246226
4,0.10000000,47,5,1,5,2,5.000000,1.500000,1.802775637732,0.087375131673,0.087375612134,0.000000480461
4,0.10000000,48,6,1,6,2,6.000000,1.500000,2.500000000000,0.087375131678,0.087375131698,0.000000000020
4,0.10000000,49,7,1,7,2,7.000000,1.500000,3.354101966250,0.087375343619,0.087375343619,-0.000000000000
4,0.10000000,50,8,1,8,2,8.000000,1.500000,4.272001872659,0.088937110047,0.088937110047,0.000000000000
4,0.10000000,51,1,2,1,3,1.000000,2.500000,3.041381265149,0.088275423049,0.088275423054,0.000000000005
4,0.10000000,52,2,2,2,3,2.000000,2.500000,2.061552812809,0.086474073429,0.086474313941,0.000000240513
4,0.10000000,53,3,2,3,3,3.000000,2.500000,1.118033988750,0.086473781003,0.088024985485,0.001551204482
4,0.10000000,54,4,2,4,3,4.000000,2.500000,0.500000000000,0.086473780995,0.911872445829,0.825398664834
4,0.10000000,55,5,2,5,3,5.000000,2.500000,1.118033988750,0.086473780995,0.088024985480,0.001551204485
4,0.10000000,56,6,2,6,3,6.000000,2.500000,2.061552812809,0.086473781003,0.086474021539,0.000000240535
4,0.10000000,57,7,2,7,3,7.000000,2.500000,3.041381265149,0.086474073429,0.086474073435,0.000000000007
4,0.10000000,58,8,2,8,3,8.000000,2.500000,4.031128874149,0.088275423049,0.088275423049,-0.000000000000
4,0.10000000,59,1,3,1,4,1.000000,3.500000,3.041381265149,0.088275357207,0.088275357212,0.000000000005
4,0.10000000,60,2,3,2,4,2.000000,3.500000,2.061552812809,0.086473927225,0.086474167738,0.000000240513
4,0.10000000,61,3,3,3,4,3.000000,3.500000,1.118033988750,0.086473634781,0.088024839555,0.001551204774
4,0.10000000,62,4,3,4,4,4.000000,3.500000,0.500000000000,0.086473634773,0.911872488728,0.825398853955
4,0.10000000,63,5,3,5,4,5.000000,3.500000,1.118033988750,0.086473634773,0.088024839550,0.001551204777
4,0.10000000,64,6,3,6,4,6.000000,3.500000,2.061552812809,0.086473634781,0.086473875317,0.000000240535
4,0.10000000,65,7,3,7,4,7.000000,3.500000,3.041381265149,0.086473927225,0.086473927232,0.000000000007
4,0.10000000,66,8,3,8,4,8.000000,3.500000,4.031128874149,0.088275357207,0.088275357207,-0.000000000000
4,0.10000000,67,1,4,1,5,1.000000,4.500000,3.354101966250,0.088275423049,0.088275423049,-0.000000000000
4,0.10000000,68,2,4,2,5,2.000000,4.500000,2.500000000000,0.086474073429,0.086474073449,0.000000000020
4,0.10000000,69,3,4,3,5,3.000000,4.500000,1.802775637732,0.086473781003,0.086474262016,0.000000481013
4,0.10000000,70,4,4,4,5,4.000000,4.500000,1.500000000000,0.086473780995,0.088024745429,0.001550964433
4,0.10000000,71,5,4,5,5,5.000000,4.500000,1.802775637732,0.086473780995,0.086474262008,0.000000481013
4,0.10000000,72,6,4,6,5,6.000000,4.500000,2.500000000000,0.086473781003,0.086473781024,0.000000000020
4,0.10000000,73,7,4,7,5,7.000000,4.500000,3.354101966250,0.086474073429,0.086474073429,-0.000000000000
4,0.10000000,74,8,4,8,5,8.000000,4.500000,4.272001872659,0.088275423049,0.088275423049,0.000000000000
4,0.10000000,75,1,5,1,6,1.000000,5.500000,3.905124837953,0.088937110047,0.088937110047,0.000000000000
4,0.10000000,76,2,5,2,6,2.000000,5.500000,3.201562118716,0.087375343619,0.087375343619,-0.000000000000
4,0.10000000,77,3,5,3,6,3.000000,5.500000,2.692582403567,0.087375131678,0.087375131698,0.000000000020
4,0.10000000,78,4,5,4,6,4.000000,5.500000,2.500000000000,0.087375131673,0.087375371923,0.000000240250
4,0.10000000,79,5,5,5,6,5.000000,5.500000,2.692582403567,0.087375131673,0.087375131693,0.000000000020
4,0.10000000,80,6,5,6,6,6.000000,5.500000,3.201562118716,0.087375131678,0.087375131678,-0.000000000000
4,0.10000000,81,7,5,7,6,7.000000,5.500000,3.905124837953,0.087375343619,0.087375343619,0.000000000000
4,0.10000000,82,8,5,8,6,8.000000,5.500000,4.716990566028,0.088937110047,0.088937110047,0.000000000000
5,0.12500000,1,1,1,2,1,1.500000,1.000000,3.201562118716,0.132417146275,0.132417146275,-0.000000000000
5,0.12500000,2,2,1,3,1,2.500000,1.000000,2.500000000000,0.130885990290,0.130885990585,0.000000000295
5,0.12500000,3,3,1,4,1,3.500000,1.000000,2.061552812809,0.130885564878,0.130886626561,0.000001061683
5,0.12500000,4,4,1,5,1,4.500000,1.000000,2.061552812809,0.130885564852,0.130886626535,0.000001061683
5,0.12500000,5,5,1,6,1,5.500000,1.000000,2.500000000000,0.130885564878,0.130885565173,0.000000000295
5,0.12500000,6,6,1,7,1,6.500000,1.000000,3.201562118716,0.130885990290,0.130885990290,-0.000000000000
5,0.12500000,7,7,1,8,1,7.500000,1.000000,4.031128874149,0.132417146275,0.132417146275,-0.000000000000
5,0.12500000,8,1,2,2,2,1.500000,2.000000,2.692582403567,0.128838933048,0.128838933534,0.000000000486
5,0.12500000,9,2,2,3,2,2.500000,2.000000,1.802775637732,0.126784899496,0.126787925209,0.000003025713
5,0.12500000,10,3,2,4,2,3.500000,2.000000,1.118033988750,0.126783978937,0.130329785077,0.003545806140
5,0.12500000,11,4,2,5,2,4.500000,2.000000,1.118033988750,0.126783978838,0.130329784978,0.003545806140
5,0.12500000,12,5,2,6,2,5.500000,2.000000,1.802775637732,0.126783978937,0.126787004653,0.000003025716
5,0.12500000,13,6,2,7,2,6.500000,2.000000,2.692582403567,0.126784899496,0.126784899984,0.000000000488
5,0.12500000,14,7,2,8,2,7.500000,2.000000,3.640054944640,0.128838933048,0.128838933048,-0.000000000000
5,0.12500000,15,1,3,2,3,1.500000,3.000000,2.500000000000,0.128837588813,0.128839098055,0.000001509242
5,0.12500000,16,2,3,3,3,2.500000,3.000000,1.500000000000,0.126783058219,0.130327919104,0.003544860885
5,0.12500000,17,3,3,4,3,3.500000,3.000000,0.500000000000,0.126782137302,0.869299874080,0.742517736778
5,0.12500000,18,4,3,5,3,4.500000,3.000000,0.500000000000,0.126782137203,0.869299874108,0.742517736905
5,0.12500000,19,5,3,6,3,5.500000,3.000000,1.500000000000,0.126782137302,0.130327002412,0.003544865110
5,0.12500000,20,6,3,7,3,6.500000,3.000000,2.500000000000,0.126783058219,0.126784571748,0.000001513529
5,0.12500000,21,7,3,8,3,7.500000,3.000000,3.500000000000,0.128837588813,0.128837588975,0.000000000162
5,0.12500000,22,1,4,2,4,1.500000,4.000000,2.692582403567,0.128837588813,0.128837589299,0.000000000486
5,0.12500000,23,2,4,3,4,2.500000,4.000000,1.802775637732,0.126783058219,0.126786084795,0.000003026576
5,0.12500000,24,3,4,4,4,3.500000,4.000000,1.118033988750,0.126782137302,0.130328508925,0.003546371623
5,0.12500000,25,4,4,5,4,4.500000,4.000000,1.118033988750,0.126782137203,0.130328508826,0.003546371623
5,0.12500000,26,5,4,6,4,5.500000,4.000000,1.802775637732,0.126782137302,0.126785163882,0.000003026580
5,0.12500000,27,6,4,7,4,6.500000,4.000000,2.692582403567,0.126783058219,0.126783058707,0.000000000488
5,0.12500000,28,7,4,8,4,7.500000,4.000000,3.640054944640,0.128837588813,0.128837588813,-0.000000000000
5,0.12500000,29,1,5,2,5,1.500000,5.000000,3.201562118716,0.128838933048,0.128838933048,-0.000000000000
5,0.12500000,30,2,5,3,5,2.500000,5.000000,2.500000000000,0.126784899496,0.126784899984,0.000000000488
5,0.12500000,31,3,5,4,5,3.500000,5.000000,2.061552812809,0.126783978937,0.126785492404,0.000001513468
5,0.12500000,32,4,5,5,5,4.500000,5.000000,2.061552812809,0.126783978838,0.126785492305,0.000001513468
5,0.12500000,33,5,5,6,5,5.500000,5.000000,2.500000000000,0.126783978937,0.126783979424,0.000000000488
5,0.12500000,34,6,5,7,5,6.500000,5.000000,3.201562118716,0.126784899496,0.126784899496,-0.000000000000
5,0.12500000,35,7,5,8,5,7.500000,5.000000,4.031128874149,0.128838933048,0.128838933048,-0.000000000000
5,0.12500000,36,1,6,2,6,1.500000,6.000000,3.905124837953,0.132417146275,0.132417146275,-0.000000000000
5,0.12500000,37,2,6,3,6,2.500000,6.000000,3.354101966250,0.130885990290,0.130885990290,-0.000000000000
5,0.12500000,38,3,6,4,6,3.500000,6.000000,3.041381265149,0.130885564878,0.130885564993,0.000000000115
5,0.12500000,39,4,6,5,6,4.500000,6.000000,3.041381265149,0.130885564852,0.130885564967,0.000000000115
5,0.12500000,40,5,6,6,6,5.500000,6.000000,3.354101966250,0.130885564878,0.130885564878,-0.000000000000
5,0.12500000,41,6,6,7,6,6.500000,6.000000,3.905124837953,0.130885990290,0.130885990290,-0.000000000000
5,0.12500000,42,7,6,8,6,7.500000,6.000000,4.609772228646,0.132417146275,0.132417146275,0.000000000000
5,0.12500000,43,1,1,1,2,1.000000,1.500000,3.354101966250,0.132417146275,0.132417146275,-0.000000000000
5,0.12500000,44,2,1,2,2,2.000000,1.500000,2.500000000000,0.128838933048,0.128838933534,0.000000000486
5,0.12500000,45,3,1,3,2,3.000000,1.500000,1.802775637732,0.128837588813,0.128840606635,0.000003017822
5,0.12500000,46,4,1,4,2,4.000000,1.500000,1.500000000000,0.128837588688,0.132372546766,0.003534958079
5,0.12500000,47,5,1,5,2,5.000000,1.500000,1.802775637732,0.128837588688,0.128840606510,0.000003017822
5,0.12500000,48,6,1,6,2,6.000000,1.500000,2.500000000000,0.128837588813,0.128837589299,0.000000000486
5,0.12500000,49,7,1,7,2,7.000000,1.500000,3.354101966250,0.128838933048,0.128838933048,-0.000000000000
5,0.12500000,50,8,1,8,2,8.000000,1.500000,4.272001872659,0.132417146275,0.132417146275,-0.000000000000
5,0.12500000,51,1,2,1,3,1.000000,2.500000,3.041381265149,0.130885990290,0.130885990405,0.000000000115
5,0.12500000,52,2,2,2,3,2.000000,2.500000,2.061552812809,0.126784899496,0.126786412962,0.000001513466
5,0.12500000,53,3,2,3,3,3.000000,2.500000,1.118033988750,0.126783058219,0.130329425147,0.003546366928
5,0.12500000,54,4,2,4,3,4.000000,2.500000,0.500000000000,0.126783058021,0.869299625818,0.742516567797
5,0.12500000,55,5,2,5,3,5.000000,2.500000,1.118033988750,0.126783058021,0.130329425008,0.003546366988
5,0.12500000,56,6,2,6,3,6.000000,2.500000,2.061552812809,0.126783058219,0.126784572073,0.000001513854
5,0.12500000,57,7,2,7,3,7.000000,2.500000,3.041381265149,0.126784899496,0.126784899658,0.000000000163
5,0.12500000,58,8,2,8,3,8.000000,2.500000,4.031128874149,0.130885990290,0.130885990290,-0.000000000000
5,0.12500000,59,1,3,1,4,1.000000,3.500000,3.041381265149,0.130885564904,0.130885565019,0.000000000115
5,0.12500000,60,2,3,2,4,2.000000,3.500000,2.061552812809,0.126783979036,0.126785492504,0.000001513468
5,0.12500000,61,3,3,3,4,3.000000,3.500000,1.118033988750,0.126782137401,0.130328508965,0.003546371564
5,0.12500000,62,4,3,4,4,4.000000,3.500000,0.500000000000,0.126782137203,0.869299874108,0.742517736905
5,0.12500000,63,5,3,5,4,5.000000,3.500000,1.118033988750,0.126782137203,0.130328508826,0.003546371623
5,0.12500000,64,6,3,6,4,6.000000,3.500000,2.061552812809,0.126782137401,0.126783651257,0.000001513856
5,0.12500000,65,7,3,7,4,7.000000,3.500000,3.041381265149,0.126783979036,0.126783979199,0.000000000163
5,0.12500000,66,8,3,8,4,8.000000,3.500000,4.031128874149,0.130885564904,0.130885564904,-0.000000000000
5,0.12500000,67,1,4,1,5,1.000000,4.500000,3.354101966250,0.130885990290,0.130885990290,-0.000000000000
5,0.12500000,68,2,4,2,5,2.000000,4.500000,2.500000000000,0.126784899496,0.126784899984,0.000000000488
5,0.12500000,69,3,4,3,5,3.000000,4.500000,1.802775637732,0.126783058219,0.126786084795,0.000003026576
5,0.12500000,70,4,4,4,5,4.000000,4.500000,1.500000000000,0.126783058021,0.130327918965,0.003544860945
5,0.12500000,71,5,4,5,5,5.000000,4.500000,1.802775637732,0.126783058021,0.126786084597,0.000003026576
5,0.12500000,72,6,4,6,5,6.000000,4.500000,2.500000000000,0.126783058219,0.126783058707,0.000000000488
5,0.12500000,73,7,4,7,5,7.000000,4.500000,3.354101966250,0.126784899496,0.126784899496,-0.000000000000
5,0.12500000,74,8,4,8,5,8.000000,4.500000,4.272001872659,0.130885990290,0.130885990290,0.000000000000
5,0.12500000,75,1,5,1,6,1.000000,5.500000,3.905124837953,0.132417146275,0.132417146275,-0.000000000000
5,0.12500000,76,2,5,2,6,2.000000,5.500000,3.201562118716,0.128838933048,0.128838933048,-0.000000000000
5,0.12500000,77,3,5,3,6,3.000000,5.500000,2.692582403567,0.128837588813,0.128837589299,0.000000000486
5,0.12500000,78,4,5,4,6,4.000000,5.500000,2.500000000000,0.128837588688,0.128839097930,0.000001509242
5,0.12500000,79,5,5,5,6,5.000000,5.500000,2.692582403567,0.128837588688,0.128837589174,0.000000000486
5,0.12500000,80,6,5,6,6,6.000000,5.500000,3.201562118716,0.128837588813,0.128837588813,-0.000000000000
5,0.12500000,81,7,5,7,6,7.000000,5.500000,3.905124837953,0.128838933048,0.128838933048,-0.000000000000
5,0.12500000,82,8,5,8,6,8.000000,5.500000,4.716990566028,0.132417146275,0.132417146275,0.000000000000
6,0.15000000,1,1,1,2,1,1.500000,1.000000,3.201562118716,0.179785071342,0.179785071342,-0.000000000000
6,0.15000000,2,2,1,3,1,2.500000,1.000000,2.500000000000,0.176861084595,0.176861087694,0.000000003099
6,0.15000000,3,3,1,4,1,3.500000,1.000000,2.061552812809,0.176859277801,0.176863743603,0.000004465802
6,0.15000000,4,4,1,5,1,4.500000,1.000000,2.061552812809,0.176859277524,0.176863743326,0.000004465802
6,0.15000000,5,5,1,6,1,5.500000,1.000000,2.500000000000,0.176859277801,0.176859280900,0.000000003099
6,0.15000000,6,6,1,7,1,6.500000,1.000000,3.201562118716,0.176861084595,0.176861084595,-0.000000000000
6,0.15000000,7,7,1,8,1,7.500000,1.000000,4.031128874149,0.179785071342,0.179785071342,-0.000000000000
6,0.15000000,8,1,2,2,2,1.500000,2.000000,2.692582403567,0.173034908323,0.173034913287,0.000000004964
6,0.15000000,9,2,2,3,2,2.500000,2.000000,1.802775637732,0.169180642170,0.169193101874,0.000012459704
6,0.15000000,10,3,2,4,2,3.500000,2.000000,1.118033988750,0.169176846788,0.175858615830,0.006681769043
6,0.15000000,11,4,2,5,2,4.500000,2.000000,1.118033988750,0.169176845771,0.175858614825,0.006681769054
6,0.15000000,12,5,2,6,2,5.500000,2.000000,1.802775637732,0.169176846788,0.169189306560,0.000012459773
6,0.15000000,13,6,2,7,2,6.500000,2.000000,2.692582403567,0.169180642170,0.169180647165,0.000000004995
6,0.15000000,14,7,2,8,2,7.500000,2.000000,3.640054944640,0.173034908323,0.173034908323,0.000000000000
6,0.15000000,15,1,3,2,3,1.500000,3.000000,2.500000000000,0.173029321226,0.173035519911,0.000006198686
6,0.15000000,16,2,3,3,3,2.500000,3.000000,1.500000000000,0.169173050144,0.175850864555,0.006677814412
6,0.15000000,17,3,3,4,3,3.500000,3.000000,0.500000000000,0.169169251446,0.823121636203,0.653952384757
6,0.15000000,18,4,3,5,3,4.500000,3.000000,0.500000000000,0.169169250429,0.823121636456,0.653952386027
6,0.15000000,19,5,3,6,3,5.500000,3.000000,1.500000000000,0.169169251447,0.175847102265,0.006677850818
6,0.15000000,20,6,3,7,3,6.500000,3.000000,2.500000000000,0.169173050144,0.169179285816,0.000006235672
6,0.15000000,21,7,3,8,3,7.500000,3.000000,3.500000000000,0.173029321226,0.173029322882,0.000000001657
6,0.15000000,22,1,4,2,4,1.500000,4.000000,2.692582403567,0.173029321226,0.173029326194,0.000000004968
6,0.15000000,23,2,4,3,4,2.500000,4.000000,1.802775637732,0.169173050144,0.169185517537,0.000012467393
6,0.15000000,24,3,4,4,4,3.500000,4.000000,1.118033988750,0.169169251447,0.175853277445,0.006684025999
6,0.15000000,25,4,4,5,4,4.500000,4.000000,1.118033988750,0.169169250429,0.175853276439,0.006684026010
6,0.15000000,26,5,4,6,4,5.500000,4.000000,1.802775637732,0.169169251447,0.169181718909,0.000012467462
6,0.15000000,27,6,4,7,4,6.500000,4.000000,2.692582403567,0.169173050144,0.169173055143,0.000000004999
6,0.15000000,28,7,4,8,4,7.500000,4.000000,3.640054944640,0.173029321226,0.173029321226,0.000000000000
6,0.15000000,29,1,5,2,5,1.500000,5.000000,3.201562118716,0.173034908323,0.173034908323,0.000000000000
6,0.15000000,30,2,5,3,5,2.500000,5.000000,2.500000000000,0.169180642170,0.169180647166,0.000000004996
6,0.15000000,31,3,5,4,5,3.500000,5.000000,2.061552812809,0.169176846788,0.169183082419,0.000006235631
6,0.15000000,32,4,5,5,5,4.500000,5.000000,2.061552812809,0.169176845771,0.169183081402,0.000006235631
6,0.15000000,33,5,5,6,5,5.500000,5.000000,2.500000000000,0.169176846788,0.169176851783,0.000000004996
6,0.15000000,34,6,5,7,5,6.500000,5.000000,3.201562118716,0.169180642170,0.169180642171,0.000000000000
6,0.15000000,35,7,5,8,5,7.500000,5.000000,4.031128874149,0.173034908323,0.173034908323,-0.000000000000
6,0.15000000,36,1,6,2,6,1.500000,6.000000,3.905124837953,0.179785071342,0.179785071342,-0.000000000000
6,0.15000000,37,2,6,3,6,2.500000,6.000000,3.354101966250,0.176861084595,0.176861084595,0.000000000000
6,0.15000000,38,3,6,4,6,3.500000,6.000000,3.041381265149,0.176859277801,0.176859279007,0.000000001206
6,0.15000000,39,4,6,5,6,4.500000,6.000000,3.041381265149,0.176859277524,0.176859278730,0.000000001206
6,0.15000000,40,5,6,6,6,5.500000,6.000000,3.354101966250,0.176859277801,0.176859277801,0.000000000000
6,0.15000000,41,6,6,7,6,6.500000,6.000000,3.905124837953,0.176861084595,0.176861084595,-0.000000000000
6,0.15000000,42,7,6,8,6,7.500000,6.000000,4.609772228646,0.179785071342,0.179785071342,-0.000000000000
6,0.15000000,43,1,1,1,2,1.000000,1.500000,3.354101966250,0.179785071342,0.179785071342,0.000000000000
6,0.15000000,44,2,1,2,2,2.000000,1.500000,2.500000000000,0.173034908323,0.173034913287,0.000000004964
6,0.15000000,45,3,1,3,2,3.000000,1.500000,1.802775637732,0.173029321225,0.173041712854,0.000012391629
6,0.15000000,46,4,1,4,2,4.000000,1.500000,1.500000000000,0.173029319937,0.179667794868,0.006638474931
6,0.15000000,47,5,1,5,2,5.000000,1.500000,1.802775637732,0.173029319937,0.173041711568,0.000012391631
6,0.15000000,48,6,1,6,2,6.000000,1.500000,2.500000000000,0.173029321225,0.173029326193,0.000000004968
6,0.15000000,49,7,1,7,2,7.000000,1.500000,3.354101966250,0.173034908323,0.173034908323,0.000000000000
6,0.15000000,50,8,1,8,2,8.000000,1.500000,4.272001872659,0.179785071342,0.179785071342,-0.000000000000
6,0.15000000,51,1,2,1,3,1.000000,2.500000,3.041381265149,0.176861084595,0.176861085801,0.000000001206
6,0.15000000,52,2,2,2,3,2.000000,2.500000,2.061552812809,0.169180642170,0.169186877764,0.000006235594
6,0.15000000,53,3,2,3,3,3.000000,2.500000,1.118033988750,0.169173050143,0.175857035549,0.006683985405
6,0.15000000,54,4,2,4,3,4.000000,2.500000,0.500000000000,0.169173048110,0.823120731148,0.653947683039
6,0.15000000,55,5,2,5,3,5.000000,2.500000,1.118033988750,0.169173048110,0.175857034105,0.006683985995
6,0.15000000,56,6,2,6,3,6.000000,2.500000,2.061552812809,0.169173050143,0.169179289145,0.000006239001
6,0.15000000,57,7,2,7,3,7.000000,2.500000,3.041381265149,0.169180642170,0.169180643836,0.000000001666
6,0.15000000,58,8,2,8,3,8.000000,2.500000,4.031128874149,0.176861084595,0.176861084595,0.000000000000
6,0.15000000,59,1,3,1,4,1.000000,3.500000,3.041381265149,0.176859278077,0.176859279283,0.000000001206
6,0.15000000,60,2,3,2,4,2.000000,3.500000,2.061552812809,0.169176847804,0.169183083434,0.000006235630
6,0.15000000,61,3,3,3,4,3.000000,3.500000,1.118033988750,0.169169252464,0.175853277883,0.006684025419
6,0.15000000,62,4,3,4,4,4.000000,3.500000,0.500000000000,0.169169250429,0.823121636456,0.653952386027
6,0.15000000,63,5,3,5,4,5.000000,3.500000,1.118033988750,0.169169250429,0.175853276439,0.006684026009
6,0.15000000,64,6,3,6,4,6.000000,3.500000,2.061552812809,0.169169252464,0.169175491501,0.000006239037
6,0.15000000,65,7,3,7,4,7.000000,3.500000,3.041381265149,0.169176847804,0.169176849470,0.000000001666
6,0.15000000,66,8,3,8,4,8.000000,3.500000,4.031128874149,0.176859278077,0.176859278077,0.000000000000
6,0.15000000,67,1,4,1,5,1.000000,4.500000,3.354101966250,0.176861084595,0.176861084595,0.000000000000
6,0.15000000,68,2,4,2,5,2.000000,4.500000,2.500000000000,0.169180642170,0.169180647166,0.000000004996
6,0.15000000,69,3,4,3,5,3.000000,4.500000,1.802775637732,0.169173050143,0.169185517536,0.000012467393
6,0.15000000,70,4,4,4,5,4.000000,4.500000,1.500000000000,0.169173048110,0.175850863111,0.006677815001
6,0.15000000,71,5,4,5,5,5.000000,4.500000,1.802775637732,0.169173048110,0.169185515505,0.000012467395
6,0.15000000,72,6,4,6,5,6.000000,4.500000,2.500000000000,0.169173050143,0.169173055143,0.000000004999
6,0.15000000,73,7,4,7,5,7.000000,4.500000,3.354101966250,0.169180642170,0.169180642170,0.000000000000
6,0.15000000,74,8,4,8,5,8.000000,4.500000,4.272001872659,0.176861084595,0.176861084595,-0.000000000000
6,0.15000000,75,1,5,1,6,1.000000,5.500000,3.905124837953,0.179785071342,0.179785071342,-0.000000000000
6,0.15000000,76,2,5,2,6,2.000000,5.500000,3.201562118716,0.173034908323,0.173034908323,0.000000000000
6,0.15000000,77,3,5,3,6,3.000000,5.500000,2.692582403567,0.173029321225,0.173029326194,0.000000004968
6,0.15000000,78,4,5,4,6,4.000000,5.500000,2.500000000000,0.173029319937,0.173035518624,0.000006198687
6,0.15000000,79,5,5,5,6,5.000000,5.500000,2.692582403567,0.173029319937,0.173029324905,0.000000004968
6,0.15000000,80,6,5,6,6,6.000000,5.500000,3.201562118716,0.173029321225,0.173029321226,0.000000000000
6,0.15000000,81,7,5,7,6,7.000000,5.500000,3.905124837953,0.173034908323,0.173034908323,-0.000000000000
6,0.15000000,82,8,5,8,6,8.000000,5.500000,4.716990566028,0.179785071342,0.179785071342,0.000000000000
7,0.17500000,1,1,1,2,1,1.500000,1.000000,3.201562118716,0.228315133302,0.228315133308,0.000000000006
7,0.17500000,2,2,1,3,1,2.500000,1.000000,2.500000000000,0.223441110501,0.223441130521,0.000000020020
7,0.17500000,3,3,1,4,1,3.500000,1.000000,2.061552812809,0.223435276567,0.223449535421,0.000014258854
7,0.17500000,4,4,1,5,1,4.500000,1.000000,2.061552812809,0.223435274752,0.223449533606,0.000014258854
7,0.17500000,5,5,1,6,1,5.500000,1.000000,2.500000000000,0.223435276567,0.223435296587,0.000000020020
7,0.17500000,6,6,1,7,1,6.500000,1.000000,3.201562118716,0.223441110501,0.223441110507,0.000000000006
7,0.17500000,7,7,1,8,1,7.500000,1.000000,4.031128874149,0.228315133302,0.228315133302,-0.000000000000
7,0.17500000,8,1,2,2,2,1.500000,2.000000,2.692582403567,0.217226254299,0.217226285355,0.000000031056
7,0.17500000,9,2,2,3,2,2.500000,2.000000,1.802775637732,0.210923869395,0.210962710751,0.000038841355
7,0.17500000,10,3,2,4,2,3.500000,2.000000,1.118033988750,0.210912019640,0.221901019357,0.010988999716
7,0.17500000,11,4,2,5,2,4.500000,2.000000,1.118033988750,0.210912013253,0.221901013097,0.010988999843
7,0.17500000,12,5,2,6,2,5.500000,2.000000,1.802775637732,0.210912019640,0.210950861748,0.000038842108
7,0.17500000,13,6,2,7,2,6.500000,2.000000,2.692582403567,0.210923869395,0.210923900809,0.000000031414
7,0.17500000,14,7,2,8,2,7.500000,2.000000,3.640054944640,0.217226254299,0.217226254307,0.000000000008
7,0.17500000,15,1,3,2,3,1.500000,3.000000,2.500000000000,0.217208658257,0.217227897644,0.000019239387
7,0.17500000,16,2,3,3,3,2.500000,3.000000,1.500000000000,0.210900163292,0.221876647095,0.010976483803
7,0.17500000,17,3,3,4,3,3.500000,3.000000,0.500000000000,0.210888293943,0.775775476543,0.564887182600
7,0.17500000,18,4,3,5,3,4.500000,3.000000,0.500000000000,0.210888287542,0.775775477872,0.564887190330
7,0.17500000,19,5,3,6,3,5.500000,3.000000,1.500000000000,0.210888293943,0.221864988204,0.010976694261
7,0.17500000,20,6,3,7,3,6.500000,3.000000,2.500000000000,0.210900163293,0.210919616863,0.000019453570
7,0.17500000,21,7,3,8,3,7.500000,3.000000,3.500000000000,0.217208658257,0.217208668631,0.000000010374
7,0.17500000,22,1,4,2,4,1.500000,4.000000,2.692582403567,0.217208658257,0.217208689362,0.000000031105
7,0.17500000,23,2,4,3,4,2.500000,4.000000,1.802775637732,0.210900163292,0.210939049085,0.000038885792
7,0.17500000,24,3,4,4,4,3.500000,4.000000,1.118033988750,0.210888293943,0.221884092282,0.010995798339
7,0.17500000,25,4,4,5,4,4.500000,4.000000,1.118033988750,0.210888287542,0.221884086009,0.010995798467
7,0.17500000,26,5,4,6,4,5.500000,4.000000,1.802775637732,0.210888293943,0.210927180491,0.000038886548
7,0.17500000,27,6,4,7,4,6.500000,4.000000,2.692582403567,0.210900163293,0.210900194757,0.000000031464
7,0.17500000,28,7,4,8,4,7.500000,4.000000,3.640054944640,0.217208658257,0.217208658265,0.000000000008
7,0.17500000,29,1,5,2,5,1.500000,5.000000,3.201562118716,0.217226254300,0.217226254312,0.000000000013
7,0.17500000,30,2,5,3,5,2.500000,5.000000,2.500000000000,0.210923869396,0.210923900822,0.000000031426
7,0.17500000,31,3,5,4,5,3.500000,5.000000,2.061552812809,0.210912019640,0.210931475047,0.000019455407
7,0.17500000,32,4,5,5,5,4.500000,5.000000,2.061552812809,0.210912013254,0.210931468661,0.000019455407
7,0.17500000,33,5,5,6,5,5.500000,5.000000,2.500000000000,0.210912019641,0.210912051068,0.000000031427
7,0.17500000,34,6,5,7,5,6.500000,5.000000,3.201562118716,0.210923869396,0.210923869409,0.000000000013
7,0.17500000,35,7,5,8,5,7.500000,5.000000,4.031128874149,0.217226254299,0.217226254299,-0.000000000000
7,0.17500000,36,1,6,2,6,1.500000,6.000000,3.905124837953,0.228315133302,0.228315133302,-0.000000000000
7,0.17500000,37,2,6,3,6,2.500000,6.000000,3.354101966250,0.223441110501,0.223441110507,0.000000000006
7,0.17500000,38,3,6,4,6,3.500000,6.000000,3.041381265149,0.223435276567,0.223435284344,0.000000007777
7,0.17500000,39,4,6,5,6,4.500000,6.000000,3.041381265149,0.223435274752,0.223435282529,0.000000007777
7,0.17500000,40,5,6,6,6,5.500000,6.000000,3.354101966250,0.223435276567,0.223435276572,0.000000000006
7,0.17500000,41,6,6,7,6,6.500000,6.000000,3.905124837953,0.223441110501,0.223441110501,-0.000000000000
7,0.17500000,42,7,6,8,6,7.500000,6.000000,4.609772228646,0.228315133302,0.228315133302,0.000000000000
7,0.17500000,43,1,1,1,2,1.000000,1.500000,3.354101966250,0.228315133302,0.228315133308,0.000000000006
7,0.17500000,44,2,1,2,2,2.000000,1.500000,2.500000000000,0.217226254299,0.217226285356,0.000000031057
7,0.17500000,45,3,1,3,2,3.000000,1.500000,1.802775637732,0.217208658255,0.217247104917,0.000038446662
7,0.17500000,46,4,1,4,2,4.000000,1.500000,1.500000000000,0.217208650104,0.228064128140,0.010855478036
7,0.17500000,47,5,1,5,2,5.000000,1.500000,1.802775637732,0.217208650105,0.217247096791,0.000038446686
7,0.17500000,48,6,1,6,2,6.000000,1.500000,2.500000000000,0.217208658255,0.217208689353,0.000000031098
7,0.17500000,49,7,1,7,2,7.000000,1.500000,3.354101966250,0.217226254299,0.217226254307,0.000000000008
7,0.17500000,50,8,1,8,2,8.000000,1.500000,4.272001872659,0.228315133302,0.228315133302,-0.000000000000
7,0.17500000,51,1,2,1,3,1.000000,2.500000,3.041381265149,0.223441110501,0.223441118279,0.000000007777
7,0.17500000,52,2,2,2,3,2.000000,2.500000,2.061552812809,0.210923869397,0.210943324397,0.000019455000
7,0.17500000,53,3,2,3,3,3.000000,2.500000,1.118033988750,0.210900163291,0.221895727273,0.010995563982
7,0.17500000,54,4,2,4,3,4.000000,2.500000,0.500000000000,0.210900150503,0.775773111054,0.564872960551
7,0.17500000,55,5,2,5,3,5.000000,2.500000,1.118033988750,0.210900150503,0.221895718059,0.010995567556
7,0.17500000,56,6,2,6,3,6.000000,2.500000,2.061552812809,0.210900163291,0.210919637789,0.000019474498
7,0.17500000,57,7,2,7,3,7.000000,2.500000,3.041381265149,0.210923869397,0.210923879883,0.000000010486
7,0.17500000,58,8,2,8,3,8.000000,2.500000,4.031128874149,0.223441110501,0.223441110503,0.000000000002
7,0.17500000,59,1,3,1,4,1.000000,3.500000,3.041381265149,0.223435278382,0.223435286160,0.000000007777
7,0.17500000,60,2,3,2,4,2.000000,3.500000,2.061552812809,0.210912026030,0.210931481424,0.000019455394
7,0.17500000,61,3,3,3,4,3.000000,3.500000,1.118033988750,0.210888300343,0.221884095232,0.010995794888
7,0.17500000,62,4,3,4,4,4.000000,3.500000,0.500000000000,0.210888287542,0.775775477870,0.564887190328
7,0.17500000,63,5,3,5,4,5.000000,3.500000,1.118033988750,0.210888287542,0.221884086005,0.010995798463
7,0.17500000,64,6,3,6,4,6.000000,3.500000,2.061552812809,0.210888300343,0.210907775237,0.000019474893
7,0.17500000,65,7,3,7,4,7.000000,3.500000,3.041381265149,0.210912026030,0.210912036516,0.000000010486
7,0.17500000,66,8,3,8,4,8.000000,3.500000,4.031128874149,0.223435278382,0.223435278384,0.000000000002
7,0.17500000,67,1,4,1,5,1.000000,4.500000,3.354101966250,0.223441110501,0.223441110507,0.000000000006
7,0.17500000,68,2,4,2,5,2.000000,4.500000,2.500000000000,0.210923869397,0.210923900823,0.000000031426
7,0.17500000,69,3,4,3,5,3.000000,4.500000,1.802775637732,0.210900163291,0.210939049083,0.000038885792
7,0.17500000,70,4,4,4,5,4.000000,4.500000,1.500000000000,0.210900150503,0.221876637872,0.010976487369
7,0.17500000,71,5,4,5,5,5.000000,4.500000,1.802775637732,0.210900150503,0.210939036321,0.000038885818
7,0.17500000,72,6,4,6,5,6.000000,4.500000,2.500000000000,0.210900163291,0.210900194759,0.000000031469
7,0.17500000,73,7,4,7,5,7.000000,4.500000,3.354101966250,0.210923869397,0.210923869405,0.000000000009
7,0.17500000,74,8,4,8,5,8.000000,4.500000,4.272001872659,0.223441110501,0.223441110501,-0.000000000000
7,0.17500000,75,1,5,1,6,1.000000,5.500000,3.905124837953,0.228315133302,0.228315133302,-0.000000000000
7,0.17500000,76,2,5,2,6,2.000000,5.500000,3.201562118716,0.217226254299,0.217226254312,0.000000000013
7,0.17500000,77,3,5,3,6,3.000000,5.500000,2.692582403567,0.217208658255,0.217208689360,0.000000031105
7,0.17500000,78,4,5,4,6,4.000000,5.500000,2.500000000000,0.217208650104,0.217227889504,0.000019239400
7,0.17500000,79,5,5,5,6,5.000000,5.500000,2.692582403567,0.217208650105,0.217208681210,0.000000031105
7,0.17500000,80,6,5,6,6,6.000000,5.500000,3.201562118716,0.217208658255,0.217208658267,0.000000000013
7,0.17500000,81,7,5,7,6,7.000000,5.500000,3.905124837953,0.217226254299,0.217226254299,-0.000000000000
7,0.17500000,82,8,5,8,6,8.000000,5.500000,4.716990566028,0.228315133302,0.228315133302,0.000000000000
8,0.20000000,1,1,1,2,1,1.500000,1.000000,3.201562118716,0.275351067804,0.275351067869,0.000000000065
8,0.20000000,2,2,1,3,1,2.500000,1.000000,2.500000000000,0.268029182441,0.268029275689,0.000000093248
8,0.20000000,3,3,1,4,1,3.500000,1.000000,2.061552812809,0.268013710455,0.268051049486,0.000037339031
8,0.20000000,4,4,1,5,1,4.500000,1.000000,2.061552812809,0.268013701891,0.268051040922,0.000037339031
8,0.20000000,5,5,1,6,1,5.500000,1.000000,2.500000000000,0.268013710455,0.268013803705,0.000000093250
8,0.20000000,6,6,1,7,1,6.500000,1.000000,3.201562118716,0.268029182441,0.268029182506,0.000000000066
8,0.20000000,7,7,1,8,1,7.500000,1.000000,4.031128874149,0.275351067804,0.275351067804,-0.000000000000
8,0.20000000,8,1,2,2,2,1.500000,2.000000,2.692582403567,0.258976004719,0.258976144042,0.000000139323
8,0.20000000,9,2,2,3,2,2.500000,2.000000,1.802775637732,0.249696910296,0.249795966089,0.000099055794
8,0.20000000,10,3,2,4,2,3.500000,2.000000,1.118033988750,0.249666633673,0.265970436563,0.016303802890
8,0.20000000,11,4,2,5,2,4.500000,2.000000,1.118033988750,0.249666604747,0.265970408603,0.016303803856
8,0.20000000,12,5,2,6,2,5.500000,2.000000,1.802775637732,0.249666633674,0.249765695018,0.000099061344
8,0.20000000,13,6,2,7,2,6.500000,2.000000,2.692582403567,0.249696910296,0.249697052370,0.000000142075
8,0.20000000,14,7,2,8,2,7.500000,2.000000,3.640054944640,0.258976004719,0.258976004794,0.000000000075
8,0.20000000,15,1,3,2,3,1.500000,3.000000,2.500000000000,0.258930637361,0.258979371942,0.000048734581
8,0.20000000,16,2,3,3,3,2.500000,3.000000,1.500000000000,0.249636331816,0.265907781079,0.016271449263
8,0.20000000,17,3,3,4,3,3.500000,3.000000,0.500000000000,0.249605970409,0.729431077278,0.479825106868
8,0.20000000,18,4,3,5,3,4.500000,3.000000,0.500000000000,0.249605941373,0.729431081905,0.479825140532
8,0.20000000,19,5,3,6,3,5.500000,3.000000,1.500000000000,0.249605970409,0.265878331746,0.016272361337
8,0.20000000,20,6,3,7,3,6.500000,3.000000,2.500000000000,0.249636331816,0.249685996556,0.000049664739
8,0.20000000,21,7,3,8,3,7.500000,3.000000,3.500000000000,0.258930637361,0.258930683970,0.000000046609
8,0.20000000,22,1,4,2,4,1.500000,4.000000,2.692582403567,0.258930637361,0.258930777053,0.000000139692
8,0.20000000,23,2,4,3,4,2.500000,4.000000,1.802775637732,0.249636331816,0.249735576446,0.000099244630
8,0.20000000,24,3,4,4,4,3.500000,4.000000,1.118033988750,0.249605970409,0.265926484245,0.016320513836
8,0.20000000,25,4,4,5,4,4.500000,4.000000,1.118033988750,0.249605941373,0.265926456182,0.016320514809
8,0.20000000,26,5,4,6,4,5.500000,4.000000,1.802775637732,0.249605970409,0.249705220629,0.000099250220
8,0.20000000,27,6,4,7,4,6.500000,4.000000,2.692582403567,0.249636331816,0.249636474277,0.000000142460
8,0.20000000,28,7,4,8,4,7.500000,4.000000,3.640054944640,0.258930637361,0.258930637437,0.000000000075
8,0.20000000,29,1,5,2,5,1.500000,5.000000,3.201562118716,0.258976004719,0.258976004832,0.000000000113
8,0.20000000,30,2,5,3,5,2.500000,5.000000,2.500000000000,0.249696910296,0.249697052474,0.000000142178
8,0.20000000,31,3,5,4,5,3.500000,5.000000,2.061552812809,0.249666633673,0.249716313738,0.000049680065
8,0.20000000,32,4,5,5,5,4.500000,5.000000,2.061552812809,0.249666604747,0.249716284815,0.000049680067
8,0.20000000,33,5,5,6,5,5.500000,5.000000,2.500000000000,0.249666633674,0.249666775860,0.000000142186
8,0.20000000,34,6,5,7,5,6.500000,5.000000,3.201562118716,0.249696910295,0.249696910411,0.000000000115
8,0.20000000,35,7,5,8,5,7.500000,5.000000,4.031128874149,0.258976004719,0.258976004719,0.000000000000
8,0.20000000,36,1,6,2,6,1.500000,6.000000,3.905124837953,0.275351067804,0.275351067804,0.000000000000
8,0.20000000,37,2,6,3,6,2.500000,6.000000,3.354101966250,0.268029182441,0.268029182493,0.000000000053
8,0.20000000,38,3,6,4,6,3.500000,6.000000,3.041381265149,0.268013710455,0.268013746614,0.000000036159
8,0.20000000,39,4,6,5,6,4.500000,6.000000,3.041381265149,0.268013701891,0.268013738050,0.000000036159
8,0.20000000,40,5,6,6,6,5.500000,6.000000,3.354101966250,0.268013710455,0.268013710508,0.000000000053
8,0.20000000,41,6,6,7,6,6.500000,6.000000,3.905124837953,0.268029182441,0.268029182441,0.000000000000
8,0.20000000,42,7,6,8,6,7.500000,6.000000,4.609772228646,0.275351067804,0.275351067804,0.000000000000
8,0.20000000,43,1,1,1,2,1.000000,1.500000,3.354101966250,0.275351067804,0.275351067856,0.000000000052
8,0.20000000,44,2,1,2,2,2.000000,1.500000,2.500000000000,0.258976004719,0.258976144055,0.000000139336
8,0.20000000,45,3,1,3,2,3.000000,1.500000,1.802775637732,0.258930637348,0.259027976080,0.000097338732
8,0.20000000,46,4,1,4,2,4.000000,1.500000,1.500000000000,0.258930600257,0.274893873390,0.015963273133
8,0.20000000,47,5,1,5,2,5.000000,1.500000,1.802775637732,0.258930600257,0.259027939169,0.000097338912
8,0.20000000,48,6,1,6,2,6.000000,1.500000,2.500000000000,0.258930637348,0.258930776989,0.000000139641
8,0.20000000,49,7,1,7,2,7.000000,1.500000,3.354101966250,0.258976004719,0.258976004794,0.000000000075
8,0.20000000,50,8,1,8,2,8.000000,1.500000,4.272001872659,0.275351067804,0.275351067804,0.000000000000
8,0.20000000,51,1,2,1,3,1.000000,2.500000,3.041381265149,0.268029182443,0.268029218601,0.000000036158
8,0.20000000,52,2,2,2,3,2.000000,2.500000,2.061552812809,0.249696910307,0.249746587363,0.000049677056
8,0.20000000,53,3,2,3,3,3.000000,2.500000,1.118033988750,0.249636331804,0.265955834733,0.016319502929
8,0.20000000,54,4,2,4,3,4.000000,2.500000,0.500000000000,0.249636273841,0.729426455635,0.479790181794
8,0.20000000,55,5,2,5,3,5.000000,2.500000,1.118033988750,0.249636273841,0.265955792298,0.016319518457
8,0.20000000,56,6,2,6,3,6.000000,2.500000,2.061552812809,0.249636331804,0.249686091140,0.000049759336
8,0.20000000,57,7,2,7,3,7.000000,2.500000,3.041381265149,0.249696910307,0.249696957787,0.000000047480
8,0.20000000,58,8,2,8,3,8.000000,2.500000,4.031128874149,0.268029182443,0.268029182457,0.000000000015
8,0.20000000,59,1,3,1,4,1.000000,3.500000,3.041381265149,0.268013719023,0.268013755182,0.000000036159
8,0.20000000,60,2,3,2,4,2.000000,3.500000,2.061552812809,0.249666662623,0.249716342590,0.000049679967
8,0.20000000,61,3,3,3,4,3.000000,3.500000,1.118033988750,0.249605999446,0.265926498687,0.016320499241
8,0.20000000,62,4,3,4,4,4.000000,3.500000,0.500000000000,0.249605941373,0.729431081893,0.479825140520
8,0.20000000,63,5,3,5,4,5.000000,3.500000,1.118033988750,0.249605941373,0.265926456148,0.016320514775
8,0.20000000,64,6,3,6,4,6.000000,3.500000,2.061552812809,0.249605999446,0.249655761712,0.000049762266
8,0.20000000,65,7,3,7,4,7.000000,3.500000,3.041381265149,0.249666662623,0.249666710106,0.000000047483
8,0.20000000,66,8,3,8,4,8.000000,3.500000,4.031128874149,0.268013719024,0.268013719038,0.000000000015
8,0.20000000,67,1,4,1,5,1.000000,4.500000,3.354101966250,0.268029182443,0.268029182495,0.000000000053
8,0.20000000,68,2,4,2,5,2.000000,4.500000,2.500000000000,0.249696910307,0.249697052485,0.000000142178
8,0.20000000,69,3,4,3,5,3.000000,4.500000,1.802775637732,0.249636331804,0.249735576435,0.000099244630
8,0.20000000,70,4,4,4,5,4.000000,4.500000,1.500000000000,0.249636273842,0.265907738584,0.016271464742
8,0.20000000,71,5,4,5,5,5.000000,4.500000,1.802775637732,0.249636273841,0.249735518662,0.000099244821
8,0.20000000,72,6,4,6,5,6.000000,4.500000,2.500000000000,0.249636331804,0.249636474303,0.000000142499
8,0.20000000,73,7,4,7,5,7.000000,4.500000,3.354101966250,0.249696910307,0.249696910384,0.000000000077
8,0.20000000,74,8,4,8,5,8.000000,4.500000,4.272001872659,0.268029182443,0.268029182443,0.000000000000
8,0.20000000,75,1,5,1,6,1.000000,5.500000,3.905124837953,0.275351067804,0.275351067804,0.000000000000
8,0.20000000,76,2,5,2,6,2.000000,5.500000,3.201562118716,0.258976004719,0.258976004832,0.000000000113
8,0.20000000,77,3,5,3,6,3.000000,5.500000,2.692582403567,0.258930637348,0.258930777040,0.000000139692
8,0.20000000,78,4,5,4,6,4.000000,5.500000,2.500000000000,0.258930600257,0.258979334932,0.000048734676
8,0.20000000,79,5,5,5,6,5.000000,5.500000,2.692582403567,0.258930600257,0.258930739949,0.000000139692
8,0.20000000,80,6,5,6,6,6.000000,5.500000,3.201562118716,0.258930637348,0.258930637461,0.000000000113
8,0.20000000,81,7,5,7,6,7.000000,5.500000,3.905124837953,0.258976004719,0.258976004719,0.000000000000
8,0.20000000,82,8,5,8,6,8.000000,5.500000,4.716990566028,0.275351067804,0.275351067804,0.000000000000
9,0.22500000,1,1,1,2,1,1.500000,1.000000,3.201562118716,0.318483812198,0.318483812607,0.000000000409
9,0.22500000,2,2,1,3,1,2.500000,1.000000,2.500000000000,0.308375212831,0.308375554351,0.000000341519
9,0.22500000,3,3,1,4,1,3.500000,1.000000,2.061552812809,0.308339893870,0.308423945253,0.000084051383
9,0.22500000,4,4,1,5,1,4.500000,1.000000,2.061552812809,0.308339861856,0.308423913243,0.000084051387
9,0.22500000,5,5,1,6,1,5.500000,1.000000,2.500000000000,0.308339893870,0.308340235406,0.000000341536
9,0.22500000,6,6,1,7,1,6.500000,1.000000,3.201562118716,0.308375212831,0.308375213248,0.000000000416
9,0.22500000,7,7,1,8,1,7.500000,1.000000,4.031128874149,0.318483812198,0.318483812198,0.000000000000
9,0.22500000,8,1,2,2,2,1.500000,2.000000,2.692582403567,0.296322861428,0.296323350022,0.000000488594
9,0.22500000,9,2,2,3,2,2.500000,2.000000,1.802775637732,0.283766302237,0.283982969631,0.000216667393
9,0.22500000,10,3,2,4,2,3.500000,2.000000,1.118033988750,0.283699932144,0.305984696673,0.022284764529
9,0.22500000,11,4,2,5,2,4.500000,2.000000,1.118033988750,0.283699829313,0.305984599225,0.022284769912
9,0.22500000,12,5,2,6,2,5.500000,2.000000,1.802775637732,0.283699932144,0.283916630001,0.000216697857
9,0.22500000,13,6,2,7,2,6.500000,2.000000,2.692582403567,0.283766302237,0.283766806331,0.000000504094
9,0.22500000,14,7,2,8,2,7.500000,2.000000,3.640054944640,0.296322861428,0.296322861878,0.000000000450
9,0.22500000,15,1,3,2,3,1.500000,3.000000,2.500000000000,0.296222502534,0.296328042941,0.000105540407
9,0.22500000,16,2,3,3,3,2.500000,3.000000,1.500000000000,0.283633487682,0.305846703711,0.022213216030
9,0.22500000,17,3,3,4,3,3.500000,3.000000,0.500000000000,0.283566828114,0.685860008211,0.402293180097
9,0.22500000,18,4,3,5,3,4.500000,3.000000,0.500000000000,0.283566724655,0.685860018759,0.402293294104
9,0.22500000,19,5,3,6,3,5.500000,3.000000,1.500000000000,0.283566828114,0.305783216885,0.022216388772
9,0.22500000,20,6,3,7,3,6.500000,3.000000,2.500000000000,0.283633487682,0.283742271529,0.000108783847
9,0.22500000,21,7,3,8,3,7.500000,3.000000,3.500000000000,0.296222502534,0.296222666318,0.000000163785
9,0.22500000,22,1,4,2,4,1.500000,4.000000,2.692582403567,0.296222502534,0.296222993118,0.000000490584
9,0.22500000,23,2,4,3,4,2.500000,4.000000,1.802775637732,0.283633487682,0.283850790808,0.000217303127
9,0.22500000,24,3,4,4,4,3.500000,4.000000,1.118033988750,0.283566828113,0.305886753629,0.022319925516
9,0.22500000,25,4,4,5,4,4.500000,4.000000,1.118033988750,0.283566724656,0.305886655613,0.022319930957
9,0.22500000,26,5,4,6,4,5.500000,4.000000,1.802775637732,0.283566828114,0.283784162043,0.000217333930
9,0.22500000,27,6,4,7,4,6.500000,4.000000,2.692582403567,0.283633487682,0.283633993913,0.000000506231
9,0.22500000,28,7,4,8,4,7.500000,4.000000,3.640054944640,0.296222502534,0.296222502987,0.000000000453
9,0.22500000,29,1,5,2,5,1.500000,5.000000,3.201562118716,0.296322861428,0.296322862104,0.000000000676
9,0.22500000,30,2,5,3,5,2.500000,5.000000,2.500000000000,0.283766302237,0.283766806941,0.000000504704
9,0.22500000,31,3,5,4,5,3.500000,5.000000,2.061552812809,0.283699932144,0.283808792399,0.000108860256
9,0.22500000,32,4,5,5,5,4.500000,5.000000,2.061552812809,0.283699829313,0.283808689594,0.000108860281
9,0.22500000,33,5,5,6,5,5.500000,5.000000,2.500000000000,0.283699932145,0.283700436921,0.000000504776
9,0.22500000,34,6,5,7,5,6.500000,5.000000,3.201562118716,0.283766302237,0.283766302935,0.000000000698
9,0.22500000,35,7,5,8,5,7.500000,5.000000,4.031128874149,0.296322861428,0.296322861428,0.000000000000
9,0.22500000,36,1,6,2,6,1.500000,6.000000,3.905124837953,0.318483812198,0.318483812198,0.000000000000
9,0.22500000,37,2,6,3,6,2.500000,6.000000,3.354101966250,0.308375212831,0.308375213162,0.000000000330
9,0.22500000,38,3,6,4,6,3.500000,6.000000,3.041381265149,0.308339893869,0.308340026054,0.000000132184
9,0.22500000,39,4,6,5,6,4.500000,6.000000,3.041381265149,0.308339861856,0.308339994041,0.000000132184
9,0.22500000,40,5,6,6,6,5.500000,6.000000,3.354101966250,0.308339893870,0.308339894201,0.000000000331
9,0.22500000,41,6,6,7,6,6.500000,6.000000,3.905124837953,0.308375212831,0.308375212832,0.000000000000
9,0.22500000,42,7,6,8,6,7.500000,6.000000,4.609772228646,0.318483812198,0.318483812198,0.000000000000
9,0.22500000,43,1,1,1,2,1.000000,1.500000,3.354101966250,0.318483812197,0.318483812522,0.000000000324
9,0.22500000,44,2,1,2,2,2.000000,1.500000,2.500000000000,0.296322861428,0.296323350109,0.000000488682
9,0.22500000,45,3,1,3,2,3.000000,1.500000,1.802775637732,0.296222502452,0.296433171742,0.000210669290
9,0.22500000,46,4,1,4,2,4.000000,1.500000,1.500000000000,0.296222369864,0.317757523271,0.021535153407
9,0.22500000,47,5,1,5,2,5.000000,1.500000,1.802775637732,0.296222369864,0.296433040099,0.000210670236
9,0.22500000,48,6,1,6,2,6.000000,1.500000,2.500000000000,0.296222502451,0.296222992755,0.000000490304
9,0.22500000,49,7,1,7,2,7.000000,1.500000,3.354101966250,0.296322861428,0.296322861878,0.000000000450
9,0.22500000,50,8,1,8,2,8.000000,1.500000,4.272001872659,0.318483812198,0.318483812198,0.000000000000
9,0.22500000,51,1,2,1,3,1.000000,2.500000,3.041381265149,0.308375212844,0.308375345021,0.000000132177
9,0.22500000,52,2,2,2,3,2.000000,2.500000,2.061552812809,0.283766302308,0.283875146019,0.000108843710
9,0.22500000,53,3,2,3,3,3.000000,2.500000,1.118033988750,0.283633487610,0.305949922885,0.022316435275
9,0.22500000,54,4,2,4,3,4.000000,2.500000,0.500000000000,0.283633281322,0.685853588670,0.402220307348
9,0.22500000,55,5,2,5,3,5.000000,2.500000,1.118033988750,0.283633281322,0.305949769402,0.022316488080
9,0.22500000,56,6,2,6,3,6.000000,2.500000,2.061552812809,0.283633487610,0.283742606817,0.000109119207
9,0.22500000,57,7,2,7,3,7.000000,2.500000,3.041381265149,0.283766302308,0.283766471057,0.000000168749
9,0.22500000,58,8,2,8,3,8.000000,2.500000,4.031128874149,0.308375212844,0.308375212936,0.000000000092
9,0.22500000,59,1,3,1,4,1.000000,3.500000,3.041381265149,0.308339925909,0.308340058093,0.000000132184
9,0.22500000,60,2,3,2,4,2.000000,3.500000,2.061552812809,0.283700035117,0.283808894846,0.000108859729
9,0.22500000,61,3,3,3,4,3.000000,3.500000,1.118033988750,0.283566931571,0.305886809451,0.022319877880
9,0.22500000,62,4,3,4,4,4.000000,3.500000,0.500000000000,0.283566724655,0.685860018710,0.402293294055
9,0.22500000,63,5,3,5,4,5.000000,3.500000,1.118033988750,0.283566724656,0.305886655398,0.022319930743
9,0.22500000,64,6,3,6,4,6.000000,3.500000,2.061552812809,0.283566931571,0.283676066962,0.000109135391
9,0.22500000,65,7,3,7,4,7.000000,3.500000,3.041381265149,0.283700035117,0.283700203891,0.000000168774
9,0.22500000,66,8,3,8,4,8.000000,3.500000,4.031128874149,0.308339925909,0.308339926001,0.000000000092
9,0.22500000,67,1,4,1,5,1.000000,4.500000,3.354101966250,0.308375212844,0.308375213174,0.000000000330
9,0.22500000,68,2,4,2,5,2.000000,4.500000,2.500000000000,0.283766302307,0.283766807011,0.000000504703
9,0.22500000,69,3,4,3,5,3.000000,4.500000,1.802775637732,0.283633487611,0.283850790738,0.000217303127
9,0.22500000,70,4,4,4,5,4.000000,4.500000,1.500000000000,0.283633281322,0.305846549952,0.022213268630
9,0.22500000,71,5,4,5,5,5.000000,4.500000,1.802775637732,0.283633281321,0.283850585490,0.000217304169
9,0.22500000,72,6,4,6,5,6.000000,4.500000,2.500000000000,0.283633487610,0.283633994073,0.000000506463
9,0.22500000,73,7,4,7,5,7.000000,4.500000,3.354101966250,0.283766302307,0.283766302773,0.000000000466
9,0.22500000,74,8,4,8,5,8.000000,4.500000,4.272001872659,0.308375212844,0.308375212844,0.000000000000
9,0.22500000,75,1,5,1,6,1.000000,5.500000,3.905124837953,0.318483812198,0.318483812198,0.000000000000
9,0.22500000,76,2,5,2,6,2.000000,5.500000,3.201562118716,0.296322861428,0.296322862104,0.000000000676
9,0.22500000,77,3,5,3,6,3.000000,5.500000,2.692582403567,0.296222502451,0.296222993035,0.000000490584
9,0.22500000,78,4,5,4,6,4.000000,5.500000,2.500000000000,0.296222369864,0.296327910773,0.000105540909
9,0.22500000,79,5,5,5,6,5.000000,5.500000,2.692582403567,0.296222369864,0.296222860451,0.000000490587
9,0.22500000,80,6,5,6,6,6.000000,5.500000,3.201562118716,0.296222502452,0.296222503130,0.000000000679
9,0.22500000,81,7,5,7,6,7.000000,5.500000,3.905124837953,0.296322861428,0.296322861428,0.000000000000
9,0.22500000,82,8,5,8,6,8.000000,5.500000,4.716990566028,0.318483812198,0.318483812198,0.000000000000
10,0.25000000,1,1,1,2,1,1.500000,1.000000,3.201562118716,0.355698108777,0.355698110719,0.000000001943
10,0.25000000,2,2,1,3,1,2.500000,1.000000,2.500000000000,0.342712147386,0.342713185640,0.000001038253
10,0.25000000,3,3,1,4,1,3.500000,1.000000,2.061552812809,0.342640576318,0.342808343037,0.000167766719
10,0.25000000,4,4,1,5,1,4.500000,1.000000,2.061552812809,0.342640476649,0.342808243398,0.000167766750
10,0.25000000,5,5,1,6,1,5.500000,1.000000,2.500000000000,0.342640576319,0.342641614696,0.000001038377
10,0.25000000,6,6,1,7,1,6.500000,1.000000,3.201562118716,0.342712147386,0.342712149393,0.000000002008
10,0.25000000,7,7,1,8,1,7.500000,1.000000,4.031128874149,0.355698108776,0.355698108779,0.000000000003
10,0.25000000,8,1,2,2,2,1.500000,2.000000,2.692582403567,0.327883044665,0.327884457994,0.000001413330
10,0.25000000,9,2,2,3,2,2.500000,2.000000,1.802775637732,0.312052167084,0.312471585289,0.000419418205
10,0.25000000,10,3,2,4,2,3.500000,2.000000,1.118033988750,0.311923370281,0.340384976982,0.028461606700
10,0.25000000,11,4,2,5,2,4.500000,2.000000,1.118033988750,0.311923067276,0.340384697476,0.028461630200
10,0.25000000,12,5,2,6,2,5.500000,2.000000,1.802775637732,0.311923370283,0.312342920955,0.000419550673
10,0.25000000,13,6,2,7,2,6.500000,2.000000,2.692582403567,0.312052167084,0.312053648983,0.000001481899
10,0.25000000,14,7,2,8,2,7.500000,2.000000,3.640054944640,0.327883044664,0.327883046733,0.000000002069
10,0.25000000,15,1,3,2,3,1.500000,3.000000,2.500000000000,0.327686573407,0.327888005088,0.000201431681
10,0.25000000,16,2,3,3,3,2.500000,3.000000,1.500000000000,0.311794400531,0.340116461968,0.028322061437
10,0.25000000,17,3,3,4,3,3.500000,3.000000,0.500000000000,0.311664783115,0.646374929475,0.334710146360
10,0.25000000,18,4,3,5,3,4.500000,3.000000,0.500000000000,0.311664477340,0.646374939970,0.334710462630
10,0.25000000,19,5,3,6,3,5.500000,3.000000,1.500000000000,0.311664783115,0.339996115474,0.028331332359
10,0.25000000,20,6,3,7,3,6.500000,3.000000,2.500000000000,0.311794400533,0.312005335707,0.000210935174
10,0.25000000,21,7,3,8,3,7.500000,3.000000,3.500000000000,0.327686573407,0.327687048419,0.000000475012
10,0.25000000,22,1,4,2,4,1.500000,4.000000,2.692582403567,0.327686573407,0.327687994986,0.000001421579
10,0.25000000,23,2,4,3,4,2.500000,4.000000,1.802775637732,0.311794400531,0.312215598653,0.000421198122
10,0.25000000,24,3,4,4,4,3.500000,4.000000,1.118033988750,0.311664783114,0.340191772834,0.028526989721
10,0.25000000,25,4,4,5,4,4.500000,4.000000,1.118033988750,0.311664477340,0.340191490943,0.028527013603
10,0.25000000,26,5,4,6,4,5.500000,4.000000,1.802775637732,0.311664783115,0.312086115932,0.000421332817
10,0.25000000,27,6,4,7,4,6.500000,4.000000,2.692582403567,0.311794400534,0.311795891664,0.000001491130
10,0.25000000,28,7,4,8,4,7.500000,4.000000,3.640054944640,0.327686573407,0.327686575505,0.000000002097
10,0.25000000,29,1,5,2,5,1.500000,5.000000,3.201562118716,0.327883044666,0.327883047757,0.000000003091
10,0.25000000,30,2,5,3,5,2.500000,5.000000,2.500000000000,0.312052167084,0.312053651746,0.000001484662
10,0.25000000,31,3,5,4,5,3.500000,5.000000,2.061552812809,0.311923370280,0.312134594361,0.000211224082
10,0.25000000,32,4,5,5,5,4.500000,5.000000,2.061552812809,0.311923067278,0.312134291527,0.000211224249
10,0.25000000,33,5,5,6,5,5.500000,5.000000,2.500000000000,0.311923370284,0.311924855438,0.000001485154
10,0.25000000,34,6,5,7,5,6.500000,5.000000,3.201562118716,0.312052167084,0.312052170346,0.000000003261
10,0.25000000,35,7,5,8,5,7.500000,5.000000,4.031128874149,0.327883044665,0.327883044673,0.000000000007
10,0.25000000,36,1,6,2,6,1.500000,6.000000,3.905124837953,0.355698108776,0.355698108780,0.000000000004
10,0.25000000,37,2,6,3,6,2.500000,6.000000,3.354101966250,0.342712147386,0.342712148977,0.000000001591
10,0.25000000,38,3,6,4,6,3.500000,6.000000,3.041381265149,0.342640576317,0.342640977457,0.000000401140
10,0.25000000,39,4,6,5,6,4.500000,6.000000,3.041381265149,0.342640476649,0.342640877789,0.000000401140
10,0.25000000,40,5,6,6,6,5.500000,6.000000,3.354101966250,0.342640576319,0.342640577911,0.000000001591
10,0.25000000,41,6,6,7,6,6.500000,6.000000,3.905124837953,0.342712147387,0.342712147391,0.000000000004
10,0.25000000,42,7,6,8,6,7.500000,6.000000,4.609772228646,0.355698108777,0.355698108777,0.000000000000
10,0.25000000,43,1,1,1,2,1.000000,1.500000,3.354101966250,0.355698108775,0.355698110310,0.000000001534
10,0.25000000,44,2,1,2,2,2.000000,1.500000,2.500000000000,0.327883044665,0.327884458422,0.000001413757
10,0.25000000,45,3,1,3,2,3.000000,1.500000,1.802775637732,0.327686573028,0.328088389156,0.000401816128
10,0.25000000,46,4,1,4,2,4.000000,1.500000,1.500000000000,0.327686180389,0.354681632503,0.026995452114
10,0.25000000,47,5,1,5,2,5.000000,1.500000,1.802775637732,0.327686180388,0.328088000325,0.000401819937
10,0.25000000,48,6,1,6,2,6.000000,1.500000,2.500000000000,0.327686573028,0.327687993415,0.000001420387
10,0.25000000,49,7,1,7,2,7.000000,1.500000,3.354101966250,0.327883044665,0.327883046735,0.000000002069
10,0.25000000,50,8,1,8,2,8.000000,1.500000,4.272001872659,0.355698108776,0.355698108779,0.000000000003
10,0.25000000,51,1,2,1,3,1.000000,2.500000,3.041381265149,0.342712147449,0.342712548526,0.000000401077
10,0.25000000,52,2,2,2,3,2.000000,2.500000,2.061552812809,0.312052167411,0.312263319486,0.000211152075
10,0.25000000,53,3,2,3,3,3.000000,2.500000,1.118033988750,0.311794400201,0.340311294389,0.028516894189
10,0.25000000,54,4,2,4,3,4.000000,2.500000,0.500000000000,0.311793791425,0.646370959707,0.334577168283
10,0.25000000,55,5,2,5,3,5.000000,2.500000,1.118033988750,0.311793791426,0.340310834169,0.028517042743
10,0.25000000,56,6,2,6,3,6.000000,2.500000,2.061552812809,0.311794400202,0.312006320123,0.000211919922
10,0.25000000,57,7,2,7,3,7.000000,2.500000,3.041381265149,0.312052167410,0.312052664672,0.000000497262
10,0.25000000,58,8,2,8,3,8.000000,2.500000,4.031128874149,0.342712147448,0.342712147900,0.000000000452
10,0.25000000,59,1,3,1,4,1.000000,3.500000,3.041381265149,0.342640676114,0.342641077249,0.000000401135
10,0.25000000,60,2,3,2,4,2.000000,3.500000,2.061552812809,0.311923673940,0.312134895810,0.000211221871
10,0.25000000,61,3,3,3,4,3.000000,3.500000,1.118033988750,0.311665088887,0.340191952500,0.028526863613
10,0.25000000,62,4,3,4,4,4.000000,3.500000,0.500000000000,0.311664477338,0.646374939857,0.334710462519
10,0.25000000,63,5,3,5,4,5.000000,3.500000,1.118033988750,0.311664477339,0.340191489893,0.028527012554
10,0.25000000,64,6,3,6,4,6.000000,3.500000,2.061552812809,0.311665088888,0.311877079691,0.000211990803
10,0.25000000,65,7,3,7,4,7.000000,3.500000,3.041381265149,0.311923673940,0.311924171377,0.000000497437
10,0.25000000,66,8,3,8,4,8.000000,3.500000,4.031128874149,0.342640676114,0.342640676567,0.000000000452
10,0.25000000,67,1,4,1,5,1.000000,4.500000,3.354101966250,0.342712147448,0.342712149039,0.000000001591
10,0.25000000,68,2,4,2,5,2.000000,4.500000,2.500000000000,0.312052167409,0.312053652068,0.000001484659
10,0.25000000,69,3,4,3,5,3.000000,4.500000,1.802775637732,0.311794400204,0.312215598330,0.000421198126
10,0.25000000,70,4,4,4,5,4.000000,4.500000,1.500000000000,0.311793791425,0.340116000871,0.028322209445
10,0.25000000,71,5,4,5,5,5.000000,4.500000,1.802775637732,0.311793791424,0.312214993999,0.000421202575
10,0.25000000,72,6,4,6,5,6.000000,4.500000,2.500000000000,0.311794400202,0.311795892404,0.000001492201
10,0.25000000,73,7,4,7,5,7.000000,4.500000,3.354101966250,0.312052167409,0.312052169602,0.000000002193
10,0.25000000,74,8,4,8,5,8.000000,4.500000,4.272001872659,0.342712147448,0.342712147452,0.000000000004
10,0.25000000,75,1,5,1,6,1.000000,5.500000,3.905124837953,0.355698108776,0.355698108780,0.000000000004
10,0.25000000,76,2,5,2,6,2.000000,5.500000,3.201562118716,0.327883044666,0.327883047757,0.000000003091
10,0.25000000,77,3,5,3,6,3.000000,5.500000,2.692582403567,0.327686573026,0.327687994609,0.000001421583
10,0.25000000,78,4,5,4,6,4.000000,5.500000,2.500000000000,0.327686180389,0.327887614115,0.000201433727
10,0.25000000,79,5,5,5,6,5.000000,5.500000,2.692582403567,0.327686180389,0.327687601992,0.000001421603
10,0.25000000,80,6,5,6,6,6.000000,5.500000,3.201562118716,0.327686573027,0.327686576150,0.000000003122
10,0.25000000,81,7,5,7,6,7.000000,5.500000,3.905124837953,0.327883044666,0.327883044673,0.000000000007
10,0.25000000,82,8,5,8,6,8.000000,5.500000,4.716990566028,0.355698108776,0.355698108776,0.000000000000
11,0.27500000,1,1,1,2,1,1.500000,1.000000,3.201562118716,0.385479090981,0.385479098411,0.000000007429
11,0.27500000,2,2,1,3,1,2.500000,1.000000,2.500000000000,0.369837501918,0.369840219493,0.000002717575
11,0.27500000,3,3,1,4,1,3.500000,1.000000,2.061552812809,0.369705963058,0.370009410683,0.000303447625
11,0.27500000,4,4,1,5,1,4.500000,1.000000,2.061552812809,0.369705695141,0.370009142927,0.000303447787
11,0.27500000,5,5,1,6,1,5.500000,1.000000,2.500000000000,0.369705963059,0.369708681243,0.000002718184
11,0.27500000,6,6,1,7,1,6.500000,1.000000,3.201562118716,0.369837501917,0.369837509646,0.000000007729
11,0.27500000,7,7,1,8,1,7.500000,1.000000,4.031128874149,0.385479090981,0.385479090992,0.000000000012
11,0.27500000,8,1,2,2,2,1.500000,2.000000,2.692582403567,0.352879322087,0.352882817818,0.000003495731
11,0.27500000,9,2,2,3,2,2.500000,2.000000,1.802775637732,0.334112159782,0.334846704723,0.000734544942
11,0.27500000,10,3,2,4,2,3.500000,2.000000,1.118033988750,0.333885975333,0.368188933605,0.034302958272
11,0.27500000,11,4,2,5,2,4.500000,2.000000,1.118033988750,0.333885207350,0.368188249677,0.034303042327
11,0.27500000,12,5,2,6,2,5.500000,2.000000,1.802775637732,0.333885975335,0.334620996466,0.000735021132
11,0.27500000,13,6,2,7,2,6.500000,2.000000,2.692582403567,0.334112159782,0.334115904711,0.000003744929
11,0.27500000,14,7,2,8,2,7.500000,2.000000,3.640054944640,0.352879322086,0.352879329544,0.000000007457
11,0.27500000,15,1,3,2,3,1.500000,3.000000,2.500000000000,0.352531497558,0.352877460774,0.000345963216
11,0.27500000,16,2,3,3,3,2.500000,3.000000,1.500000000000,0.333659481034,0.367717243467,0.034057762434
11,0.27500000,17,3,3,4,3,3.500000,3.000000,0.500000000000,0.333431296762,0.611829014240,0.278397717477
11,0.27500000,18,4,3,5,3,4.500000,3.000000,0.500000000000,0.333430518955,0.611828979564,0.278398460608
11,0.27500000,19,5,3,6,3,5.500000,3.000000,1.500000000000,0.333431296761,0.367512554943,0.034081258182
11,0.27500000,20,6,3,7,3,6.500000,3.000000,2.500000000000,0.333659481036,0.334029602821,0.000370121786
11,0.27500000,21,7,3,8,3,7.500000,3.000000,3.500000000000,0.352531497558,0.352532675830,0.000001178272
11,0.27500000,22,1,4,2,4,1.500000,4.000000,2.692582403567,0.352531497559,0.352535020429,0.000003522870
11,0.27500000,23,2,4,3,4,2.500000,4.000000,1.802775637732,0.333659481034,0.334398309004,0.000738827971
11,0.27500000,24,3,4,4,4,3.500000,4.000000,1.118033988750,0.333431296760,0.367844139120,0.034412842360
11,0.27500000,25,4,4,5,4,4.500000,4.000000,1.118033988750,0.333430518957,0.367843447364,0.034412928407
11,0.27500000,26,5,4,6,4,5.500000,4.000000,1.802775637732,0.333431296760,0.334170612478,0.000739315717
11,0.27500000,27,6,4,7,4,6.500000,4.000000,2.692582403567,0.333659481036,0.333663258223,0.000003777187
11,0.27500000,28,7,4,8,4,7.500000,4.000000,3.640054944640,0.352531497558,0.352531505104,0.000000007546
11,0.27500000,29,1,5,2,5,1.500000,5.000000,3.201562118716,0.352879322087,0.352879333265,0.000000011178
11,0.27500000,30,2,5,3,5,2.500000,5.000000,2.500000000000,0.334112159782,0.334115914837,0.000003755056
11,0.27500000,31,3,5,4,5,3.500000,5.000000,2.061552812809,0.333885975332,0.334257001974,0.000371026643
11,0.27500000,32,4,5,5,5,4.500000,5.000000,2.061552812809,0.333885207351,0.334256234857,0.000371027506
11,0.27500000,33,5,5,6,5,5.500000,5.000000,2.500000000000,0.333885975335,0.333889732893,0.000003757559
11,0.27500000,34,6,5,7,5,6.500000,5.000000,3.201562118716,0.334112159781,0.334112171795,0.000000012014
11,0.27500000,35,7,5,8,5,7.500000,5.000000,4.031128874149,0.352879322087,0.352879322109,0.000000000021
11,0.27500000,36,1,6,2,6,1.500000,6.000000,3.905124837953,0.385479090980,0.385479090994,0.000000000014
11,0.27500000,37,2,6,3,6,2.500000,6.000000,3.354101966250,0.369837501918,0.369837508010,0.000000006092
11,0.27500000,38,3,6,4,6,3.500000,6.000000,3.041381265149,0.369705963057,0.369707011142,0.000001048084
11,0.27500000,39,4,6,5,6,4.500000,6.000000,3.041381265149,0.369705695141,0.369706743227,0.000001048085
11,0.27500000,40,5,6,6,6,5.500000,6.000000,3.354101966250,0.369705963060,0.369705969154,0.000000006094
11,0.27500000,41,6,6,7,6,6.500000,6.000000,3.905124837953,0.369837501918,0.369837501933,0.000000000015
11,0.27500000,42,7,6,8,6,7.500000,6.000000,4.609772228646,0.385479090980,0.385479090980,0.000000000000
11,0.27500000,43,1,1,1,2,1.000000,1.500000,3.354101966250,0.385479090981,0.385479096820,0.000000005839
11,0.27500000,44,2,1,2,2,2.000000,1.500000,2.500000000000,0.352879322087,0.352882819514,0.000003497427
11,0.27500000,45,3,1,3,2,3.000000,1.500000,1.802775637732,0.352531496153,0.353221242312,0.000689746159
11,0.27500000,46,4,1,4,2,4.000000,1.500000,1.500000000000,0.352530497042,0.384232406114,0.031701909072
11,0.27500000,47,5,1,5,2,5.000000,1.500000,1.802775637732,0.352530497041,0.353220255273,0.000689758232
11,0.27500000,48,6,1,6,2,6.000000,1.500000,2.500000000000,0.352531496152,0.352535014957,0.000003518805
11,0.27500000,49,7,1,7,2,7.000000,1.500000,3.354101966250,0.352879322088,0.352879329548,0.000000007461
11,0.27500000,50,8,1,8,2,8.000000,1.500000,4.272001872659,0.385479090981,0.385479090990,0.000000000009
11,0.27500000,51,1,2,1,3,1.000000,2.500000,3.041381265149,0.369837502172,0.369838549973,0.000001047801
11,0.27500000,52,2,2,2,3,2.000000,2.500000,2.061552812809,0.334112161000,0.334482928931,0.000370767931
11,0.27500000,53,3,2,3,3,3.000000,2.500000,1.118033988750,0.333659479814,0.368047063059,0.034387583245
11,0.27500000,54,4,2,4,3,4.000000,2.500000,0.500000000000,0.333657934041,0.611839492485,0.278181558444
11,0.27500000,55,5,2,5,3,5.000000,2.500000,1.118033988750,0.333657934041,0.368045875756,0.034387941715
11,0.27500000,56,6,2,6,3,6.000000,2.500000,2.061552812809,0.333659479814,0.334032086822,0.000372607008
11,0.27500000,57,7,2,7,3,7.000000,2.500000,3.041381265149,0.334112160998,0.334113421282,0.000001260284
11,0.27500000,58,8,2,8,3,8.000000,2.500000,4.031128874149,0.369837502171,0.369837503868,0.000000001697
11,0.27500000,59,1,3,1,4,1.000000,3.500000,3.041381265149,0.369706231482,0.369707279541,0.000001048060
11,0.27500000,60,2,3,2,4,2.000000,3.500000,2.061552812809,0.333886745750,0.334257764993,0.000371019243
11,0.27500000,61,3,3,3,4,3.000000,3.500000,1.118033988750,0.333432074564,0.367844638296,0.034412563732
11,0.27500000,62,4,3,4,4,4.000000,3.500000,0.500000000000,0.333430518957,0.611828979635,0.278398460679
11,0.27500000,63,5,3,5,4,5.000000,3.500000,1.118033988750,0.333430518958,0.367843443171,0.034412924212
11,0.27500000,64,6,3,6,4,6.000000,3.500000,2.061552812809,0.333432074564,0.333804938512,0.000372863948
11,0.27500000,65,7,3,7,4,7.000000,3.500000,3.041381265149,0.333886745750,0.333888006895,0.000001261145
11,0.27500000,66,8,3,8,4,8.000000,3.500000,4.031128874149,0.369706231483,0.369706233181,0.000000001699
11,0.27500000,67,1,4,1,5,1.000000,4.500000,3.354101966250,0.369837502170,0.369837508262,0.000000006092
11,0.27500000,68,2,4,2,5,2.000000,4.500000,2.500000000000,0.334112160997,0.334115916040,0.000003755043
11,0.27500000,69,3,4,3,5,3.000000,4.500000,1.802775637732,0.333659479817,0.334398307803,0.000738827986
11,0.27500000,70,4,4,4,5,4.000000,4.500000,1.500000000000,0.333657934042,0.367716054454,0.034058120413
11,0.27500000,71,5,4,5,5,5.000000,4.500000,1.802775637732,0.333657934039,0.334396777426,0.000738843387
11,0.27500000,72,6,4,6,5,6.000000,4.500000,2.500000000000,0.333659479814,0.333663260975,0.000003781161
11,0.27500000,73,7,4,7,5,7.000000,4.500000,3.354101966250,0.334112160997,0.334112169043,0.000000008046
11,0.27500000,74,8,4,8,5,8.000000,4.500000,4.272001872659,0.369837502170,0.369837502180,0.000000000010
11,0.27500000,75,1,5,1,6,1.000000,5.500000,3.905124837953,0.385479090981,0.385479090995,0.000000000014
11,0.27500000,76,2,5,2,6,2.000000,5.500000,3.201562118716,0.352879322088,0.352879333266,0.000000011178
11,0.27500000,77,3,5,3,6,3.000000,5.500000,2.692582403567,0.352531496152,0.352535019034,0.000003522882
11,0.27500000,78,4,5,4,6,4.000000,5.500000,2.500000000000,0.352530497042,0.352876466778,0.000345969736
11,0.27500000,79,5,5,5,6,5.000000,5.500000,2.692582403567,0.352530497042,0.352534020018,0.000003522976
11,0.27500000,80,6,5,6,6,6.000000,5.500000,3.201562118716,0.352531496152,0.352531507432,0.000000011280
11,0.27500000,81,7,5,7,6,7.000000,5.500000,3.905124837953,0.352879322087,0.352879322109,0.000000000021
11,0.27500000,82,8,5,8,6,8.000000,5.500000,4.716990566028,0.385479090981,0.385479090981,0.000000000000
12,0.30000000,1,1,1,2,1,1.500000,1.000000,3.201562118716,0.406874419305,0.406874443164,0.000000023858
12,0.30000000,2,2,1,3,1,2.500000,1.000000,2.500000000000,0.389140018022,0.389146304798,0.000006286777
12,0.30000000,3,3,1,4,1,3.500000,1.000000,2.061552812809,0.388917324005,0.389422666210,0.000505342205
12,0.30000000,4,4,1,5,1,4.500000,1.000000,2.061552812809,0.388916685777,0.389422028687,0.000505342910
12,0.30000000,5,5,1,6,1,5.500000,1.000000,2.500000000000,0.388917324006,0.388923613444,0.000006289438
12,0.30000000,6,6,1,7,1,6.500000,1.000000,3.201562118716,0.389140018020,0.389140043185,0.000000025165
12,0.30000000,7,7,1,8,1,7.500000,1.000000,4.031128874149,0.406874419304,0.406874419351,0.000000000046
12,0.30000000,8,1,2,2,2,1.500000,2.000000,2.692582403567,0.371107556870,0.371115141535,0.000007584665
12,0.30000000,9,2,2,3,2,2.500000,2.000000,1.802775637732,0.350060193725,0.351243091775,0.001182898049
12,0.30000000,10,3,2,4,2,3.500000,2.000000,1.118033988750,0.349694889130,0.388983084240,0.039288195110
12,0.30000000,11,4,2,5,2,4.500000,2.000000,1.118033988750,0.349693169500,0.388981619652,0.039288450152
12,0.30000000,12,5,2,6,2,5.500000,2.000000,1.802775637732,0.349694889133,0.350879248717,0.001184359584
12,0.30000000,13,6,2,7,2,6.500000,2.000000,2.692582403567,0.350060193725,0.350068549191,0.000008355466
12,0.30000000,14,7,2,8,2,7.500000,2.000000,3.640054944640,0.371107556870,0.371107579518,0.000000022649
12,0.30000000,15,1,3,2,3,1.500000,3.000000,2.500000000000,0.370541889322,0.371084552773,0.000542663452
12,0.30000000,16,2,3,3,3,2.500000,3.000000,1.500000000000,0.349329212947,0.388223145528,0.038893932581
12,0.30000000,17,3,3,4,3,3.500000,3.000000,0.500000000000,0.348959612714,0.582659123709,0.233699510995
12,0.30000000,18,4,3,5,3,4.500000,3.000000,0.500000000000,0.348957863548,0.582658885662,0.233701022114
12,0.30000000,19,5,3,6,3,5.500000,3.000000,1.500000000000,0.348959612711,0.387906419711,0.038946807000
12,0.30000000,20,6,3,7,3,6.500000,3.000000,2.500000000000,0.349329212950,0.349926432280,0.000597219330
12,0.30000000,21,7,3,8,3,7.500000,3.000000,3.500000000000,0.370541889322,0.370544453603,0.000002564281
12,0.30000000,22,1,4,2,4,1.500000,4.000000,2.692582403567,0.370541889323,0.370549547367,0.000007658044
12,0.30000000,23,2,4,3,4,2.500000,4.000000,1.802775637732,0.349329212947,0.350521186370,0.001191973423
12,0.30000000,24,3,4,4,4,3.500000,4.000000,1.118033988750,0.348959612710,0.388417424894,0.039457812184
12,0.30000000,25,4,4,5,4,4.500000,4.000000,1.118033988750,0.348957863551,0.388415939277,0.039458075727
12,0.30000000,26,5,4,6,4,5.500000,4.000000,1.802775637732,0.348959612711,0.350153097064,0.001193484353
12,0.30000000,27,6,4,7,4,6.500000,4.000000,2.692582403567,0.349329212950,0.349337663651,0.000008450701
12,0.30000000,28,7,4,8,4,7.500000,4.000000,3.640054944640,0.370541889322,0.370541912283,0.000000022961
12,0.30000000,29,1,5,2,5,1.500000,5.000000,3.201562118716,0.371107556870,0.371107590850,0.000000033980
12,0.30000000,30,2,5,3,5,2.500000,5.000000,2.500000000000,0.350060193725,0.350068580491,0.000008386766
12,0.30000000,31,3,5,4,5,3.500000,5.000000,2.061552812809,0.349694889129,0.350294559442,0.000599670313
12,0.30000000,32,4,5,5,5,4.500000,5.000000,2.061552812809,0.349693169501,0.350292843470,0.000599673968
12,0.30000000,33,5,5,6,5,5.500000,5.000000,2.500000000000,0.349694889133,0.349703286516,0.000008397383
12,0.30000000,34,6,5,7,5,6.500000,5.000000,3.201562118716,0.350060193724,0.350060231278,0.000000037554
12,0.30000000,35,7,5,8,5,7.500000,5.000000,4.031128874149,0.371107556871,0.371107556946,0.000000000075
12,0.30000000,36,1,6,2,6,1.500000,6.000000,3.905124837953,0.406874419304,0.406874419359,0.000000000055
12,0.30000000,37,2,6,3,6,2.500000,6.000000,3.354101966250,0.389140018022,0.389140037778,0.000000019756
12,0.30000000,38,3,6,4,6,3.500000,6.000000,3.041381265149,0.388917324003,0.388919744632,0.000002420629
12,0.30000000,39,4,6,5,6,4.500000,6.000000,3.041381265149,0.388916685778,0.388919106410,0.000002420632
12,0.30000000,40,5,6,6,6,5.500000,6.000000,3.354101966250,0.388917324007,0.388917343773,0.000000019766
12,0.30000000,41,6,6,7,6,6.500000,6.000000,3.905124837953,0.389140018021,0.389140018080,0.000000000060
12,0.30000000,42,7,6,8,6,7.500000,6.000000,4.609772228646,0.406874419304,0.406874419304,0.000000000000
12,0.30000000,43,1,1,1,2,1.000000,1.500000,3.354101966250,0.406874419304,0.406874437970,0.000000018666
12,0.30000000,44,2,1,2,2,2.000000,1.500000,2.500000000000,0.371107556870,0.371115147215,0.000007590345
12,0.30000000,45,3,1,3,2,3.000000,1.500000,1.802775637732,0.370541884934,0.371623554660,0.001081669725
12,0.30000000,46,4,1,4,2,4.000000,1.500000,1.500000000000,0.370539642058,0.405577928452,0.035038286394
12,0.30000000,47,5,1,5,2,5.000000,1.500000,1.802775637732,0.370539642057,0.371621342700,0.001081700643
12,0.30000000,48,6,1,6,2,6.000000,1.500000,2.500000000000,0.370541884933,0.370549531508,0.000007646574
12,0.30000000,49,7,1,7,2,7.000000,1.500000,3.354101966250,0.371107556870,0.371107579535,0.000000022664
12,0.30000000,50,8,1,8,2,8.000000,1.500000,4.272001872659,0.406874419306,0.406874419338,0.000000000032
12,0.30000000,51,1,2,1,3,1.000000,2.500000,3.041381265149,0.389140018876,0.389142438297,0.000002419422
12,0.30000000,52,2,2,2,3,2.000000,2.500000,2.061552812809,0.350060197543,0.350659074519,0.000598876976
12,0.30000000,53,3,2,3,3,3.000000,2.500000,1.118033988750,0.349329209120,0.388731060597,0.039401851477
12,0.30000000,54,4,2,4,3,4.000000,2.500000,0.500000000000,0.349325740399,0.582708900506,0.233383160107
12,0.30000000,55,5,2,5,3,5.000000,2.500000,1.118033988750,0.349325740399,0.388728353816,0.039402613417
12,0.30000000,56,6,2,6,3,6.000000,2.500000,2.061552812809,0.349329209120,0.349931964382,0.000602755261
12,0.30000000,57,7,2,7,3,7.000000,2.500000,3.041381265149,0.350060197540,0.350063019580,0.000002822040
12,0.30000000,58,8,2,8,3,8.000000,2.500000,4.031128874149,0.389140018874,0.389140024349,0.000000005475
12,0.30000000,59,1,3,1,4,1.000000,3.500000,3.041381265149,0.388917963938,0.388920384469,0.000002420531
12,0.30000000,60,2,3,2,4,2.000000,3.500000,2.061552812809,0.349696616393,0.350296265995,0.000599649602
12,0.30000000,61,3,3,3,4,3.000000,3.500000,1.118033988750,0.348961361864,0.388418652880,0.039457291016
12,0.30000000,62,4,3,4,4,4.000000,3.500000,0.500000000000,0.348957863549,0.582658887630,0.233701024080
12,0.30000000,63,5,3,5,4,5.000000,3.500000,1.118033988750,0.348957863552,0.388415925098,0.039458061546
12,0.30000000,64,6,3,6,4,6.000000,3.500000,2.061552812809,0.348961361864,0.349564913853,0.000603551989
12,0.30000000,65,7,3,7,4,7.000000,3.500000,3.041381265149,0.349696616393,0.349699442071,0.000002825678
12,0.30000000,66,8,3,8,4,8.000000,3.500000,4.031128874149,0.388917963939,0.388917969417,0.000000005478
12,0.30000000,67,1,4,1,5,1.000000,4.500000,3.354101966250,0.389140018873,0.389140038629,0.000000019756
12,0.30000000,68,2,4,2,5,2.000000,4.500000,2.500000000000,0.350060197539,0.350068584250,0.000008386711
12,0.30000000,69,3,4,3,5,3.000000,4.500000,1.802775637732,0.349329209124,0.350521182616,0.001191973492
12,0.30000000,70,4,4,4,5,4.000000,4.500000,1.500000000000,0.349325740400,0.388220438778,0.038894698378
12,0.30000000,71,5,4,5,5,5.000000,4.500000,1.802775637732,0.349325740396,0.350517759003,0.001192018607
12,0.30000000,72,6,4,6,5,6.000000,4.500000,2.500000000000,0.349329209120,0.349337672258,0.000008463137
12,0.30000000,73,7,4,7,5,7.000000,4.500000,3.354101966250,0.350060197539,0.350060222686,0.000000025147
12,0.30000000,74,8,4,8,5,8.000000,4.500000,4.272001872659,0.389140018874,0.389140018909,0.000000000035
12,0.30000000,75,1,5,1,6,1.000000,5.500000,3.905124837953,0.406874419305,0.406874419361,0.000000000055
12,0.30000000,76,2,5,2,6,2.000000,5.500000,3.201562118716,0.371107556871,0.371107590850,0.000000033980
12,0.30000000,77,3,5,3,6,3.000000,5.500000,2.692582403567,0.370541884933,0.370549543026,0.000007658093
12,0.30000000,78,4,5,4,6,4.000000,5.500000,2.500000000000,0.370539642057,0.371082322392,0.000542680334
12,0.30000000,79,5,5,5,6,5.000000,5.500000,2.692582403567,0.370539642058,0.370547300492,0.000007658434
12,0.30000000,80,6,5,6,6,6.000000,5.500000,3.201562118716,0.370541884934,0.370541919269,0.000000034335
12,0.30000000,81,7,5,7,6,7.000000,5.500000,3.905124837953,0.371107556870,0.371107556946,0.000000000075
12,0.30000000,82,8,5,8,6,8.000000,5.500000,4.716990566028,0.406874419306,0.406874419306,0.000000000000
13,0.32500000,1,1,1,2,1,1.500000,1.000000,3.201562118716,0.419511668976,0.419511735215,0.000000066240
13,0.32500000,2,2,1,3,1,2.500000,1.000000,2.500000000000,0.400576578112,0.400589685748,0.000013107635
13,0.32500000,3,3,1,4,1,3.500000,1.000000,2.061552812809,0.400225238584,0.401009457828,0.000784219244
13,0.32500000,4,4,1,5,1,4.500000,1.000000,2.061552812809,0.400223864845,0.401008086692,0.000784221847
13,0.32500000,5,5,1,6,1,5.500000,1.000000,2.500000000000,0.400225238586,0.400238356174,0.000013117588
13,0.32500000,6,6,1,7,1,6.500000,1.000000,3.201562118716,0.400576578110,0.400576649269,0.000000071160
13,0.32500000,7,7,1,8,1,7.500000,1.000000,4.031128874149,0.419511668974,0.419511669145,0.000000000171
13,0.32500000,8,1,2,2,2,1.500000,2.000000,2.692582403567,0.382856583922,0.382871292871,0.000014708949
13,0.32500000,9,2,2,3,2,2.500000,2.000000,1.802775637732,0.360444350116,0.362217644123,0.001773294008
13,0.32500000,10,3,2,4,2,3.500000,2.000000,1.118033988750,0.359895081540,0.402866302201,0.042971220661
13,0.32500000,11,4,2,5,2,4.500000,2.000000,1.118033988750,0.359891610923,0.402863504250,0.042971893327
13,0.32500000,12,5,2,6,2,5.500000,2.000000,1.802775637732,0.359895081544,0.361672298200,0.001777216656
13,0.32500000,13,6,2,7,2,6.500000,2.000000,2.692582403567,0.360444350116,0.360461139826,0.000016789710
13,0.32500000,14,7,2,8,2,7.500000,2.000000,3.640054944640,0.382856583922,0.382856643213,0.000000059292
13,0.32500000,15,1,3,2,3,1.500000,3.000000,2.500000000000,0.382001529616,0.382787062585,0.000785532969
13,0.32500000,16,2,3,3,3,2.500000,3.000000,1.500000000000,0.359345804566,0.401729878124,0.042384073558
13,0.32500000,17,3,3,4,3,3.500000,3.000000,0.500000000000,0.358788249379,0.558954063271,0.200165813892
13,0.32500000,18,4,3,5,3,4.500000,3.000000,0.500000000000,0.358784701691,0.558953206142,0.200168504452
13,0.32500000,19,5,3,6,3,5.500000,3.000000,1.500000000000,0.358788249376,0.401279880374,0.042491630999
13,0.32500000,20,6,3,7,3,6.500000,3.000000,2.500000000000,0.359345804569,0.360242762169,0.000896957599
13,0.32500000,21,7,3,8,3,7.500000,3.000000,3.500000000000,0.382001529616,0.382006516521,0.000004986905
13,0.32500000,22,1,4,2,4,1.500000,4.000000,2.692582403567,0.382001529618,0.382016403206,0.000014873588
13,0.32500000,23,2,4,3,4,2.500000,4.000000,1.802775637732,0.359345804566,0.361136326168,0.001790521602
13,0.32500000,24,3,4,4,4,3.500000,4.000000,1.118033988750,0.358788249374,0.402002721817,0.043214472443
13,0.32500000,25,4,4,5,4,4.500000,4.000000,1.118033988750,0.358784701695,0.401999877431,0.043215175737
13,0.32500000,26,5,4,6,4,5.500000,4.000000,1.802775637732,0.358788249376,0.360582872762,0.001794623386
13,0.32500000,27,6,4,7,4,6.500000,4.000000,2.692582403567,0.359345804569,0.359362837899,0.000017033329
13,0.32500000,28,7,4,8,4,7.500000,4.000000,3.640054944640,0.382001529617,0.382001589867,0.000000060250
13,0.32500000,29,1,5,2,5,1.500000,5.000000,3.201562118716,0.382856583923,0.382856672916,0.000000088994
13,0.32500000,30,2,5,3,5,2.500000,5.000000,2.500000000000,0.360444350116,0.360461223721,0.000016873605
13,0.32500000,31,3,5,4,5,3.500000,5.000000,2.061552812809,0.359895081539,0.360797947459,0.000902865920
13,0.32500000,32,4,5,5,5,4.500000,5.000000,2.061552812809,0.359891610925,0.360794489935,0.000902879010
13,0.32500000,33,5,5,6,5,5.500000,5.000000,2.500000000000,0.359895081544,0.359911993361,0.000016911817
13,0.32500000,34,6,5,7,5,6.500000,5.000000,3.201562118716,0.360444350114,0.360444452085,0.000000101970
13,0.32500000,35,7,5,8,5,7.500000,5.000000,4.031128874149,0.382856583923,0.382856584180,0.000000000256
13,0.32500000,36,1,6,2,6,1.500000,6.000000,3.905124837953,0.419511668974,0.419511669177,0.000000000203
13,0.32500000,37,2,6,3,6,2.500000,6.000000,3.354101966250,0.400576578112,0.400576633759,0.000000055647
13,0.32500000,38,3,6,4,6,3.500000,6.000000,3.041381265149,0.400225238582,0.400230278034,0.000005039452
13,0.32500000,39,4,6,5,6,4.500000,6.000000,3.041381265149,0.400223864847,0.400228904316,0.000005039470
13,0.32500000,40,5,6,6,6,5.500000,6.000000,3.354101966250,0.400225238588,0.400225294279,0.000000055692
13,0.32500000,41,6,6,7,6,6.500000,6.000000,3.905124837953,0.400576578111,0.400576578331,0.000000000221
13,0.32500000,42,7,6,8,6,7.500000,6.000000,4.609772228646,0.419511668973,0.419511668974,0.000000000001
13,0.32500000,43,1,1,1,2,1.000000,1.500000,3.354101966250,0.419511668976,0.419511720543,0.000000051567
13,0.32500000,44,2,1,2,2,2.000000,1.500000,2.500000000000,0.382856583920,0.382871309444,0.000014725524
13,0.32500000,45,3,1,3,2,3.000000,1.500000,1.802775637732,0.382001517767,0.383568070592,0.001566552825
13,0.32500000,46,4,1,4,2,4.000000,1.500000,1.500000000000,0.381996987554,0.418497673515,0.036500685960
13,0.32500000,47,5,1,5,2,5.000000,1.500000,1.802775637732,0.381996987553,0.383563603642,0.001566616089
13,0.32500000,48,6,1,6,2,6.000000,1.500000,2.500000000000,0.382001517765,0.382016364123,0.000014846358
13,0.32500000,49,7,1,7,2,7.000000,1.500000,3.354101966250,0.382856583921,0.382856643276,0.000000059355
13,0.32500000,50,8,1,8,2,8.000000,1.500000,4.272001872659,0.419511668978,0.419511669092,0.000000000114
13,0.32500000,51,1,2,1,3,1.000000,2.500000,3.041381265149,0.400576580619,0.400581615626,0.000005035007
13,0.32500000,52,2,2,2,3,2.000000,2.500000,2.061552812809,0.360444360495,0.361345099310,0.000900738815
13,0.32500000,53,3,2,3,3,3.000000,2.500000,1.118033988750,0.359345794142,0.402448531023,0.043102736881
13,0.32500000,54,4,2,4,3,4.000000,2.500000,0.500000000000,0.359338776174,0.559086353085,0.199747576911
13,0.32500000,55,5,2,5,3,5.000000,2.500000,1.118033988750,0.359338776174,0.402442965606,0.043104189432
13,0.32500000,56,6,2,6,3,6.000000,2.500000,2.061552812809,0.359345794142,0.360253855313,0.000908061170
13,0.32500000,57,7,2,7,3,7.000000,2.500000,3.041381265149,0.360444360491,0.360450055865,0.000005695375
13,0.32500000,58,8,2,8,3,8.000000,2.500000,4.031128874149,0.400576580617,0.400576595995,0.000000015379
13,0.32500000,59,1,3,1,4,1.000000,3.500000,3.041381265149,0.400226617329,0.400231656453,0.000005039124
13,0.32500000,60,2,3,2,4,2.000000,3.500000,2.061552812809,0.359898572909,0.360801389548,0.000902816638
13,0.32500000,61,3,3,3,4,3.000000,3.500000,1.118033988750,0.358791797011,0.402005447529,0.043213650518
13,0.32500000,62,4,3,4,4,4.000000,3.500000,0.500000000000,0.358784701692,0.558953216884,0.200168515191
13,0.32500000,63,5,3,5,4,5.000000,3.500000,1.118033988750,0.358784701696,0.401999835767,0.043215134071
13,0.32500000,64,6,3,6,4,6.000000,3.500000,2.061552812809,0.358791797011,0.359702023623,0.000910226612
13,0.32500000,65,7,3,7,4,7.000000,3.500000,3.041381265149,0.359898572909,0.359904281395,0.000005708486
13,0.32500000,66,8,3,8,4,8.000000,3.500000,4.031128874149,0.400226617331,0.400226632723,0.000000015392
13,0.32500000,67,1,4,1,5,1.000000,4.500000,3.354101966250,0.400576580616,0.400576636262,0.000000055646
13,0.32500000,68,2,4,2,5,2.000000,4.500000,2.500000000000,0.360444360489,0.360461233901,0.000016873411
13,0.32500000,69,3,4,3,5,3.000000,4.500000,1.802775637732,0.359345794148,0.361136316013,0.001790521866
13,0.32500000,70,4,4,4,5,4.000000,4.500000,1.500000000000,0.359338776176,0.401724329268,0.042385553092
13,0.32500000,71,5,4,5,5,5.000000,4.500000,1.802775637732,0.359338776171,0.361129412515,0.001790636345
13,0.32500000,72,6,4,6,5,6.000000,4.500000,2.500000000000,0.359345794142,0.359362861233,0.000017067091
13,0.32500000,73,7,4,7,5,7.000000,4.500000,3.354101966250,0.360444360489,0.360444428841,0.000000068352
13,0.32500000,74,8,4,8,5,8.000000,4.500000,4.272001872659,0.400576580616,0.400576580741,0.000000000125
13,0.32500000,75,1,5,1,6,1.000000,5.500000,3.905124837953,0.419511668978,0.419511669181,0.000000000203
13,0.32500000,76,2,5,2,6,2.000000,5.500000,3.201562118716,0.382856583922,0.382856672915,0.000000088994
13,0.32500000,77,3,5,3,6,3.000000,5.500000,2.692582403567,0.382001517765,0.382016391522,0.000014873757
13,0.32500000,78,4,5,4,6,4.000000,5.500000,2.500000000000,0.381996987554,0.382782555702,0.000785568148
13,0.32500000,79,5,5,5,6,5.000000,5.500000,2.692582403567,0.381996987555,0.382011862295,0.000014874740
13,0.32500000,80,6,5,6,6,6.000000,5.500000,3.201562118716,0.382001517766,0.382001607816,0.000000090049
13,0.32500000,81,7,5,7,6,7.000000,5.500000,3.905124837953,0.382856583921,0.382856584177,0.000000000256
13,0.32500000,82,8,5,8,6,8.000000,5.500000,4.716990566028,0.419511668978,0.419511668978,0.000000000001
14,0.35000000,1,1,1,2,1,1.500000,1.000000,3.201562118716,0.423574132596,0.423574295054,0.000000162458
14,0.35000000,2,2,1,3,1,2.500000,1.000000,2.500000000000,0.404608164833,0.404633169158,0.000025004325
14,0.35000000,3,3,1,4,1,3.500000,1.000000,2.061552812809,0.404087075760,0.405231785260,0.001144709500
14,0.35000000,4,4,1,5,1,4.500000,1.000000,2.061552812809,0.404084363936,0.405229081758,0.001144717823
14,0.35000000,5,5,1,6,1,5.500000,1.000000,2.500000000000,0.404087075763,0.404112112421,0.000025036658
14,0.35000000,6,6,1,7,1,6.500000,1.000000,3.201562118716,0.404608164829,0.404608343337,0.000000178508
14,0.35000000,7,7,1,8,1,7.500000,1.000000,4.031128874149,0.423574132594,0.423574133145,0.000000000551
14,0.35000000,8,1,2,2,2,1.500000,2.000000,2.692582403567,0.388798924134,0.388824782424,0.000025858290
14,0.35000000,9,2,2,3,2,2.500000,2.000000,1.802775637732,0.366107373246,0.368605852645,0.002498479399
14,0.35000000,10,3,2,4,2,3.500000,2.000000,1.118033988750,0.365331220690,0.410359709425,0.045028488735
14,0.35000000,11,4,2,5,2,4.500000,2.000000,1.118033988750,0.365324808138,0.410354868195,0.045030060057
14,0.35000000,12,5,2,6,2,5.500000,2.000000,1.802775637732,0.365331220695,0.367839079002,0.002507858307
14,0.35000000,13,6,2,7,2,6.500000,2.000000,2.692582403567,0.366107373246,0.366138229642,0.000030856396
14,0.35000000,14,7,2,8,2,7.500000,2.000000,3.640054944640,0.388798924134,0.388799060622,0.000000136488
14,0.35000000,15,1,3,2,3,1.500000,3.000000,2.500000000000,0.387586907446,0.388643749615,0.001056842169
14,0.35000000,16,2,3,3,3,2.500000,3.000000,1.500000000000,0.364556629407,0.408767452896,0.044210823489
14,0.35000000,17,3,3,4,3,3.500000,3.000000,0.500000000000,0.363765915078,0.540531151354,0.176765236276
14,0.35000000,18,4,3,5,3,4.500000,3.000000,0.500000000000,0.363759324540,0.540528761391,0.176769436851
14,0.35000000,19,5,3,6,3,5.500000,3.000000,1.500000000000,0.363765915073,0.408177278597,0.044411363524
14,0.35000000,20,6,3,7,3,6.500000,3.000000,2.500000000000,0.364556629412,0.365822192907,0.001265563494
14,0.35000000,21,7,3,8,3,7.500000,3.000000,3.500000000000,0.387586907446,0.387595690816,0.000008783370
14,0.35000000,22,1,4,2,4,1.500000,4.000000,2.692582403567,0.387586907449,0.387613068141,0.000026160692
14,0.35000000,23,2,4,3,4,2.500000,4.000000,1.802775637732,0.364556629407,0.367084764727,0.002528135320
14,0.35000000,24,3,4,4,4,3.500000,4.000000,1.118033988750,0.363765915070,0.409121004804,0.045355089734
14,0.35000000,25,4,4,5,4,4.500000,4.000000,1.118033988750,0.363759324545,0.409116081071,0.045356756527
14,0.35000000,26,5,4,6,4,5.500000,4.000000,1.802775637732,0.363765915073,0.366303993636,0.002538078563
14,0.35000000,27,6,4,7,4,6.500000,4.000000,2.692582403567,0.364556629412,0.364588035543,0.000031406131
14,0.35000000,28,7,4,8,4,7.500000,4.000000,3.640054944640,0.387586907447,0.387587046357,0.000000138910
14,0.35000000,29,1,5,2,5,1.500000,5.000000,3.201562118716,0.388798924136,0.388799129072,0.000000204937
14,0.35000000,30,2,5,3,5,2.500000,5.000000,2.500000000000,0.366107373246,0.366138428871,0.000031055625
14,0.35000000,31,3,5,4,5,3.500000,5.000000,2.061552812809,0.365331220689,0.366609711731,0.001278491042
14,0.35000000,32,4,5,5,5,4.500000,5.000000,2.061552812809,0.365324808141,0.366603339768,0.001278531627
14,0.35000000,33,5,5,6,5,5.500000,5.000000,2.500000000000,0.365331220695,0.365362395560,0.000031174865
14,0.35000000,34,6,5,7,5,6.500000,5.000000,3.201562118716,0.366107373245,0.366107618898,0.000000245653
14,0.35000000,35,7,5,8,5,7.500000,5.000000,4.031128874149,0.388798924136,0.388798924906,0.000000000770
14,0.35000000,36,1,6,2,6,1.500000,6.000000,3.905124837953,0.423574132594,0.423574133247,0.000000000654
14,0.35000000,37,2,6,3,6,2.500000,6.000000,3.354101966250,0.404608164833,0.404608303860,0.000000139027
14,0.35000000,38,3,6,4,6,3.500000,6.000000,3.041381265149,0.404087075757,0.404096676746,0.000009600989
14,0.35000000,39,4,6,5,6,4.500000,6.000000,3.041381265149,0.404084363939,0.404093965000,0.000009601061
14,0.35000000,40,5,6,6,6,5.500000,6.000000,3.354101966250,0.404087075765,0.404087214980,0.000000139215
14,0.35000000,41,6,6,7,6,6.500000,6.000000,3.905124837953,0.404608164831,0.404608165554,0.000000000723
14,0.35000000,42,7,6,8,6,7.500000,6.000000,4.609772228646,0.423574132593,0.423574132595,0.000000000002
14,0.35000000,43,1,1,1,2,1.000000,1.500000,3.354101966250,0.423574132601,0.423574258403,0.000000125801
14,0.35000000,44,2,1,2,2,2.000000,1.500000,2.500000000000,0.388798924126,0.388824825505,0.000025901379
14,0.35000000,45,3,1,3,2,3.000000,1.500000,1.802775637732,0.387586879151,0.389698354734,0.002111475584
14,0.35000000,46,4,1,4,2,4.000000,1.500000,1.500000000000,0.387578519776,0.423343170782,0.035764651007
14,0.35000000,47,5,1,5,2,5.000000,1.500000,1.802775637732,0.387578519774,0.389690091405,0.002111571631
14,0.35000000,48,6,1,6,2,6.000000,1.500000,2.500000000000,0.387586879148,0.387612985250,0.000026106102
14,0.35000000,49,7,1,7,2,7.000000,1.500000,3.354101966250,0.388798924127,0.388799060836,0.000000136710
14,0.35000000,50,8,1,8,2,8.000000,1.500000,4.272001872659,0.423574132604,0.423574132967,0.000000000363
14,0.35000000,51,1,2,1,3,1.000000,2.500000,3.041381265149,0.404608171381,0.404617758161,0.000009586780
14,0.35000000,52,2,2,2,3,2.000000,2.500000,2.061552812809,0.366107398272,0.367380808443,0.001273410172
14,0.35000000,53,3,2,3,3,3.000000,2.500000,1.118033988750,0.364556604196,0.409707864405,0.045151260210
14,0.35000000,54,4,2,4,3,4.000000,2.500000,0.500000000000,0.364543602478,0.540812394435,0.176268791957
14,0.35000000,55,5,2,5,3,5.000000,2.500000,1.118033988750,0.364543602478,0.409697376265,0.045153773788
14,0.35000000,56,6,2,6,3,6.000000,2.500000,2.061552812809,0.364556604196,0.365842533440,0.001285929244
14,0.35000000,57,7,2,7,3,7.000000,2.500000,3.041381265149,0.366107398267,0.366117918506,0.000010520239
14,0.35000000,58,8,2,8,3,8.000000,2.500000,4.031128874149,0.404608171378,0.404608209721,0.000000038343
14,0.35000000,59,1,3,1,4,1.000000,3.500000,3.041381265149,0.404089800658,0.404099400724,0.000009600066
14,0.35000000,60,2,3,2,4,2.000000,3.500000,2.061552812809,0.365337683283,0.366616073749,0.001278390466
14,0.35000000,61,3,3,3,4,3.000000,3.500000,1.118033988750,0.363772505399,0.409126542981,0.045354037582
14,0.35000000,62,4,3,4,4,4.000000,3.500000,0.500000000000,0.363759324541,0.540528802035,0.176769477493
14,0.35000000,63,5,3,5,4,5.000000,3.500000,1.118033988750,0.363759324547,0.409115972552,0.045356648005
14,0.35000000,64,6,3,6,4,6.000000,3.500000,2.061552812809,0.363772505399,0.365063691724,0.001291186325
14,0.35000000,65,7,3,7,4,7.000000,3.500000,3.041381265149,0.365337683283,0.365348244530,0.000010561247
14,0.35000000,66,8,3,8,4,8.000000,3.500000,4.031128874149,0.404089800661,0.404089839058,0.000000038397
14,0.35000000,67,1,4,1,5,1.000000,4.500000,3.354101966250,0.404608171376,0.404608310400,0.000000139024
14,0.35000000,68,2,4,2,5,2.000000,4.500000,2.500000000000,0.366107398265,0.366138453293,0.000031055027
14,0.35000000,69,3,4,3,5,3.000000,4.500000,1.802775637732,0.364556604203,0.367084740408,0.002528136205
14,0.35000000,70,4,4,4,5,4.000000,4.500000,1.500000000000,0.364543602480,0.408757049277,0.044213446797
14,0.35000000,71,5,4,5,5,5.000000,4.500000,1.802775637732,0.364543602473,0.367071994799,0.002528392326
14,0.35000000,72,6,4,6,5,6.000000,4.500000,2.500000000000,0.364556604196,0.364588091662,0.000031487466
14,0.35000000,73,7,4,7,5,7.000000,4.500000,3.354101966250,0.366107398265,0.366107563172,0.000000164906
14,0.35000000,74,8,4,8,5,8.000000,4.500000,4.272001872659,0.404608171377,0.404608171781,0.000000000405
14,0.35000000,75,1,5,1,6,1.000000,5.500000,3.905124837953,0.423574132603,0.423574133257,0.000000000654
14,0.35000000,76,2,5,2,6,2.000000,5.500000,3.201562118716,0.388798924128,0.388799129065,0.000000204937
14,0.35000000,77,3,5,3,6,3.000000,5.500000,2.692582403567,0.387586879148,0.387613040331,0.000026161184
14,0.35000000,78,4,5,4,6,4.000000,5.500000,2.500000000000,0.387578519775,0.388635417430,0.001056897655
14,0.35000000,79,5,5,5,6,5.000000,5.500000,2.692582403567,0.387578519776,0.387604683133,0.000026163356
14,0.35000000,80,6,5,6,6,6.000000,5.500000,3.201562118716,0.387586879150,0.387587086602,0.000000207452
14,0.35000000,81,7,5,7,6,7.000000,5.500000,3.905124837953,0.388798924127,0.388798924897,0.000000000770
14,0.35000000,82,8,5,8,6,8.000000,5.500000,4.716990566028,0.423574132603,0.423574132605,0.000000000002
15,0.37500000,1,1,1,2,1,1.500000,1.000000,3.201562118716,0.419740853545,0.419741211460,0.000000357915
15,0.37500000,2,2,1,3,1,2.500000,1.000000,2.500000000000,0.402105665881,0.402149831701,0.000044165820
15,0.37500000,3,3,1,4,1,3.500000,1.000000,2.061552812809,0.401374276055,0.402957577668,0.001583301613
15,0.37500000,4,4,1,5,1,4.500000,1.000000,2.061552812809,0.401369308437,0.402952633460,0.001583325023
15,0.37500000,5,5,1,6,1,5.500000,1.000000,2.500000000000,0.401374276059,0.401418534698,0.000044258639
15,0.37500000,6,6,1,7,1,6.500000,1.000000,3.201562118716,0.402105665876,0.402106069915,0.000000404039
15,0.37500000,7,7,1,8,1,7.500000,1.000000,4.031128874149,0.419740853543,0.419740855108,0.000000001565
15,0.37500000,8,1,2,2,2,1.500000,2.000000,2.692582403567,0.389868704113,0.389910357086,0.000041652973
15,0.37500000,9,2,2,3,2,2.500000,2.000000,1.802775637732,0.368048873619,0.371382481179,0.003333607560
15,0.37500000,10,3,2,4,2,3.500000,2.000000,1.118033988750,0.367010536346,0.412298540755,0.045288004409
15,0.37500000,11,4,2,5,2,4.500000,2.000000,1.118033988750,0.366999553920,0.412290857021,0.045291303102
15,0.37500000,12,5,2,6,2,5.500000,2.000000,1.802775637732,0.367010536351,0.370364417772,0.003353881421
15,0.37500000,13,6,2,7,2,6.500000,2.000000,2.692582403567,0.368048873619,0.368101375067,0.000052501448
15,0.37500000,14,7,2,8,2,7.500000,2.000000,3.640054944640,0.389868704113,0.389868984808,0.000000280695
15,0.37500000,15,1,3,2,3,1.500000,3.000000,2.500000000000,0.388246866760,0.389573794423,0.001326927663
15,0.37500000,16,2,3,3,3,2.500000,3.000000,1.500000000000,0.365977991254,0.410192559000,0.044214567746
15,0.37500000,17,3,3,4,3,3.500000,3.000000,0.500000000000,0.364916089172,0.527008713981,0.162092624808
15,0.37500000,18,4,3,5,3,4.500000,3.000000,0.500000000000,0.364904737351,0.527003028663,0.162098291312
15,0.37500000,19,5,3,6,3,5.500000,3.000000,1.500000000000,0.364916089167,0.409477160116,0.044561070948
15,0.37500000,20,6,3,7,3,6.500000,3.000000,2.500000000000,0.365977991261,0.367667529780,0.001689538519
15,0.37500000,21,7,3,8,3,7.500000,3.000000,3.500000000000,0.388246866760,0.388261011797,0.000014145038
15,0.37500000,22,1,4,2,4,1.500000,4.000000,2.692582403567,0.388246866763,0.388288943790,0.000042077027
15,0.37500000,23,2,4,3,4,2.500000,4.000000,1.802775637732,0.365977991254,0.369358253393,0.003380262140
15,0.37500000,24,3,4,4,4,3.500000,4.000000,1.118033988750,0.364916089163,0.410616288153,0.045700198991
15,0.37500000,25,4,4,5,4,4.500000,4.000000,1.118033988750,0.364904737358,0.410608497564,0.045703760207
15,0.37500000,26,5,4,6,4,5.500000,4.000000,1.802775637732,0.364916089167,0.368318199113,0.003402109946
15,0.37500000,27,6,4,7,4,6.500000,4.000000,2.692582403567,0.365977991261,0.366031600973,0.000053609713
15,0.37500000,28,7,4,8,4,7.500000,4.000000,3.640054944640,0.388246866761,0.388247152305,0.000000285544
15,0.37500000,29,1,5,2,5,1.500000,5.000000,3.201562118716,0.389868704115,0.389869125761,0.000000421645
15,0.37500000,30,2,5,3,5,2.500000,5.000000,2.500000000000,0.368048873620,0.368101801313,0.000052927693
15,0.37500000,31,3,5,4,5,3.500000,5.000000,2.061552812809,0.367010536344,0.368726121436,0.001715585092
15,0.37500000,32,4,5,5,5,4.500000,5.000000,2.061552812809,0.366999553924,0.368715250087,0.001715696163
15,0.37500000,33,5,5,6,5,5.500000,5.000000,2.500000000000,0.367010536353,0.367063792811,0.000053256459
15,0.37500000,34,6,5,7,5,6.500000,5.000000,3.201562118716,0.368048873618,0.368049407754,0.000000534136
15,0.37500000,35,7,5,8,5,7.500000,5.000000,4.031128874149,0.389868704116,0.389868706146,0.000000002029
15,0.37500000,36,1,6,2,6,1.500000,6.000000,3.905124837953,0.419740853543,0.419740855388,0.000000001845
15,0.37500000,37,2,6,3,6,2.500000,6.000000,3.354101966250,0.402105665880,0.402105979213,0.000000313332
15,0.37500000,38,3,6,4,6,3.500000,6.000000,3.041381265149,0.401374276051,0.401391215994,0.000016939943
15,0.37500000,39,4,6,5,6,4.500000,6.000000,3.041381265149,0.401369308442,0.401386248645,0.000016940203
15,0.37500000,40,5,6,6,6,5.500000,6.000000,3.354101966250,0.401374276062,0.401374590083,0.000000314021
15,0.37500000,41,6,6,7,6,6.500000,6.000000,3.905124837953,0.402105665878,0.402105667976,0.000000002097
15,0.37500000,42,7,6,8,6,7.500000,6.000000,4.609772228646,0.419740853542,0.419740853548,0.000000000006
15,0.37500000,43,1,1,1,2,1.000000,1.500000,3.354101966250,0.419740853566,0.419741129156,0.000000275590
15,0.37500000,44,2,1,2,2,2.000000,1.500000,2.500000000000,0.389868704084,0.389910458623,0.000041754539
15,0.37500000,45,3,1,3,2,3.000000,1.500000,1.802775637732,0.388246805967,0.390908931903,0.002662125936
15,0.37500000,46,4,1,4,2,4.000000,1.500000,1.500000000000,0.388232542165,0.420957880060,0.032725337895
15,0.37500000,47,5,1,5,2,5.000000,1.500000,1.802775637732,0.388232542164,0.390894737756,0.002662195592
15,0.37500000,48,6,1,6,2,6.000000,1.500000,2.500000000000,0.388246805964,0.388288792304,0.000041986340
15,0.37500000,49,7,1,7,2,7.000000,1.500000,3.354101966250,0.389868704085,0.389868985457,0.000000281372
15,0.37500000,50,8,1,8,2,8.000000,1.500000,4.272001872659,0.419740853569,0.419740854585,0.000000001016
15,0.37500000,51,1,2,1,3,1.000000,2.500000,3.041381265149,0.402105681355,0.402122581282,0.000016899927
15,0.37500000,52,2,2,2,3,2.000000,2.500000,2.061552812809,0.368048928083,0.369753539426,0.001704611343
15,0.37500000,53,3,2,3,3,3.000000,2.500000,1.118033988750,0.365977936128,0.411334762180,0.045356826053
15,0.37500000,54,4,2,4,3,4.000000,2.500000,0.500000000000,0.365955606793,0.527531614347,0.161576007554
15,0.37500000,55,5,2,5,3,5.000000,2.500000,1.118033988750,0.365955606794,0.411316406518,0.045360799725
15,0.37500000,56,6,2,6,3,6.000000,2.500000,2.061552812809,0.365977936129,0.367702056962,0.001724120833
15,0.37500000,57,7,2,7,3,7.000000,2.500000,3.041381265149,0.368048928077,0.368066931203,0.000018003126
15,0.37500000,58,8,2,8,3,8.000000,2.500000,4.031128874149,0.402105681351,0.402105767608,0.000000086257
15,0.37500000,59,1,3,1,4,1.000000,3.500000,3.041381265149,0.401379274561,0.401396212344,0.000016937783
15,0.37500000,60,2,3,2,4,2.000000,3.500000,2.061552812809,0.367021627674,0.368737037474,0.001715409800
15,0.37500000,61,3,3,3,4,3.000000,3.500000,1.118033988750,0.364927440231,0.410626705342,0.045699265111
15,0.37500000,62,4,3,4,4,4.000000,3.500000,0.500000000000,0.364904737352,0.527003153313,0.162098415961
15,0.37500000,63,5,3,5,4,5.000000,3.500000,1.118033988750,0.364904737359,0.410608243156,0.045703505797
15,0.37500000,64,6,3,6,4,6.000000,3.500000,2.061552812809,0.364927440231,0.366663133893,0.001735693662
15,0.37500000,65,7,3,7,4,7.000000,3.500000,3.041381265149,0.367021627674,0.367039744169,0.000018116495
15,0.37500000,66,8,3,8,4,8.000000,3.500000,4.031128874149,0.401379274564,0.401379361017,0.000000086453
15,0.37500000,67,1,4,1,5,1.000000,4.500000,3.354101966250,0.402105681349,0.402105994669,0.000000313320
15,0.37500000,68,2,4,2,5,2.000000,4.500000,2.500000000000,0.368048928075,0.368101854155,0.000052926080
15,0.37500000,69,3,4,3,5,3.000000,4.500000,1.802775637732,0.365977936137,0.369358200903,0.003380264766
15,0.37500000,70,4,4,4,5,4.000000,4.500000,1.500000000000,0.365955606796,0.410174495224,0.044218888428
15,0.37500000,71,5,4,5,5,5.000000,4.500000,1.802775637732,0.365955606787,0.369336383146,0.003380776359
15,0.37500000,72,6,4,6,5,6.000000,4.500000,2.500000000000,0.365977936128,0.366031722864,0.000053786736
15,0.37500000,73,7,4,7,5,7.000000,4.500000,3.354101966250,0.368048928075,0.368049287267,0.000000359192
15,0.37500000,74,8,4,8,5,8.000000,4.500000,4.272001872659,0.402105681349,0.402105682515,0.000000001166
15,0.37500000,75,1,5,1,6,1.000000,5.500000,3.905124837953,0.419740853569,0.419740855413,0.000000001845
15,0.37500000,76,2,5,2,6,2.000000,5.500000,3.201562118716,0.389868704087,0.389869125732,0.000000421645
15,0.37500000,77,3,5,3,6,3.000000,5.500000,2.692582403567,0.388246805963,0.388288884216,0.000042078253
15,0.37500000,78,4,5,4,6,4.000000,5.500000,2.500000000000,0.388232542165,0.389559517615,0.001326975450
15,0.37500000,79,5,5,5,6,5.000000,5.500000,2.692582403567,0.388232542166,0.388274623540,0.000042081374
15,0.37500000,80,6,5,6,6,6.000000,5.500000,3.201562118716,0.388246805966,0.388247232048,0.000000426082
15,0.37500000,81,7,5,7,6,7.000000,5.500000,3.905124837953,0.389868704085,0.389868706116,0.000000002030
15,0.37500000,82,8,5,8,6,8.000000,5.500000,4.716990566028,0.419740853569,0.419740853574,0.000000000005
16,0.40000000,1,1,1,2,1,1.500000,1.000000,3.201562118716,0.409098527776,0.409099245655,0.000000717879
16,0.40000000,2,2,1,3,1,2.500000,1.000000,2.500000000000,0.394236955338,0.394309890359,0.000072935021
16,0.40000000,3,3,1,4,1,3.500000,1.000000,2.061552812809,0.393260634098,0.395348014862,0.002087380764
16,0.40000000,4,4,1,5,1,4.500000,1.000000,2.061552812809,0.393252109753,0.395339549284,0.002087439531
16,0.40000000,5,5,1,6,1,5.500000,1.000000,2.500000000000,0.393260634103,0.393333808076,0.000073173973
16,0.40000000,6,6,1,7,1,6.500000,1.000000,3.201562118716,0.394236955332,0.394237791780,0.000000836448
16,0.40000000,7,7,1,8,1,7.500000,1.000000,4.031128874149,0.409098527773,0.409098531730,0.000000003957
16,0.40000000,8,1,2,2,2,1.500000,2.000000,2.692582403567,0.387140297272,0.387202274098,0.000061976826
16,0.40000000,9,2,2,3,2,2.500000,2.000000,1.802775637732,0.367302724653,0.371540185649,0.004237460996
16,0.40000000,10,3,2,4,2,3.500000,2.000000,1.118033988750,0.365980069565,0.409719540519,0.043739470954
16,0.40000000,11,4,2,5,2,4.500000,2.000000,1.118033988750,0.365962458517,0.409708224321,0.043745765805
16,0.40000000,12,5,2,6,2,5.500000,2.000000,1.802775637732,0.365980069572,0.370257627821,0.004277558249
16,0.40000000,13,6,2,7,2,6.500000,2.000000,2.692582403567,0.367302724653,0.367386244608,0.000083519955
16,0.40000000,14,7,2,8,2,7.500000,2.000000,3.640054944640,0.387140297272,0.387140819439,0.000000522168
16,0.40000000,15,1,3,2,3,1.500000,3.000000,2.500000000000,0.385081546226,0.386637746962,0.001556200736
16,0.40000000,16,2,3,3,3,2.500000,3.000000,1.500000000000,0.364672475508,0.407073968231,0.042401492723
16,0.40000000,17,3,3,4,3,3.500000,3.000000,0.500000000000,0.363314413638,0.517867375013,0.154552961375
16,0.40000000,18,4,3,5,3,4.500000,3.000000,0.500000000000,0.363296105383,0.517855329371,0.154559223988
16,0.40000000,19,5,3,6,3,5.500000,3.000000,1.500000000000,0.363314413630,0.406275667648,0.042961254018
16,0.40000000,20,6,3,7,3,6.500000,3.000000,2.500000000000,0.364672475516,0.366818232211,0.002145756695
16,0.40000000,21,7,3,8,3,7.500000,3.000000,3.500000000000,0.385081546226,0.385102503485,0.000020957259
16,0.40000000,22,1,4,2,4,1.500000,4.000000,2.692582403567,0.385081546231,0.385143836875,0.000062290644
16,0.40000000,23,2,4,3,4,2.500000,4.000000,1.802775637732,0.364672475508,0.368977226991,0.004304751484
16,0.40000000,24,3,4,4,4,3.500000,4.000000,1.118033988750,0.363314413625,0.407542884058,0.044228470433
16,0.40000000,25,4,4,5,4,4.500000,4.000000,1.118033988750,0.363296105392,0.407531517573,0.044235412181
16,0.40000000,26,5,4,6,4,5.500000,4.000000,1.802775637732,0.363314413630,0.367663209225,0.004348795595
16,0.40000000,27,6,4,7,4,6.500000,4.000000,2.692582403567,0.364672475516,0.364758007718,0.000085532202
16,0.40000000,28,7,4,8,4,7.500000,4.000000,3.640054944640,0.385081546228,0.385082075145,0.000000528917
16,0.40000000,29,1,5,2,5,1.500000,5.000000,3.201562118716,0.387140297274,0.387141082090,0.000000784815
16,0.40000000,30,2,5,3,5,2.500000,5.000000,2.500000000000,0.367302724653,0.367387077181,0.000084352528
16,0.40000000,31,3,5,4,5,3.500000,5.000000,2.061552812809,0.365980069562,0.368174684359,0.002194614797
16,0.40000000,32,4,5,5,5,4.500000,5.000000,2.061552812809,0.365962458520,0.368157345781,0.002194887260
16,0.40000000,33,5,5,6,5,5.500000,5.000000,2.500000000000,0.365980069571,0.366065235533,0.000085165961
16,0.40000000,34,6,5,7,5,6.500000,5.000000,3.201562118716,0.367302724650,0.367303787569,0.000001062918
16,0.40000000,35,7,5,8,5,7.500000,5.000000,4.031128874149,0.387140297275,0.387140302021,0.000000004745
16,0.40000000,36,1,6,2,6,1.500000,6.000000,3.905124837953,0.409098527772,0.409098532408,0.000000004636
16,0.40000000,37,2,6,3,6,2.500000,6.000000,3.354101966250,0.394236955338,0.394237601077,0.000000645740
16,0.40000000,38,3,6,4,6,3.500000,6.000000,3.041381265149,0.393260634092,0.393288582115,0.000027948023
16,0.40000000,39,4,6,5,6,4.500000,6.000000,3.041381265149,0.393252109756,0.393280058604,0.000027948848
16,0.40000000,40,5,6,6,6,5.500000,6.000000,3.354101966250,0.393260634105,0.393261282059,0.000000647954
16,0.40000000,41,6,6,7,6,6.500000,6.000000,3.905124837953,0.394236955334,0.394236960778,0.000000005444
16,0.40000000,42,7,6,8,6,7.500000,6.000000,4.609772228646,0.409098527771,0.409098527791,0.000000000020
16,0.40000000,43,1,1,1,2,1.000000,1.500000,3.354101966250,0.409098527837,0.409099077310,0.000000549473
16,0.40000000,44,2,1,2,2,2.000000,1.500000,2.500000000000,0.387140297188,0.387202494141,0.000062196953
16,0.40000000,45,3,1,3,2,3.000000,1.500000,1.802775637732,0.385081427060,0.388229058403,0.003147631342
16,0.40000000,46,4,1,4,2,4.000000,1.500000,1.500000000000,0.385058698147,0.412567106188,0.027508408041
16,0.40000000,47,5,1,5,2,5.000000,1.500000,1.802775637732,0.385058698145,0.388206153946,0.003147455801
16,0.40000000,48,6,1,6,2,6.000000,1.500000,2.500000000000,0.385081427057,0.385143602362,0.000062175306
16,0.40000000,49,7,1,7,2,7.000000,1.500000,3.354101966250,0.387140297190,0.387140821210,0.000000524021
16,0.40000000,50,8,1,8,2,8.000000,1.500000,4.272001872659,0.409098527841,0.409098530378,0.000000002537
16,0.40000000,51,1,2,1,3,1.000000,2.500000,3.041381265149,0.394236988862,0.394264836158,0.000027847296
16,0.40000000,52,2,2,2,3,2.000000,2.500000,2.061552812809,0.367302833152,0.369475758782,0.002172925631
16,0.40000000,53,3,2,3,3,3.000000,2.500000,1.118033988750,0.364672364941,0.408362090736,0.043689725794
16,0.40000000,54,4,2,4,3,4.000000,2.500000,0.500000000000,0.364636461231,0.518751071633,0.154114610402
16,0.40000000,55,5,2,5,3,5.000000,2.500000,1.118033988750,0.364636461231,0.408331927371,0.043695466140
16,0.40000000,56,6,2,6,3,6.000000,2.500000,2.061552812809,0.364672364942,0.366873034232,0.002200669290
16,0.40000000,57,7,2,7,3,7.000000,2.500000,3.041381265149,0.367302833144,0.367331654984,0.000028821840
16,0.40000000,58,8,2,8,3,8.000000,2.500000,4.031128874149,0.394236988857,0.394237166302,0.000000177445
16,0.40000000,59,1,3,1,4,1.000000,3.500000,3.041381265149,0.393269225328,0.393297169285,0.000027943957
16,0.40000000,60,2,3,2,4,2.000000,3.500000,2.061552812809,0.365997897546,0.368192259228,0.002194361682
16,0.40000000,61,3,3,3,4,3.000000,3.500000,1.118033988750,0.363332719480,0.407561187963,0.044228468483
16,0.40000000,62,4,3,4,4,4.000000,3.500000,0.500000000000,0.363296105387,0.517855658411,0.154559553024
16,0.40000000,63,5,3,5,4,5.000000,3.500000,1.118033988750,0.363296105396,0.407530974307,0.044234868911
16,0.40000000,64,6,3,6,4,6.000000,3.500000,2.061552812809,0.363332719480,0.365556773513,0.002224054033
16,0.40000000,65,7,3,7,4,7.000000,3.500000,3.041381265149,0.365997897546,0.366027000740,0.000029103195
16,0.40000000,66,8,3,8,4,8.000000,3.500000,4.031128874149,0.393269225332,0.393269403407,0.000000178074
16,0.40000000,67,1,4,1,5,1.000000,4.500000,3.354101966250,0.394236988854,0.394237634556,0.000000645701
16,0.40000000,68,2,4,2,5,2.000000,4.500000,2.500000000000,0.367302833142,0.367387181808,0.000084348666
16,0.40000000,69,3,4,3,5,3.000000,4.500000,1.802775637732,0.364672364954,0.368977123439,0.004304758485
16,0.40000000,70,4,4,4,5,4.000000,4.500000,1.500000000000,0.364636461235,0.407044622179,0.042408160944
16,0.40000000,71,5,4,5,5,5.000000,4.500000,1.802775637732,0.364636461224,0.368942138887,0.004305677664
16,0.40000000,72,6,4,6,5,6.000000,4.500000,2.500000000000,0.364672364943,0.364758250344,0.000085885401
16,0.40000000,73,7,4,7,5,7.000000,4.500000,3.354101966250,0.367302833141,0.367303549323,0.000000716182
16,0.40000000,74,8,4,8,5,8.000000,4.500000,4.272001872659,0.394236988855,0.394236991868,0.000000003013
16,0.40000000,75,1,5,1,6,1.000000,5.500000,3.905124837953,0.409098527840,0.409098532476,0.000000004636
16,0.40000000,76,2,5,2,6,2.000000,5.500000,3.201562118716,0.387140297191,0.387141082007,0.000000784816
16,0.40000000,77,3,5,3,6,3.000000,5.500000,2.692582403567,0.385081427055,0.385143720317,0.000062293262
16,0.40000000,78,4,5,4,6,4.000000,5.500000,2.500000000000,0.385058698146,0.386614828096,0.001556129950
16,0.40000000,79,5,5,5,6,5.000000,5.500000,2.692582403567,0.385058698147,0.385120990972,0.000062292825
16,0.40000000,80,6,5,6,6,6.000000,5.500000,3.201562118716,0.385081427058,0.385082215727,0.000000788668
16,0.40000000,81,7,5,7,6,7.000000,5.500000,3.905124837953,0.387140297190,0.387140301939,0.000000004749
16,0.40000000,82,8,5,8,6,8.000000,5.500000,4.716990566028,0.409098527840,0.409098527857,0.000000000017
17,0.42500000,1,1,1,2,1,1.500000,1.000000,3.201562118716,0.393033968222,0.393035293487,0.000001325266
17,0.42500000,2,2,1,3,1,2.500000,1.000000,2.500000000000,0.382346273098,0.382459780025,0.000113506927
17,0.42500000,3,3,1,4,1,3.500000,1.000000,2.061552812809,0.381102415093,0.383737873660,0.002635458567
17,0.42500000,4,4,1,5,1,4.500000,1.000000,2.061552812809,0.381088606769,0.383724198440,0.002635591671
17,0.42500000,5,5,1,6,1,5.500000,1.000000,2.500000000000,0.381102415099,0.381216480476,0.000114065376
17,0.42500000,6,6,1,7,1,6.500000,1.000000,3.201562118716,0.382346273090,0.382347874552,0.000001601462
17,0.42500000,7,7,1,8,1,7.500000,1.000000,4.031128874149,0.393033968218,0.393033977249,0.000000009031
17,0.42500000,8,1,2,2,2,1.500000,2.000000,2.692582403567,0.381717711554,0.381803393722,0.000085682168
17,0.42500000,9,2,2,3,2,2.500000,2.000000,1.802775637732,0.364837617113,0.369993660896,0.005156043783
17,0.42500000,10,3,2,4,2,3.500000,2.000000,1.118033988750,0.363226362762,0.403754252922,0.040527890160
17,0.42500000,11,4,2,5,2,4.500000,2.000000,1.118033988750,0.363199700937,0.403738607684,0.040538906747
17,0.42500000,12,5,2,6,2,5.500000,2.000000,1.802775637732,0.363226362770,0.368455676566,0.005229313796
17,0.42500000,13,6,2,7,2,6.500000,2.000000,2.692582403567,0.364837617113,0.364962840257,0.000125223144
17,0.42500000,14,7,2,8,2,7.500000,2.000000,3.640054944640,0.381717711553,0.381718598665,0.000000887112
17,0.42500000,15,1,3,2,3,1.500000,3.000000,2.500000000000,0.379230627044,0.380929699033,0.001699071989
17,0.42500000,16,2,3,3,3,2.500000,3.000000,1.500000000000,0.361647977956,0.400581804423,0.038933826467
17,0.42500000,17,3,3,4,3,3.500000,3.000000,0.500000000000,0.359987040920,0.512497887656,0.152510846736
17,0.42500000,18,4,3,5,3,4.500000,3.000000,0.500000000000,0.359959171777,0.512474592717,0.152515420940
17,0.42500000,19,5,3,6,3,5.500000,3.000000,1.500000000000,0.359987040910,0.399772409647,0.039785368737
17,0.42500000,20,6,3,7,3,6.500000,3.000000,2.500000000000,0.361647977967,0.364250770232,0.002602792265
17,0.42500000,21,7,3,8,3,7.500000,3.000000,3.500000000000,0.379230627044,0.379259267695,0.000028640651
17,0.42500000,22,1,4,2,4,1.500000,4.000000,2.692582403567,0.379230627050,0.379315776673,0.000085149622
17,0.42500000,23,2,4,3,4,2.500000,4.000000,1.802775637732,0.361647977957,0.366892747604,0.005244769647
17,0.42500000,24,3,4,4,4,3.500000,4.000000,1.118033988750,0.359987040903,0.401057265886,0.041070224982
17,0.42500000,25,4,4,5,4,4.500000,4.000000,1.118033988750,0.359959171788,0.401041860385,0.041082688597
17,0.42500000,26,5,4,6,4,5.500000,4.000000,1.802775637732,0.359987040910,0.365314093502,0.005327052592
17,0.42500000,27,6,4,7,4,6.500000,4.000000,2.692582403567,0.361647977967,0.361776500955,0.000128522988
17,0.42500000,28,7,4,8,4,7.500000,4.000000,3.640054944640,0.379230627047,0.379231515795,0.000000888749
17,0.42500000,29,1,5,2,5,1.500000,5.000000,3.201562118716,0.381717711558,0.381719045922,0.000001334364
17,0.42500000,30,2,5,3,5,2.500000,5.000000,2.500000000000,0.364837617115,0.364964340718,0.000126723603
17,0.42500000,31,3,5,4,5,3.500000,5.000000,2.061552812809,0.363226362759,0.365915222890,0.002688860131
17,0.42500000,32,4,5,5,5,4.500000,5.000000,2.061552812809,0.363199700943,0.365889167734,0.002689466791
17,0.42500000,33,5,5,6,5,5.500000,5.000000,2.500000000000,0.363226362771,0.363354915660,0.000128552889
17,0.42500000,34,6,5,7,5,6.500000,5.000000,3.201562118716,0.364837617111,0.364839574950,0.000001957839
17,0.42500000,35,7,5,8,5,7.500000,5.000000,4.031128874149,0.381717711559,0.381717721509,0.000000009950
17,0.42500000,36,1,6,2,6,1.500000,6.000000,3.905124837953,0.393033968218,0.393033978731,0.000000010512
17,0.42500000,37,2,6,3,6,2.500000,6.000000,3.354101966250,0.382346273099,0.382347503507,0.000001230408
17,0.42500000,38,3,6,4,6,3.500000,6.000000,3.041381265149,0.381102415087,0.381145870365,0.000043455278
17,0.42500000,39,4,6,5,6,4.500000,6.000000,3.041381265149,0.381088606774,0.381132064377,0.000043457603
17,0.42500000,40,5,6,6,6,5.500000,6.000000,3.354101966250,0.381102415102,0.381103651855,0.000001236753
17,0.42500000,41,6,6,7,6,6.500000,6.000000,3.905124837953,0.382346273095,0.382346285907,0.000000012813
17,0.42500000,42,7,6,8,6,7.500000,6.000000,4.609772228646,0.393033968217,0.393033968273,0.000000000056
17,0.42500000,43,1,1,1,2,1.000000,1.500000,3.354101966250,0.393033968374,0.393034976483,0.000001008109
17,0.42500000,44,2,1,2,2,2.000000,1.500000,2.500000000000,0.381717711334,0.381803837274,0.000086125939
17,0.42500000,45,3,1,3,2,3.000000,1.500000,1.802775637732,0.379230411430,0.382719259148,0.003488847718
17,0.42500000,46,4,1,4,2,4.000000,1.500000,1.500000000000,0.379196312928,0.399650108826,0.020453795898
17,0.42500000,47,5,1,5,2,5.000000,1.500000,1.802775637732,0.379196312925,0.382684183793,0.003487870868
17,0.42500000,48,6,1,6,2,6.000000,1.500000,2.500000000000,0.379230411425,0.379315488325,0.000085076899
17,0.42500000,49,7,1,7,2,7.000000,1.500000,3.354101966250,0.381717711337,0.381718603075,0.000000891738
17,0.42500000,50,8,1,8,2,8.000000,1.500000,4.272001872659,0.393033968379,0.393033974098,0.000000005718
17,0.42500000,51,1,2,1,3,1.000000,2.500000,3.041381265149,0.382346340392,0.382389566339,0.000043225947
17,0.42500000,52,2,2,2,3,2.000000,2.500000,2.061552812809,0.364837817239,0.367487064335,0.002649247096
17,0.42500000,53,3,2,3,3,3.000000,2.500000,1.118033988750,0.361647772038,0.401925402474,0.040277630436
17,0.42500000,54,4,2,4,3,4.000000,2.500000,0.500000000000,0.361593285488,0.513884560479,0.152291274991
17,0.42500000,55,5,2,5,3,5.000000,2.500000,1.118033988750,0.361593285488,0.401878429097,0.040285143608
17,0.42500000,56,6,2,6,3,6.000000,2.500000,2.061552812809,0.361647772038,0.364332778216,0.002685006178
17,0.42500000,57,7,2,7,3,7.000000,2.500000,3.041381265149,0.364837817230,0.364881325609,0.000043508380
17,0.42500000,58,8,2,8,3,8.000000,2.500000,4.031128874149,0.382346340386,0.382346677862,0.000000337475
17,0.42500000,59,1,3,1,4,1.000000,3.500000,3.041381265149,0.381116357602,0.381159807500,0.000043449898
17,0.42500000,60,2,3,2,4,2.000000,3.500000,2.061552812809,0.363253424683,0.365942014733,0.002688590050
17,0.42500000,61,3,3,3,4,3.000000,3.500000,1.118033988750,0.360014903157,0.401087529817,0.041072626660
17,0.42500000,62,4,3,4,4,4.000000,3.500000,0.500000000000,0.359959171782,0.512475364851,0.152516193068
17,0.42500000,63,5,3,5,4,5.000000,3.500000,1.118033988750,0.359959171794,0.401040793777,0.041081621983
17,0.42500000,64,6,3,6,4,6.000000,3.500000,2.061552812809,0.360014903157,0.362743719976,0.002728816819
17,0.42500000,65,7,3,7,4,7.000000,3.500000,3.041381265149,0.363253424683,0.363297567998,0.000044143315
17,0.42500000,66,8,3,8,4,8.000000,3.500000,4.031128874149,0.381116357608,0.381116696883,0.000000339275
17,0.42500000,67,1,4,1,5,1.000000,4.500000,3.354101966250,0.382346340383,0.382347570682,0.000001230299
17,0.42500000,68,2,4,2,5,2.000000,4.500000,2.500000000000,0.364837817226,0.364964532547,0.000126715321
17,0.42500000,69,3,4,3,5,3.000000,4.500000,1.802775637732,0.361647772053,0.366892558654,0.005244786600
17,0.42500000,70,4,4,4,5,4.000000,4.500000,1.500000000000,0.361593285493,0.400536807333,0.038943521840
17,0.42500000,71,5,4,5,5,5.000000,4.500000,1.802775637732,0.361593285479,0.366839559673,0.005246274193
17,0.42500000,72,6,4,6,5,6.000000,4.500000,2.500000000000,0.361647772039,0.361776948855,0.000129176816
17,0.42500000,73,7,4,7,5,7.000000,4.500000,3.354101966250,0.364837817226,0.364839139173,0.000001321947
17,0.42500000,74,8,4,8,5,8.000000,4.500000,4.272001872659,0.382346340384,0.382346347445,0.000000007061
17,0.42500000,75,1,5,1,6,1.000000,5.500000,3.905124837953,0.393033968378,0.393033978890,0.000000010512
17,0.42500000,76,2,5,2,6,2.000000,5.500000,3.201562118716,0.381717711339,0.381719045704,0.000001334365
17,0.42500000,77,3,5,3,6,3.000000,5.500000,2.692582403567,0.379230411424,0.379315565749,0.000085154325
17,0.42500000,78,4,5,4,6,4.000000,5.500000,2.500000000000,0.379196312926,0.380894906433,0.001698593506
17,0.42500000,79,5,5,5,6,5.000000,5.500000,2.692582403567,0.379196312928,0.379281445332,0.000085132405
17,0.42500000,80,6,5,6,6,6.000000,5.500000,3.201562118716,0.379230411428,0.379231736166,0.000001324738
17,0.42500000,81,7,5,7,6,7.000000,5.500000,3.905124837953,0.381717711337,0.381717721300,0.000000009963
17,0.42500000,82,8,5,8,6,8.000000,5.500000,4.716990566028,0.393033968378,0.393033968424,0.000000000046
18,0.45000000,1,1,1,2,1,1.500000,1.000000,3.201562118716,0.373116210704,0.373118483223,0.000002272519
18,0.45000000,2,2,1,3,1,2.500000,1.000000,2.500000000000,0.367835809595,0.368003393791,0.000167584196
18,0.45000000,3,3,1,4,1,3.500000,1.000000,2.061552812809,0.366320094484,0.369518599054,0.003198504570
18,0.45000000,4,4,1,5,1,4.500000,1.000000,2.061552812809,0.366298845287,0.369497624095,0.003198778808
18,0.45000000,5,5,1,6,1,5.500000,1.000000,2.500000000000,0.366320094492,0.366488875450,0.000168780958
18,0.45000000,6,6,1,7,1,6.500000,1.000000,3.201562118716,0.367835809586,0.367838671346,0.000002861761
18,0.45000000,7,7,1,8,1,7.500000,1.000000,4.031128874149,0.373116210699,0.373116229522,0.000000018822
18,0.45000000,8,1,2,2,2,1.500000,2.000000,2.692582403567,0.374641382222,0.374751857942,0.000110475720
18,0.45000000,9,2,2,3,2,2.500000,2.000000,1.802775637732,0.361484215587,0.367512010608,0.006027795021
18,0.45000000,10,3,2,4,2,3.500000,2.000000,1.118033988750,0.359601241839,0.395535209014,0.035933967175
18,0.45000000,11,4,2,5,2,4.500000,2.000000,1.118033988750,0.359562872111,0.395514639365,0.035951767255
18,0.45000000,12,5,2,6,2,5.500000,2.000000,1.802775637732,0.359601241849,0.365753734968,0.006152493119
18,0.45000000,13,6,2,7,2,6.500000,2.000000,2.692582403567,0.361484215587,0.361662336768,0.000178121181
18,0.45000000,14,7,2,8,2,7.500000,2.000000,3.640054944640,0.374641382222,0.374642768519,0.000001386298
18,0.45000000,15,1,3,2,3,1.500000,3.000000,2.500000000000,0.371777795852,0.373486911354,0.001709115503
18,0.45000000,16,2,3,3,3,2.500000,3.000000,1.500000000000,0.357782215136,0.391888647050,0.034106431914
18,0.45000000,17,3,3,4,3,3.500000,3.000000,0.500000000000,0.355833917443,0.510236953860,0.154403036416
18,0.45000000,18,4,3,5,3,4.500000,3.000000,0.500000000000,0.355793618395,0.510195171335,0.154401552940
18,0.45000000,19,5,3,6,3,5.500000,3.000000,1.500000000000,0.355833917429,0.391167375184,0.035333457755
18,0.45000000,20,6,3,7,3,6.500000,3.000000,2.500000000000,0.357782215150,0.360805416372,0.003023201222
18,0.45000000,21,7,3,8,3,7.500000,3.000000,3.500000000000,0.371777795852,0.371813827042,0.000036031190
18,0.45000000,22,1,4,2,4,1.500000,4.000000,2.692582403567,0.371777795860,0.371885189926,0.000107394066
18,0.45000000,23,2,4,3,4,2.500000,4.000000,1.802775637732,0.357782215136,0.363915559688,0.006133344551
18,0.45000000,24,3,4,4,4,3.500000,4.000000,1.118033988750,0.355833917421,0.392321972073,0.036488054651
18,0.45000000,25,4,4,5,4,4.500000,4.000000,1.118033988750,0.355793618410,0.392302442949,0.036508824540
18,0.45000000,26,5,4,6,4,5.500000,4.000000,1.802775637732,0.355833917430,0.362110904058,0.006276986628
18,0.45000000,27,6,4,7,4,6.500000,4.000000,2.692582403567,0.357782215150,0.357965200511,0.000182985362
18,0.45000000,28,7,4,8,4,7.500000,4.000000,3.640054944640,0.371777795855,0.371779153630,0.000001357774
18,0.45000000,29,1,5,2,5,1.500000,5.000000,3.201562118716,0.374641382226,0.374643469783,0.000002087557
18,0.45000000,30,2,5,3,5,2.500000,5.000000,2.500000000000,0.361484215588,0.361664852585,0.000180636998
18,0.45000000,31,3,5,4,5,3.500000,5.000000,2.061552812809,0.359601241834,0.362767836876,0.003166595041
18,0.45000000,32,4,5,5,5,4.500000,5.000000,2.061552812809,0.359562872117,0.362730705889,0.003167833771
18,0.45000000,33,5,5,6,5,5.500000,5.000000,2.500000000000,0.359601241850,0.359785657781,0.000184415931
18,0.45000000,34,6,5,7,5,6.500000,5.000000,3.201562118716,0.361484215584,0.361487584742,0.000003369158
18,0.45000000,35,7,5,8,5,7.500000,5.000000,4.031128874149,0.374641382228,0.374641401135,0.000000018907
18,0.45000000,36,1,6,2,6,1.500000,6.000000,3.905124837953,0.373116210699,0.373116232464,0.000000021765
18,0.45000000,37,2,6,3,6,2.500000,6.000000,3.354101966250,0.367835809595,0.367837997004,0.000002187409
18,0.45000000,38,3,6,4,6,3.500000,6.000000,3.041381265149,0.366320094477,0.366384182924,0.000064088447
18,0.45000000,39,4,6,5,6,4.500000,6.000000,3.041381265149,0.366298845293,0.366362939631,0.000064094338
18,0.45000000,40,5,6,6,6,5.500000,6.000000,3.354101966250,0.366320094496,0.366322298311,0.000002203814
18,0.45000000,41,6,6,7,6,6.500000,6.000000,3.905124837953,0.367835809590,0.367835837247,0.000000027658
18,0.45000000,42,7,6,8,6,7.500000,6.000000,4.609772228646,0.373116210697,0.373116210838,0.000000000141
18,0.45000000,43,1,1,1,2,1.000000,1.500000,3.354101966250,0.373116211043,0.373117928726,0.000001717683
18,0.45000000,44,2,1,2,2,2.000000,1.500000,2.500000000000,0.374641381696,0.374752697629,0.000111315934
18,0.45000000,45,3,1,3,2,3.000000,1.500000,1.802775637732,0.371777432213,0.375385917117,0.003608484904
18,0.45000000,46,4,1,4,2,4.000000,1.500000,1.500000000000,0.371728941621,0.383806572593,0.012077630972
18,0.45000000,47,5,1,5,2,5.000000,1.500000,1.802775637732,0.371728941617,0.375334481900,0.003605540283
18,0.45000000,48,6,1,6,2,6.000000,1.500000,2.500000000000,0.371777432207,0.371884980327,0.000107548120
18,0.45000000,49,7,1,7,2,7.000000,1.500000,3.354101966250,0.374641381699,0.374642778654,0.000001396955
18,0.45000000,50,8,1,8,2,8.000000,1.500000,4.272001872659,0.373116211049,0.373116222816,0.000000011767
18,0.45000000,51,1,2,1,3,1.000000,2.500000,3.041381265149,0.367835935870,0.367899547528,0.000063611658
18,0.45000000,52,2,2,2,3,2.000000,2.500000,2.061552812809,0.361484560606,0.364583765259,0.003099204654
18,0.45000000,53,3,2,3,3,3.000000,2.500000,1.118033988750,0.357781855408,0.393170731717,0.035388876309
18,0.45000000,54,4,2,4,3,4.000000,2.500000,0.500000000000,0.357703301588,0.512284651142,0.154581349554
18,0.45000000,55,5,2,5,3,5.000000,2.500000,1.118033988750,0.357703301588,0.393100863291,0.035397561703
18,0.45000000,56,6,2,6,3,6.000000,2.500000,2.061552812809,0.357781855409,0.360921920429,0.003140065020
18,0.45000000,57,7,2,7,3,7.000000,2.500000,3.041381265149,0.361484560594,0.361546888122,0.000062327527
18,0.45000000,58,8,2,8,3,8.000000,2.500000,4.031128874149,0.367835935863,0.367836534584,0.000000598721
18,0.45000000,59,1,3,1,4,1.000000,3.500000,3.041381265149,0.366341595301,0.366405682624,0.000064087323
18,0.45000000,60,2,3,2,4,2.000000,3.500000,2.061552812809,0.359640301246,0.362806808035,0.003166506789
18,0.45000000,61,3,3,3,4,3.000000,3.500000,1.118033988750,0.355874198472,0.392369342747,0.036495144275
18,0.45000000,62,4,3,4,4,4.000000,3.500000,0.500000000000,0.355793618401,0.510196815539,0.154403197138
18,0.45000000,63,5,3,5,4,5.000000,3.500000,1.118033988750,0.355793618416,0.392300503592,0.036506885176
18,0.45000000,64,6,3,6,4,6.000000,3.500000,2.061552812809,0.355874198473,0.359090997717,0.003216799244
18,0.45000000,65,7,3,7,4,7.000000,3.500000,3.041381265149,0.359640301246,0.359703945717,0.000063644471
18,0.45000000,66,8,3,8,4,8.000000,3.500000,4.031128874149,0.366341595308,0.366342198686,0.000000603378
18,0.45000000,67,1,4,1,5,1.000000,4.500000,3.354101966250,0.367835935859,0.367838122995,0.000002187137
18,0.45000000,68,2,4,2,5,2.000000,4.500000,2.500000000000,0.361484560590,0.361665181594,0.000180621004
18,0.45000000,69,3,4,3,5,3.000000,4.500000,1.802775637732,0.357781855428,0.363915237625,0.006133382197
18,0.45000000,70,4,4,4,5,4.000000,4.500000,1.500000000000,0.357703301595,0.391823039161,0.034119737566
18,0.45000000,71,5,4,5,5,5.000000,4.500000,1.802775637732,0.357703301576,0.363838835186,0.006135533610
18,0.45000000,72,6,4,6,5,6.000000,4.500000,2.500000000000,0.357781855409,0.357965975104,0.000184119695
18,0.45000000,73,7,4,7,5,7.000000,4.500000,3.354101966250,0.361484560591,0.361486840453,0.000002279862
18,0.45000000,74,8,4,8,5,8.000000,4.500000,4.272001872659,0.367835935860,0.367835951039,0.000000015179
18,0.45000000,75,1,5,1,6,1.000000,5.500000,3.905124837953,0.373116211047,0.373116232811,0.000000021764
18,0.45000000,76,2,5,2,6,2.000000,5.500000,3.201562118716,0.374641381701,0.374643469259,0.000002087558
18,0.45000000,77,3,5,3,6,3.000000,5.500000,2.692582403567,0.371777432206,0.371884832937,0.000107400731
18,0.45000000,78,4,5,4,6,4.000000,5.500000,2.500000000000,0.371728941619,0.373436554855,0.001707613236
18,0.45000000,79,5,5,5,6,5.000000,5.500000,2.692582403567,0.371728941621,0.371836247845,0.000107306224
18,0.45000000,80,6,5,6,6,6.000000,5.500000,3.201562118716,0.371777432210,0.371779456962,0.000002024752
18,0.45000000,81,7,5,7,6,7.000000,5.500000,3.905124837953,0.374641381699,0.374641400644,0.000000018945
18,0.45000000,82,8,5,8,6,8.000000,5.500000,4.716990566028,0.373116211048,0.373116211163,0.000000000116
19,0.47500000,1,1,1,2,1,1.500000,1.000000,3.201562118716,0.350977148564,0.350980796672,0.000003648108
19,0.47500000,2,2,1,3,1,2.500000,1.000000,2.500000000000,0.352057849581,0.352293901454,0.000236051873
19,0.47500000,3,3,1,4,1,3.500000,1.000000,2.061552812809,0.350290032716,0.354032151812,0.003742119096
19,0.47500000,4,4,1,5,1,4.500000,1.000000,2.061552812809,0.350258804048,0.354001439975,0.003742635927
19,0.47500000,5,5,1,6,1,5.500000,1.000000,2.500000000000,0.350290032726,0.350528455682,0.000238422955
19,0.47500000,6,6,1,7,1,6.500000,1.000000,3.201562118716,0.352057849570,0.352062659209,0.000004809639
19,0.47500000,7,7,1,8,1,7.500000,1.000000,4.031128874149,0.350977148559,0.350977184762,0.000000036203
19,0.47500000,8,1,2,2,2,1.500000,2.000000,2.692582403567,0.366816230396,0.366949291716,0.000133061320
19,0.47500000,9,2,2,3,2,2.500000,2.000000,1.802775637732,0.357889129398,0.364678721877,0.006789592479
19,0.47500000,10,3,2,4,2,3.500000,2.000000,1.118033988750,0.355774141315,0.386119139841,0.030344998527
19,0.47500000,11,4,2,5,2,4.500000,2.000000,1.118033988750,0.355721351844,0.386093024586,0.030371672742
19,0.47500000,12,5,2,6,2,5.500000,2.000000,1.802775637732,0.355774141328,0.362762701250,0.006988559922
19,0.47500000,13,6,2,7,2,6.500000,2.000000,2.692582403567,0.357889129398,0.358130811139,0.000241681741
19,0.47500000,14,7,2,8,2,7.500000,2.000000,3.640054944640,0.366816230394,0.366818233068,0.000002002674
19,0.47500000,15,1,3,2,3,1.500000,3.000000,2.500000000000,0.363675671823,0.365220300200,0.001544628377
19,0.47500000,16,2,3,3,3,2.500000,3.000000,1.500000000000,0.353773366285,0.382087722414,0.028314356129
19,0.47500000,17,3,3,4,3,3.500000,3.000000,0.500000000000,0.351577874671,0.510394633985,0.158816759314
19,0.47500000,18,4,3,5,3,4.500000,3.000000,0.500000000000,0.351522233123,0.510324334885,0.158802101762
19,0.47500000,19,5,3,6,3,5.500000,3.000000,1.500000000000,0.351577874654,0.381574896802,0.029997022148
19,0.47500000,20,6,3,7,3,6.500000,3.000000,2.500000000000,0.353773366303,0.357139777641,0.003366411339
19,0.47500000,21,7,3,8,3,7.500000,3.000000,3.500000000000,0.363675671823,0.363717003563,0.000041331740
19,0.47500000,22,1,4,2,4,1.500000,4.000000,2.692582403567,0.363675671834,0.363799780060,0.000124108226
19,0.47500000,23,2,4,3,4,2.500000,4.000000,1.802775637732,0.353773366285,0.360672152634,0.006898786348
19,0.47500000,24,3,4,4,4,3.500000,4.000000,1.118033988750,0.351577874643,0.382426218506,0.030848343863
19,0.47500000,25,4,4,5,4,4.500000,4.000000,1.118033988750,0.351522233142,0.382402893496,0.030880660354
19,0.47500000,26,5,4,6,4,5.500000,4.000000,1.802775637732,0.351577874654,0.358712610170,0.007134735515
19,0.47500000,27,6,4,7,4,6.500000,4.000000,2.692582403567,0.353773366303,0.354021370238,0.000248003935
19,0.47500000,28,7,4,8,4,7.500000,4.000000,3.640054944640,0.363675671828,0.363677550305,0.000001878477
19,0.47500000,29,1,5,2,5,1.500000,5.000000,3.201562118716,0.366816230401,0.366819251161,0.000003020761
19,0.47500000,30,2,5,3,5,2.500000,5.000000,2.500000000000,0.357889129400,0.358134760728,0.000245631328
19,0.47500000,31,3,5,4,5,3.500000,5.000000,2.061552812809,0.355774141310,0.359367838633,0.003593697323
19,0.47500000,32,4,5,5,5,4.500000,5.000000,2.061552812809,0.355721351854,0.359317388261,0.003596036407
19,0.47500000,33,5,5,6,5,5.500000,5.000000,2.500000000000,0.355774141330,0.356027007289,0.000252865959
19,0.47500000,34,6,5,7,5,6.500000,5.000000,3.201562118716,0.357889129396,0.357894587825,0.000005458429
19,0.47500000,35,7,5,8,5,7.500000,5.000000,4.031128874149,0.366816230403,0.366816263247,0.000000032843
19,0.47500000,36,1,6,2,6,1.500000,6.000000,3.905124837953,0.350977148560,0.350977190146,0.000000041586
19,0.47500000,37,2,6,3,6,2.500000,6.000000,3.354101966250,0.352057849581,0.352061505332,0.000003655751
19,0.47500000,38,3,6,4,6,3.500000,6.000000,3.041381265149,0.350290032707,0.350380156637,0.000090123930
19,0.47500000,39,4,6,5,6,4.500000,6.000000,3.041381265149,0.350258804056,0.350348941534,0.000090137478
19,0.47500000,40,5,6,6,6,5.500000,6.000000,3.354101966250,0.350290032732,0.350293727151,0.000003694419
19,0.47500000,41,6,6,7,6,6.500000,6.000000,3.905124837953,0.352057849576,0.352057904890,0.000000055314
19,0.47500000,42,7,6,8,6,7.500000,6.000000,4.609772228646,0.350977148558,0.350977148881,0.000000000324
19,0.47500000,43,1,1,1,2,1.000000,1.500000,3.354101966250,0.350977149255,0.350979888741,0.000002739486
19,0.47500000,44,2,1,2,2,2.000000,1.500000,2.500000000000,0.366816229220,0.366950796864,0.000134567644
19,0.47500000,45,3,1,3,2,3.000000,1.500000,1.802775637732,0.363675095261,0.367116322922,0.003441227661
19,0.47500000,46,4,1,4,2,4.000000,1.500000,1.500000000000,0.363609354154,0.366628578015,0.003019223861
19,0.47500000,47,5,1,5,2,5.000000,1.500000,1.802775637732,0.363609354149,0.367043521089,0.003434166940
19,0.47500000,48,6,1,6,2,6.000000,1.500000,2.500000000000,0.363675095253,0.363799977226,0.000124881972
19,0.47500000,49,7,1,7,2,7.000000,1.500000,3.354101966250,0.366816229225,0.366818254798,0.000002025573
19,0.47500000,50,8,1,8,2,8.000000,1.500000,4.272001872659,0.350977149262,0.350977171606,0.000000022344
19,0.47500000,51,1,2,1,3,1.000000,2.500000,3.041381265149,0.352058072720,0.352147284728,0.000089212009
19,0.47500000,52,2,2,2,3,2.000000,2.500000,2.061552812809,0.357889689760,0.361375908597,0.003486218837
19,0.47500000,53,3,2,3,3,3.000000,2.500000,1.118033988750,0.353772771705,0.383178455052,0.029405683347
19,0.47500000,54,4,2,4,3,4.000000,2.500000,0.500000000000,0.353664613850,0.513266639398,0.159602025549
19,0.47500000,55,5,2,5,3,5.000000,2.500000,1.118033988750,0.353664613850,0.383078548206,0.029413934356
19,0.47500000,56,6,2,6,3,6.000000,2.500000,2.061552812809,0.353772771706,0.357297828149,0.003525056443
19,0.47500000,57,7,2,7,3,7.000000,2.500000,3.041381265149,0.357889689746,0.357974859274,0.000085169528
19,0.47500000,58,8,2,8,3,8.000000,2.500000,4.031128874149,0.352058072712,0.352059070908,0.000000998196
19,0.47500000,59,1,3,1,4,1.000000,3.500000,3.041381265149,0.350321705655,0.350411851715,0.000090146061
19,0.47500000,60,2,3,2,4,2.000000,3.500000,2.061552812809,0.355828050713,0.359422287866,0.003594237153
19,0.47500000,61,3,3,3,4,3.000000,3.500000,1.118033988750,0.351633472944,0.382496763452,0.030863290508
19,0.47500000,62,4,3,4,4,4.000000,3.500000,0.500000000000,0.351522233129,0.510327558386,0.158805325257
19,0.47500000,63,5,3,5,4,5.000000,3.500000,1.118033988750,0.351522233148,0.382399610059,0.030877376911
19,0.47500000,64,6,3,6,4,6.000000,3.500000,2.061552812809,0.351633472945,0.355285050329,0.003651577384
19,0.47500000,65,7,3,7,4,7.000000,3.500000,3.041381265149,0.355828050712,0.355915753305,0.000087702593
19,0.47500000,66,8,3,8,4,8.000000,3.500000,4.031128874149,0.350321705663,0.350322714856,0.000001009193
19,0.47500000,67,1,4,1,5,1.000000,4.500000,3.354101966250,0.352058072706,0.352061727853,0.000003655147
19,0.47500000,68,2,4,2,5,2.000000,4.500000,2.500000000000,0.357889689741,0.358135293277,0.000245603535
19,0.47500000,69,3,4,3,5,3.000000,4.500000,1.802775637732,0.353772771731,0.360671635322,0.006898863591
19,0.47500000,70,4,4,4,5,4.000000,4.500000,1.500000000000,0.353664613858,0.381996165466,0.028331551608
19,0.47500000,71,5,4,5,5,5.000000,4.500000,1.802775637732,0.353664613834,0.360566182631,0.006901568797
19,0.47500000,72,6,4,6,5,6.000000,4.500000,2.500000000000,0.353772771707,0.354022635819,0.000249864112
19,0.47500000,73,7,4,7,5,7.000000,4.500000,3.354101966250,0.357889689742,0.357893391471,0.000003701729
19,0.47500000,74,8,4,8,5,8.000000,4.500000,4.272001872659,0.352058072707,0.352058102931,0.000000030224
19,0.47500000,75,1,5,1,6,1.000000,5.500000,3.905124837953,0.350977149259,0.350977190845,0.000000041586
19,0.47500000,76,2,5,2,6,2.000000,5.500000,3.201562118716,0.366816229228,0.366819249991,0.000003020763
19,0.47500000,77,3,5,3,6,3.000000,5.500000,2.692582403567,0.363675095252,0.363799209022,0.000124113771
19,0.47500000,78,4,5,4,6,4.000000,5.500000,2.500000000000,0.363609354152,0.365150308263,0.001540954111
19,0.47500000,79,5,5,5,6,5.000000,5.500000,2.692582403567,0.363609354153,0.363733179626,0.000123825473
19,0.47500000,80,6,5,6,6,6.000000,5.500000,3.201562118716,0.363675095257,0.363677902466,0.000002807209
19,0.47500000,81,7,5,7,6,7.000000,5.500000,3.905124837953,0.366816229226,0.366816262166,0.000000032941
19,0.47500000,82,8,5,8,6,8.000000,5.500000,4.716990566028,0.350977149260,0.350977149525,0.000000000265
20,0.50000000,1,1,1,2,1,1.500000,1.000000,3.201562118716,0.328198904400,0.328204424805,0.000005520405
20,0.50000000,2,2,1,3,1,2.500000,1.000000,2.500000000000,0.336224055664,0.336542787594,0.000318731931
20,0.50000000,3,3,1,4,1,3.500000,1.000000,2.061552812809,0.334252689732,0.338481908636,0.004229218905
20,0.50000000,4,4,1,5,1,4.500000,1.000000,2.061552812809,0.334208666880,0.338438779080,0.004230112200
20,0.50000000,5,5,1,6,1,5.500000,1.000000,2.500000000000,0.334252689744,0.334575793826,0.000323104082
20,0.50000000,6,6,1,7,1,6.500000,1.000000,3.201562118716,0.336224055651,0.336231707144,0.000007651493
20,0.50000000,7,7,1,8,1,7.500000,1.000000,4.031128874149,0.328198904393,0.328198969226,0.000000064833
20,0.50000000,8,1,2,2,2,1.500000,2.000000,2.692582403567,0.358962696932,0.359112259252,0.000149562320
20,0.50000000,9,2,2,3,2,2.500000,2.000000,1.802775637732,0.354493902618,0.361876770164,0.007382867545
20,0.50000000,10,3,2,4,2,3.500000,2.000000,1.118033988750,0.352209366603,0.376429220770,0.024219854167
20,0.50000000,11,4,2,5,2,4.500000,2.000000,1.118033988750,0.352139607128,0.376396618395,0.024257011267
20,0.50000000,12,5,2,6,2,5.500000,2.000000,1.802775637732,0.352209366619,0.359891475484,0.007682108865
20,0.50000000,13,6,2,7,2,6.500000,2.000000,2.692582403567,0.354493902618,0.354808117247,0.000314214629
20,0.50000000,14,7,2,8,2,7.500000,2.000000,3.640054944640,0.358962696931,0.358965378913,0.000002681983
20,0.50000000,15,1,3,2,3,1.500000,3.000000,2.500000000000,0.355693297454,0.356867086856,0.001173789402
20,0.50000000,16,2,3,3,3,2.500000,3.000000,1.500000000000,0.350115417974,0.372131130541,0.022015712567
20,0.50000000,17,3,3,4,3,3.500000,3.000000,0.500000000000,0.347738292970,0.512277517411,0.164539224441
20,0.50000000,18,4,3,5,3,4.500000,3.000000,0.500000000000,0.347664642262,0.512165625253,0.164500982991
20,0.50000000,19,5,3,6,3,5.500000,3.000000,1.500000000000,0.347738292947,0.371958309028,0.024220016081
20,0.50000000,20,6,3,7,3,6.500000,3.000000,2.500000000000,0.350115417995,0.353707321443,0.003591903447
20,0.50000000,21,7,3,8,3,7.500000,3.000000,3.500000000000,0.355693297454,0.355735452655,0.000042155201
20,0.50000000,22,1,4,2,4,1.500000,4.000000,2.692582403567,0.355693297469,0.355822265105,0.000128967636
20,0.50000000,23,2,4,3,4,2.500000,4.000000,1.802775637732,0.350115417975,0.357585786977,0.007470369002
20,0.50000000,24,3,4,4,4,3.500000,4.000000,1.118033988750,0.347738292935,0.372325668936,0.024587376002
20,0.50000000,25,4,4,5,4,4.500000,4.000000,1.118033988750,0.347664642285,0.372299172520,0.024634530235
20,0.50000000,26,5,4,6,4,5.500000,4.000000,1.802775637732,0.347738292947,0.355575472932,0.007837179985
20,0.50000000,27,6,4,7,4,6.500000,4.000000,2.692582403567,0.350115417996,0.350436475008,0.000321057012
20,0.50000000,28,7,4,8,4,7.500000,4.000000,3.640054944640,0.355693297461,0.355695615233,0.000002317772
20,0.50000000,29,1,5,2,5,1.500000,5.000000,3.201562118716,0.358962696938,0.358966752856,0.000004055918
20,0.50000000,30,2,5,3,5,2.500000,5.000000,2.500000000000,0.354493902620,0.354813949307,0.000320046687
20,0.50000000,31,3,5,4,5,3.500000,5.000000,2.061552812809,0.352209366595,0.356145759349,0.003936392753
20,0.50000000,32,4,5,5,5,4.500000,5.000000,2.061552812809,0.352139607139,0.356080112127,0.003940504988
20,0.50000000,33,5,5,6,5,5.500000,5.000000,2.500000000000,0.352209366619,0.352542343461,0.000332976842
20,0.50000000,34,6,5,7,5,6.500000,5.000000,3.201562118716,0.354493902614,0.354502281203,0.000008378590
20,0.50000000,35,7,5,8,5,7.500000,5.000000,4.031128874149,0.358962696941,0.358962749439,0.000000052498
20,0.50000000,36,1,6,2,6,1.500000,6.000000,3.905124837953,0.328198904394,0.328198978385,0.000000073991
20,0.50000000,37,2,6,3,6,2.500000,6.000000,3.354101966250,0.336224055665,0.336229835297,0.000005779632
20,0.50000000,38,3,6,4,6,3.500000,6.000000,3.041381265149,0.334252689721,0.334374041487,0.000121351766
20,0.50000000,39,4,6,5,6,4.500000,6.000000,3.041381265149,0.334208666888,0.334330047159,0.000121380271
20,0.50000000,40,5,6,6,6,5.500000,6.000000,3.354101966250,0.334252689749,0.334258553197,0.000005863448
20,0.50000000,41,6,6,7,6,6.500000,6.000000,3.905124837953,0.336224055656,0.336224158981,0.000000103325
20,0.50000000,42,7,6,8,6,7.500000,6.000000,4.609772228646,0.328198904391,0.328198905074,0.000000000682
20,0.50000000,43,1,1,1,2,1.000000,1.500000,3.354101966250,0.328198905700,0.328203023436,0.000004117736
20,0.50000000,44,2,1,2,2,2.000000,1.500000,2.500000000000,0.358962694466,0.359114831926,0.000152137460
20,0.50000000,45,3,1,3,2,3.000000,1.500000,1.802775637732,0.355692431404,0.358634720245,0.002942288841
20,0.50000000,46,4,1,4,2,4.000000,1.500000,1.500000000000,0.355607044089,0.349587411311,-0.006019632777
20,0.50000000,47,5,1,5,2,5.000000,1.500000,1.802775637732,0.355607044081,0.358534572578,0.002927528497
20,0.50000000,48,6,1,6,2,6.000000,1.500000,2.500000000000,0.355692431394,0.355823518569,0.000131087175
20,0.50000000,49,7,1,7,2,7.000000,1.500000,3.354101966250,0.358962694473,0.358965422754,0.000002728281
20,0.50000000,50,8,1,8,2,8.000000,1.500000,4.272001872659,0.328198905709,0.328198945203,0.000000039494
20,0.50000000,51,1,2,1,3,1.000000,2.500000,3.041381265149,0.336224429292,0.336344167774,0.000119738482
20,0.50000000,52,2,2,2,3,2.000000,2.500000,2.061552812809,0.354494765715,0.358269640335,0.003774874620
20,0.50000000,53,3,2,3,3,3.000000,2.500000,1.118033988750,0.350114481272,0.372904995323,0.022790514051
20,0.50000000,54,4,2,4,3,4.000000,2.500000,0.500000000000,0.349971672597,0.516129075712,0.166157403115
20,0.50000000,55,5,2,5,3,5.000000,2.500000,1.118033988750,0.349971672596,0.372766927436,0.022795254840
20,0.50000000,56,6,2,6,3,6.000000,2.500000,2.061552812809,0.350114481273,0.353913108249,0.003798626976
20,0.50000000,57,7,2,7,3,7.000000,2.500000,3.041381265149,0.354494765697,0.354606239270,0.000111473573
20,0.50000000,58,8,2,8,3,8.000000,2.500000,4.031128874149,0.336224429283,0.336226002565,0.000001573281
20,0.50000000,59,1,3,1,4,1.000000,3.500000,3.041381265149,0.334297455743,0.334418901729,0.000121445986
20,0.50000000,60,2,3,2,4,2.000000,3.500000,2.061552812809,0.352280850564,0.356219251916,0.003938401353
20,0.50000000,61,3,3,3,4,3.000000,3.500000,1.118033988750,0.347811847164,0.372426039093,0.024614191930
20,0.50000000,62,4,3,4,4,4.000000,3.500000,0.500000000000,0.347664642273,0.512171506950,0.164506864677
20,0.50000000,63,5,3,5,4,5.000000,3.500000,1.118033988750,0.347664642297,0.372293977104,0.024629334807
20,0.50000000,64,6,3,6,4,6.000000,3.500000,2.061552812809,0.347811847164,0.351807985931,0.003996138767
20,0.50000000,65,7,3,7,4,7.000000,3.500000,3.041381265149,0.352280850562,0.352396876104,0.000116025542
20,0.50000000,66,8,3,8,4,8.000000,3.500000,4.031128874149,0.334297455753,0.334299052959,0.000001597206
20,0.50000000,67,1,4,1,5,1.000000,4.500000,3.354101966250,0.336224429276,0.336230207724,0.000005778449
20,0.50000000,68,2,4,2,5,2.000000,4.500000,2.500000000000,0.354494765691,0.354814769361,0.000320003669
20,0.50000000,69,3,4,3,5,3.000000,4.500000,1.802775637732,0.350114481304,0.357584997591,0.007470516286
20,0.50000000,70,4,4,4,5,4.000000,4.500000,1.500000000000,0.349971672607,0.372008136434,0.022036463828
20,0.50000000,71,5,4,5,5,5.000000,4.500000,1.802775637732,0.349971672576,0.357444903214,0.007473230638
20,0.50000000,72,6,4,6,5,6.000000,4.500000,2.500000000000,0.350114481273,0.350438442659,0.000323961385
20,0.50000000,73,7,4,7,5,7.000000,4.500000,3.354101966250,0.354494765691,0.354500459523,0.000005693831
20,0.50000000,74,8,4,8,5,8.000000,4.500000,4.272001872659,0.336224429277,0.336224485451,0.000000056174
20,0.50000000,75,1,5,1,6,1.000000,5.500000,3.905124837953,0.328198905707,0.328198979694,0.000000073987
20,0.50000000,76,2,5,2,6,2.000000,5.500000,3.201562118716,0.358962694477,0.358966750402,0.000004055925
20,0.50000000,77,3,5,3,6,3.000000,5.500000,2.692582403567,0.355692431391,0.355821393014,0.000128961622
20,0.50000000,78,4,5,4,6,4.000000,5.500000,2.500000000000,0.355607044085,0.356773053136,0.001166009051
20,0.50000000,79,5,5,5,6,5.000000,5.500000,2.692582403567,0.355607044086,0.355735270791,0.000128226705
20,0.50000000,80,6,5,6,6,6.000000,5.500000,3.201562118716,0.355692431397,0.355695915418,0.000003484020
20,0.50000000,81,7,5,7,6,7.000000,5.500000,3.905124837953,0.358962694474,0.358962747203,0.000000052730
20,0.50000000,82,8,5,8,6,8.000000,5.500000,4.716990566028,0.328198905707,0.328198906262,0.000000000555
